-- phpMyAdmin SQL Dump
-- version 4.8.0.1
-- https://www.phpmyadmin.net/
--
-- Servidor: 127.0.0.1
-- Tiempo de generación: 14-03-2020 a las 01:06:31
-- Versión del servidor: 10.1.32-MariaDB
-- Versión de PHP: 7.2.5

SET SQL_MODE = "NO_AUTO_VALUE_ON_ZERO";
SET AUTOCOMMIT = 0;
START TRANSACTION;
SET time_zone = "+00:00";


/*!40101 SET @OLD_CHARACTER_SET_CLIENT=@@CHARACTER_SET_CLIENT */;
/*!40101 SET @OLD_CHARACTER_SET_RESULTS=@@CHARACTER_SET_RESULTS */;
/*!40101 SET @OLD_COLLATION_CONNECTION=@@COLLATION_CONNECTION */;
/*!40101 SET NAMES utf8mb4 */;

--
-- Base de datos: `historialdb`
--
CREATE DATABASE IF NOT EXISTS `historialdb` DEFAULT CHARACTER SET utf8 COLLATE utf8_general_ci;
USE `historialdb`;

-- --------------------------------------------------------

--
-- Estructura de tabla para la tabla `cultivos`
--

CREATE TABLE `cultivos` (
  `id` int(10) UNSIGNED NOT NULL,
  `cultivo` varchar(50) COLLATE utf8mb4_unicode_ci NOT NULL,
  `descripcion` text COLLATE utf8mb4_unicode_ci,
  `created_at` timestamp NULL DEFAULT NULL,
  `updated_at` timestamp NULL DEFAULT NULL
) ENGINE=InnoDB DEFAULT CHARSET=utf8mb4 COLLATE=utf8mb4_unicode_ci;

--
-- Volcado de datos para la tabla `cultivos`
--

INSERT INTO `cultivos` (`id`, `cultivo`, `descripcion`, `created_at`, `updated_at`) VALUES
(1, 'Cafe', 'Cultivo de cafe', '2018-10-16 06:10:46', '2018-10-16 06:10:46'),
(2, 'Platano', '', '2018-10-25 05:00:00', '2018-10-25 05:00:00'),
(3, 'Cacao', 'Campos obligatorios con * rojo', '2018-11-10 00:13:31', '2018-11-10 00:13:31'),
(4, 'Banano', 'Cultivo dulce', '2018-11-14 07:13:04', '2018-11-14 07:13:04');

-- --------------------------------------------------------

--
-- Estructura de tabla para la tabla `cultivo_finca`
--

CREATE TABLE `cultivo_finca` (
  `id` int(10) UNSIGNED NOT NULL,
  `finca_id` int(10) UNSIGNED NOT NULL,
  `cultivo_id` int(10) UNSIGNED NOT NULL,
  `created_at` timestamp NULL DEFAULT NULL,
  `updated_at` timestamp NULL DEFAULT NULL
) ENGINE=InnoDB DEFAULT CHARSET=utf8mb4 COLLATE=utf8mb4_unicode_ci;

--
-- Volcado de datos para la tabla `cultivo_finca`
--

INSERT INTO `cultivo_finca` (`id`, `finca_id`, `cultivo_id`, `created_at`, `updated_at`) VALUES
(1, 1, 1, '2018-10-16 06:10:46', '2018-10-16 06:10:46');

-- --------------------------------------------------------

--
-- Estructura de tabla para la tabla `departamentos`
--

CREATE TABLE `departamentos` (
  `id` int(10) UNSIGNED NOT NULL,
  `codigo` varchar(50) COLLATE utf8mb4_unicode_ci NOT NULL,
  `departamento` varchar(150) COLLATE utf8mb4_unicode_ci NOT NULL,
  `created_at` timestamp NULL DEFAULT NULL,
  `updated_at` timestamp NULL DEFAULT NULL
) ENGINE=InnoDB DEFAULT CHARSET=utf8mb4 COLLATE=utf8mb4_unicode_ci;

--
-- Volcado de datos para la tabla `departamentos`
--

INSERT INTO `departamentos` (`id`, `codigo`, `departamento`, `created_at`, `updated_at`) VALUES
(1, '05', 'Antioquia', '0000-00-00 00:00:00', '0000-00-00 00:00:00'),
(2, '08', 'Atlantico', '0000-00-00 00:00:00', '0000-00-00 00:00:00'),
(3, '11', 'Santa Fe de Bogota', '0000-00-00 00:00:00', '0000-00-00 00:00:00'),
(4, '13', 'Bolivar', '0000-00-00 00:00:00', '0000-00-00 00:00:00'),
(5, '15', 'Boyaca', '0000-00-00 00:00:00', '0000-00-00 00:00:00'),
(6, '17', 'Caldas', '0000-00-00 00:00:00', '0000-00-00 00:00:00'),
(7, '18', 'Caqueta', '0000-00-00 00:00:00', '0000-00-00 00:00:00'),
(8, '19', 'Cauca', '0000-00-00 00:00:00', '0000-00-00 00:00:00'),
(9, '20', 'Cesar', '0000-00-00 00:00:00', '0000-00-00 00:00:00'),
(10, '23', 'Cordoba', '0000-00-00 00:00:00', '0000-00-00 00:00:00'),
(11, '25', 'Cundinamarca', '0000-00-00 00:00:00', '0000-00-00 00:00:00'),
(12, '27', 'Choco', '0000-00-00 00:00:00', '0000-00-00 00:00:00'),
(13, '41', 'Huila', '0000-00-00 00:00:00', '0000-00-00 00:00:00'),
(14, '44', 'La Guajira', '0000-00-00 00:00:00', '0000-00-00 00:00:00'),
(15, '47', 'Magdalena', '0000-00-00 00:00:00', '0000-00-00 00:00:00'),
(16, '50', 'Meta', '0000-00-00 00:00:00', '0000-00-00 00:00:00'),
(17, '52', 'Narino', '0000-00-00 00:00:00', '0000-00-00 00:00:00'),
(18, '54', 'Norte De Santander', '0000-00-00 00:00:00', '0000-00-00 00:00:00'),
(19, '63', 'Quindio', '0000-00-00 00:00:00', '0000-00-00 00:00:00'),
(20, '66', 'Risaralda', '0000-00-00 00:00:00', '0000-00-00 00:00:00'),
(21, '68', 'Santander', '0000-00-00 00:00:00', '0000-00-00 00:00:00'),
(22, '70', 'Sucre', '0000-00-00 00:00:00', '0000-00-00 00:00:00'),
(23, '73', 'Tolima', '0000-00-00 00:00:00', '0000-00-00 00:00:00'),
(24, '76', 'Valle Del Cauca', '0000-00-00 00:00:00', '0000-00-00 00:00:00'),
(25, '81', 'Arauca', '0000-00-00 00:00:00', '0000-00-00 00:00:00'),
(26, '85', 'Casanare', '0000-00-00 00:00:00', '0000-00-00 00:00:00'),
(27, '86', 'Putumayo', '0000-00-00 00:00:00', '0000-00-00 00:00:00'),
(28, '88', 'San Andres', '0000-00-00 00:00:00', '0000-00-00 00:00:00'),
(29, '91', 'Amazonas', '0000-00-00 00:00:00', '0000-00-00 00:00:00'),
(30, '94', 'Guainia', '0000-00-00 00:00:00', '0000-00-00 00:00:00'),
(31, '95', 'Guaviare', '0000-00-00 00:00:00', '0000-00-00 00:00:00'),
(32, '97', 'Vaupes', '0000-00-00 00:00:00', '0000-00-00 00:00:00'),
(33, '99', 'Vichada', '0000-00-00 00:00:00', '0000-00-00 00:00:00');

-- --------------------------------------------------------

--
-- Estructura de tabla para la tabla `estados_fisicos`
--

CREATE TABLE `estados_fisicos` (
  `id` int(10) UNSIGNED NOT NULL,
  `descripcion` varchar(50) COLLATE utf8mb4_unicode_ci DEFAULT NULL,
  `periodo` date NOT NULL,
  `lote_id` int(10) UNSIGNED NOT NULL,
  `created_at` timestamp NULL DEFAULT NULL,
  `updated_at` timestamp NULL DEFAULT NULL
) ENGINE=InnoDB DEFAULT CHARSET=utf8mb4 COLLATE=utf8mb4_unicode_ci;

--
-- Volcado de datos para la tabla `estados_fisicos`
--

INSERT INTO `estados_fisicos` (`id`, `descripcion`, `periodo`, `lote_id`, `created_at`, `updated_at`) VALUES
(1, 'Zoca tradicional 4 años', '2008-01-01', 1, '2018-10-16 06:10:47', '2018-10-16 06:10:47'),
(2, 'Zoca tradicional 5 años', '2009-01-01', 1, '2018-10-16 06:10:47', '2018-10-16 06:10:47'),
(3, 'Zoca tradicional 1 año', '2010-01-01', 1, '2018-10-16 06:10:47', '2018-10-16 06:10:47'),
(4, 'Zoca tradicional 2 años', '2011-01-01', 1, '2018-10-16 06:10:47', '2018-10-16 06:10:47'),
(5, 'Zoca tradicional 3 años', '2012-01-01', 1, '2018-10-16 06:10:47', '2018-10-16 06:10:47'),
(6, 'Zoca tradicional 4 años', '2013-01-01', 1, '2018-10-16 06:10:47', '2018-10-16 06:10:47'),
(7, 'Zoca tradicional 5 años', '2014-01-01', 1, '2018-10-16 06:10:47', '2018-10-16 06:10:47'),
(8, 'Zoca pulmon 1 año', '2015-01-01', 1, '2018-10-16 06:10:47', '2018-10-16 06:10:47'),
(9, 'Zoca pulmon 2 años', '2016-01-01', 1, '2018-10-16 06:10:47', '2018-10-16 06:10:47'),
(10, 'Zoca pulmon 3 años', '2017-01-01', 1, '2018-10-16 06:10:47', '2018-10-16 06:10:47'),
(11, NULL, '2018-01-01', 1, '2018-10-16 06:10:47', '2018-10-16 06:10:47'),
(12, 'Zoca tradicional 4 años', '2008-01-01', 2, '2018-10-16 06:10:47', '2018-10-16 06:10:47'),
(13, 'Zoca tradicional 5 años', '2009-01-01', 2, '2018-10-16 06:10:47', '2018-10-16 06:10:47'),
(14, 'Zoca tradicional 1 año', '2010-01-01', 2, '2018-10-16 06:10:47', '2018-10-16 06:10:47'),
(15, 'Zoca tradicional 2 años', '2011-01-01', 2, '2018-10-16 06:10:47', '2018-10-16 06:10:47'),
(16, 'Zoca tradicional 3 años', '2012-01-01', 2, '2018-10-16 06:10:47', '2018-10-16 06:10:47'),
(17, 'Zoca tradicional 4 años', '2013-01-01', 2, '2018-10-16 06:10:47', '2018-10-16 06:10:47'),
(18, 'Zoca tradicional 5 años', '2014-01-01', 2, '2018-10-16 06:10:47', '2018-10-16 06:10:47'),
(19, 'Zoca pulmon 1 año', '2015-01-01', 2, '2018-10-16 06:10:47', '2018-10-16 06:10:47'),
(20, 'Zoca pulmon 2 años', '2016-01-01', 2, '2018-10-16 06:10:47', '2018-10-16 06:10:47'),
(21, 'Zoca pulmon 3 años', '2017-01-01', 2, '2018-10-16 06:10:47', '2018-10-16 06:10:47'),
(22, NULL, '2018-01-01', 2, '2018-10-16 06:10:47', '2018-10-16 06:10:47'),
(23, 'Zoca tradicional 2 años', '2008-01-01', 3, '2018-10-16 06:10:47', '2018-10-16 06:10:47'),
(24, 'Zoca tradicional 3 años', '2009-01-01', 3, '2018-10-16 06:10:47', '2018-10-16 06:10:47'),
(25, 'Zoca tradicional 4 años', '2010-01-01', 3, '2018-10-16 06:10:47', '2018-10-16 06:10:47'),
(26, 'Zoca tradicional 5 años', '2011-01-01', 3, '2018-10-16 06:10:47', '2018-10-16 06:10:47'),
(27, 'Zoca tradicional 6 años', '2012-01-01', 3, '2018-10-16 06:10:47', '2018-10-16 06:10:47'),
(28, 'Zoca Pulmon 1 año', '2013-01-01', 3, '2018-10-16 06:10:47', '2018-10-16 06:10:47'),
(29, 'Zoca Pulmon 2 años', '2014-01-01', 3, '2018-10-16 06:10:47', '2018-10-16 06:10:47'),
(30, 'Zoca pulmon 3 años', '2015-01-01', 3, '2018-10-16 06:10:47', '2018-10-16 06:10:47'),
(31, 'Zoca pulmon 4 años', '2016-01-01', 3, '2018-10-16 06:10:47', '2018-10-16 06:10:47'),
(32, 'Zoca pulmon 1 año', '2017-01-01', 3, '2018-10-16 06:10:47', '2018-10-16 06:10:47'),
(33, NULL, '2018-01-01', 3, '2018-10-16 06:10:47', '2018-10-16 06:10:47'),
(34, 'Siembra 3 años', '2008-01-01', 4, '2018-10-16 06:10:47', '2018-10-16 06:10:47'),
(35, 'Siembra 4 años', '2009-01-01', 4, '2018-10-16 06:10:47', '2018-10-16 06:10:47'),
(36, 'Siembra 5 años', '2010-01-01', 4, '2018-10-16 06:10:47', '2018-10-16 06:10:47'),
(37, 'Zoca tradicional 1 año', '2011-01-01', 4, '2018-10-16 06:10:47', '2018-10-16 06:10:47'),
(38, 'Zoca tradicional 2 años', '2012-01-01', 4, '2018-10-16 06:10:47', '2018-10-16 06:10:47'),
(39, 'Zoca Tradicional 3 años', '2013-01-01', 4, '2018-10-16 06:10:47', '2018-10-16 06:10:47'),
(40, 'Zoca Tradicional 4 años', '2014-01-01', 4, '2018-10-16 06:10:47', '2018-10-16 06:10:47'),
(41, 'Zoca Tradicional 5 años', '2015-01-01', 4, '2018-10-16 06:10:47', '2018-10-16 06:10:47'),
(42, NULL, '2016-01-01', 4, '2018-10-16 06:10:47', '2018-10-16 06:10:47'),
(43, NULL, '2017-01-01', 4, '2018-10-16 06:10:47', '2018-10-16 06:10:47'),
(44, NULL, '2018-01-01', 4, '2018-10-16 06:10:47', '2018-10-16 06:10:47'),
(45, 'Zoca Tradicional 1 año', '2008-01-01', 5, '2018-10-16 06:10:47', '2018-10-16 06:10:47'),
(46, 'Zoca Tradicional 2 años', '2009-01-01', 5, '2018-10-16 06:10:47', '2018-10-16 06:10:47'),
(47, 'Zoca Tradicional 3 años', '2010-01-01', 5, '2018-10-16 06:10:47', '2018-10-16 06:10:47'),
(48, 'Zoca Tradicional 4 años', '2011-01-01', 5, '2018-10-16 06:10:47', '2018-10-16 06:10:47'),
(49, 'Zoca Tradicional 5 años', '2012-01-01', 5, '2018-10-16 06:10:47', '2018-10-16 06:10:47'),
(50, 'Zoca Tradicional 6 años', '2013-01-01', 5, '2018-10-16 06:10:47', '2018-10-16 06:10:47'),
(51, 'Zoca Pulmon 1 año', '2014-01-01', 5, '2018-10-16 06:10:47', '2018-10-16 06:10:47'),
(52, 'Zoca Pulmon 2 años', '2015-01-01', 5, '2018-10-16 06:10:47', '2018-10-16 06:10:47'),
(53, 'Zoca Pulmon 3 años', '2016-01-01', 5, '2018-10-16 06:10:47', '2018-10-16 06:10:47'),
(54, 'Zoca Pulmon 4 años', '2017-01-01', 5, '2018-10-16 06:10:47', '2018-10-16 06:10:47'),
(55, NULL, '2018-01-01', 5, '2018-10-16 06:10:47', '2018-10-16 06:10:47'),
(56, 'Zoca Tradicional 3 años', '2008-01-01', 6, '2018-10-16 06:10:47', '2018-10-16 06:10:47'),
(57, 'Zoca Tradicional 4 años', '2009-01-01', 6, '2018-10-16 06:10:47', '2018-10-16 06:10:47'),
(58, 'Zoca Tradicional 5 años', '2010-01-01', 6, '2018-10-16 06:10:47', '2018-10-16 06:10:47'),
(59, 'Zoca Tradicional 6 años', '2011-01-01', 6, '2018-10-16 06:10:47', '2018-10-16 06:10:47'),
(60, 'Zoca Tradicional 1 año', '2012-01-01', 6, '2018-10-16 06:10:47', '2018-10-16 06:10:47'),
(61, 'Zoca Tradicional 2 años', '2013-01-01', 6, '2018-10-16 06:10:47', '2018-10-16 06:10:47'),
(62, 'Zoca Tradicional 3 años', '2014-01-01', 6, '2018-10-16 06:10:47', '2018-10-16 06:10:47'),
(63, 'Zoca Tradicional 4 años', '2015-01-01', 6, '2018-10-16 06:10:47', '2018-10-16 06:10:47'),
(64, 'Zoca Pulmon 1 año', '2016-01-01', 6, '2018-10-16 06:10:47', '2018-10-16 06:10:47'),
(65, 'Zoca Pulmon 2 años', '2017-01-01', 6, '2018-10-16 06:10:47', '2018-10-16 06:10:47'),
(66, NULL, '2018-01-01', 6, '2018-10-16 06:10:47', '2018-10-16 06:10:47'),
(67, 'Zoca Tradicional 1 año', '2008-01-01', 7, '2018-10-16 06:10:47', '2018-10-16 06:10:47'),
(68, 'Zoca Tradicional 2 años', '2009-01-01', 7, '2018-10-16 06:10:47', '2018-10-16 06:10:47'),
(69, 'Zoca Tradicional 3 años', '2010-01-01', 7, '2018-10-16 06:10:47', '2018-10-16 06:10:47'),
(70, 'Zoca Tradicional 4 años', '2011-01-01', 7, '2018-10-16 06:10:47', '2018-10-16 06:10:47'),
(71, 'Zoca Tradicional 5 años', '2012-01-01', 7, '2018-10-16 06:10:47', '2018-10-16 06:10:47'),
(72, 'Siembra 1 año', '2013-01-01', 7, '2018-10-16 06:10:47', '2018-10-16 06:10:47'),
(73, 'Siembra 2 años', '2014-01-01', 7, '2018-10-16 06:10:47', '2018-10-16 06:10:47'),
(74, 'Siembra 3 años', '2015-01-01', 7, '2018-10-16 06:10:47', '2018-10-16 06:10:47'),
(75, 'Siembra 4 años', '2016-01-01', 7, '2018-10-16 06:10:47', '2018-10-16 06:10:47'),
(76, 'Siembra 5 años', '2017-01-01', 7, '2018-10-16 06:10:47', '2018-10-16 06:10:47'),
(77, NULL, '2018-01-01', 7, '2018-10-16 06:10:47', '2018-10-16 06:10:47'),
(78, 'Zoca Tradicional 1 año', '2008-01-01', 8, '2018-10-16 06:10:47', '2018-10-16 06:10:47'),
(79, 'Zoca Tradicional 2 años', '2009-01-01', 8, '2018-10-16 06:10:47', '2018-10-16 06:10:47'),
(80, 'Zoca Tradicional 3 años', '2010-01-01', 8, '2018-10-16 06:10:47', '2018-10-16 06:10:47'),
(81, 'Zoca Tradicional 4 años', '2011-01-01', 8, '2018-10-16 06:10:47', '2018-10-16 06:10:47'),
(82, 'Zoca Tradicional 5 años', '2012-01-01', 8, '2018-10-16 06:10:47', '2018-10-16 06:10:47'),
(83, 'Zoca Tradicional 6 años', '2013-01-01', 8, '2018-10-16 06:10:47', '2018-10-16 06:10:47'),
(84, 'Zoca Pulmon 1 año', '2014-01-01', 8, '2018-10-16 06:10:47', '2018-10-16 06:10:47'),
(85, 'Zoca Pulmon 2 años', '2015-01-01', 8, '2018-10-16 06:10:47', '2018-10-16 06:10:47'),
(86, 'Zoca Pulmon 3 años', '2016-01-01', 8, '2018-10-16 06:10:47', '2018-10-16 06:10:47'),
(87, 'Zoca Pulmon 1 año', '2017-01-01', 8, '2018-10-16 06:10:47', '2018-10-16 06:10:47'),
(88, NULL, '2018-01-01', 8, '2018-10-16 06:10:47', '2018-10-16 06:10:47'),
(89, 'Zoca Tradicional 1 año', '2008-01-01', 9, '2018-10-16 06:10:47', '2018-10-16 06:10:47'),
(90, 'Zoca Tradicional 2 años', '2009-01-01', 9, '2018-10-16 06:10:47', '2018-10-16 06:10:47'),
(91, 'Zoca Tradicional 3 años', '2010-01-01', 9, '2018-10-16 06:10:47', '2018-10-16 06:10:47'),
(92, 'Zoca Tradicional 4 años', '2011-01-01', 9, '2018-10-16 06:10:47', '2018-10-16 06:10:47'),
(93, 'Siembra 1 año', '2012-01-01', 9, '2018-10-16 06:10:47', '2018-10-16 06:10:47'),
(94, 'Siembra 2 años', '2013-01-01', 9, '2018-10-16 06:10:47', '2018-10-16 06:10:47'),
(95, 'Siembra 3 años', '2014-01-01', 9, '2018-10-16 06:10:47', '2018-10-16 06:10:47'),
(96, 'Siembra 4 años', '2015-01-01', 9, '2018-10-16 06:10:47', '2018-10-16 06:10:47'),
(97, NULL, '2016-01-01', 9, '2018-10-16 06:10:47', '2018-10-16 06:10:47'),
(98, NULL, '2017-01-01', 9, '2018-10-16 06:10:48', '2018-10-16 06:10:48'),
(99, NULL, '2018-01-01', 9, '2018-10-16 06:10:48', '2018-10-16 06:10:48'),
(100, 'Zoca Tradicional 4 años', '2008-01-01', 10, '2018-10-16 06:10:48', '2018-10-16 06:10:48'),
(101, 'Zoca Tradicional 5 años', '2009-01-01', 10, '2018-10-16 06:10:48', '2018-10-16 06:10:48'),
(102, 'Zoca Tradicional 1 año', '2010-01-01', 10, '2018-10-16 06:10:48', '2018-10-16 06:10:48'),
(103, 'Zoca Tradicional 2 años', '2011-01-01', 10, '2018-10-16 06:10:48', '2018-10-16 06:10:48'),
(104, 'Zoca Tradicional 3 años', '2012-01-01', 10, '2018-10-16 06:10:48', '2018-10-16 06:10:48'),
(105, 'Zoca Tradicional 4 años', '2013-01-01', 10, '2018-10-16 06:10:48', '2018-10-16 06:10:48'),
(106, 'Zoca Tradicional 5 años', '2014-01-01', 10, '2018-10-16 06:10:48', '2018-10-16 06:10:48'),
(107, 'Zoca Pulmon 1 año', '2015-01-01', 10, '2018-10-16 06:10:48', '2018-10-16 06:10:48'),
(108, 'Zoca Pulmon 2 años', '2016-01-01', 10, '2018-10-16 06:10:48', '2018-10-16 06:10:48'),
(109, 'Zoca Pulmon 3 años', '2017-01-01', 10, '2018-10-16 06:10:48', '2018-10-16 06:10:48'),
(110, NULL, '2018-01-01', 10, '2018-10-16 06:10:48', '2018-10-16 06:10:48');

-- --------------------------------------------------------

--
-- Estructura de tabla para la tabla `fincas`
--

CREATE TABLE `fincas` (
  `id` int(10) UNSIGNED NOT NULL,
  `nombre` varchar(50) COLLATE utf8mb4_unicode_ci NOT NULL,
  `municipio` varchar(50) COLLATE utf8mb4_unicode_ci DEFAULT NULL,
  `departamento` varchar(50) COLLATE utf8mb4_unicode_ci DEFAULT NULL,
  `direccion` varchar(250) COLLATE utf8mb4_unicode_ci DEFAULT NULL,
  `created_at` timestamp NULL DEFAULT NULL,
  `updated_at` timestamp NULL DEFAULT NULL
) ENGINE=InnoDB DEFAULT CHARSET=utf8mb4 COLLATE=utf8mb4_unicode_ci;

--
-- Volcado de datos para la tabla `fincas`
--

INSERT INTO `fincas` (`id`, `nombre`, `municipio`, `departamento`, `direccion`, `created_at`, `updated_at`) VALUES
(1, 'Venecia', '319', '6', 'San Peregrino', '2018-10-16 06:10:46', '2018-11-14 05:00:34'),
(3, 'Mercedes', '319', '6', NULL, '2018-11-14 04:55:10', '2018-11-14 04:55:10');

-- --------------------------------------------------------

--
-- Estructura de tabla para la tabla `finca_user`
--

CREATE TABLE `finca_user` (
  `id` int(10) UNSIGNED NOT NULL,
  `user_id` int(10) UNSIGNED NOT NULL,
  `finca_id` int(10) UNSIGNED NOT NULL,
  `created_at` timestamp NULL DEFAULT NULL,
  `updated_at` timestamp NULL DEFAULT NULL
) ENGINE=InnoDB DEFAULT CHARSET=utf8mb4 COLLATE=utf8mb4_unicode_ci;

--
-- Volcado de datos para la tabla `finca_user`
--

INSERT INTO `finca_user` (`id`, `user_id`, `finca_id`, `created_at`, `updated_at`) VALUES
(6, 1, 1, '2018-11-14 03:38:24', '2018-11-14 03:38:24');

-- --------------------------------------------------------

--
-- Estructura de tabla para la tabla `grupos_labores`
--

CREATE TABLE `grupos_labores` (
  `id` int(10) UNSIGNED NOT NULL,
  `nombre` varchar(50) COLLATE utf8mb4_unicode_ci NOT NULL,
  `descripcion` text COLLATE utf8mb4_unicode_ci,
  `created_at` timestamp NULL DEFAULT NULL,
  `updated_at` timestamp NULL DEFAULT NULL
) ENGINE=InnoDB DEFAULT CHARSET=utf8mb4 COLLATE=utf8mb4_unicode_ci;

--
-- Volcado de datos para la tabla `grupos_labores`
--

INSERT INTO `grupos_labores` (`id`, `nombre`, `descripcion`, `created_at`, `updated_at`) VALUES
(1, 'Recoleccion', NULL, '2018-10-17 05:10:28', '2018-10-17 05:10:28'),
(2, 'Control Malezas', NULL, '2018-10-17 05:10:28', '2018-10-17 05:10:28'),
(3, 'Control Sanitario', NULL, '2018-10-17 05:10:28', '2018-10-17 05:10:28'),
(4, 'Fertilizacion', NULL, '2018-10-17 05:10:28', '2018-10-17 05:10:28'),
(5, 'Culturales', NULL, '2018-10-17 05:10:28', '2018-10-17 05:10:28'),
(6, 'Especiales', NULL, '2018-10-17 05:00:00', '2018-10-17 05:00:00'),
(7, 'Generales', NULL, '2018-10-17 05:10:28', '2018-10-17 05:10:28'),
(8, 'Mantenimiento', NULL, '2018-10-17 05:10:28', '2018-10-17 05:10:28'),
(9, 'Renovacion', NULL, '2018-10-17 05:10:28', '2018-10-17 05:10:28'),
(10, 'Siembra', NULL, '2018-10-17 05:10:28', '2018-10-17 05:10:28');

-- --------------------------------------------------------

--
-- Estructura de tabla para la tabla `insumos`
--

CREATE TABLE `insumos` (
  `id` int(10) UNSIGNED NOT NULL,
  `descripcion` text COLLATE utf8mb4_unicode_ci,
  `lote_id` int(10) UNSIGNED NOT NULL,
  `grupo_labor_id` int(10) UNSIGNED NOT NULL,
  `costo` int(10) UNSIGNED NOT NULL,
  `periodo` date NOT NULL,
  `created_at` timestamp NULL DEFAULT NULL,
  `updated_at` timestamp NULL DEFAULT NULL
) ENGINE=InnoDB DEFAULT CHARSET=utf8mb4 COLLATE=utf8mb4_unicode_ci;

--
-- Volcado de datos para la tabla `insumos`
--

INSERT INTO `insumos` (`id`, `descripcion`, `lote_id`, `grupo_labor_id`, `costo`, `periodo`, `created_at`, `updated_at`) VALUES
(1, '', 1, 2, 1200000, '2008-01-01', '2018-10-27 05:00:00', '2018-10-27 05:00:00'),
(2, 'Insumos', 3, 2, 150000, '2010-01-05', NULL, NULL),
(3, 'Insumos', 3, 2, 245000, '2011-02-06', NULL, NULL),
(4, 'Insumos', 3, 2, 435000, '2012-03-09', NULL, NULL),
(5, 'Insumos', 3, 2, 12000, '2013-04-10', NULL, NULL),
(6, 'Insumos', 3, 2, 45000, '2014-05-12', NULL, NULL),
(7, 'Insumos', 3, 2, 129000, '2012-01-09', NULL, NULL),
(8, 'Insumos', 3, 2, 13600, '2016-01-10', NULL, NULL);

-- --------------------------------------------------------

--
-- Estructura de tabla para la tabla `labores`
--

CREATE TABLE `labores` (
  `id` int(10) UNSIGNED NOT NULL,
  `descripcion` text COLLATE utf8mb4_unicode_ci,
  `cantidadmo` decimal(5,1) UNSIGNED NOT NULL,
  `costo` int(10) UNSIGNED NOT NULL,
  `periodo` date NOT NULL,
  `grupo_labor_id` int(10) UNSIGNED NOT NULL,
  `lote_id` int(10) UNSIGNED NOT NULL,
  `created_at` timestamp NULL DEFAULT NULL,
  `updated_at` timestamp NULL DEFAULT NULL
) ENGINE=InnoDB DEFAULT CHARSET=utf8mb4 COLLATE=utf8mb4_unicode_ci;

--
-- Volcado de datos para la tabla `labores`
--

INSERT INTO `labores` (`id`, `descripcion`, `cantidadmo`, `costo`, `periodo`, `grupo_labor_id`, `lote_id`, `created_at`, `updated_at`) VALUES
(2, NULL, '36.0', 1087800, '2008-02-29', 1, 1, '2018-10-16 06:10:00', '2018-10-16 06:10:00'),
(3, NULL, '74.0', 1591380, '2008-03-31', 1, 1, '2018-10-16 06:10:00', '2018-10-16 06:10:00'),
(4, NULL, '42.0', 999640, '2008-04-30', 1, 1, '2018-10-16 06:10:00', '2018-10-16 06:10:00'),
(5, NULL, '30.0', 471520, '2008-05-31', 1, 1, '2018-10-16 06:10:00', '2018-10-16 06:10:00'),
(6, NULL, '39.0', 828050, '2008-06-30', 1, 1, '2018-10-16 06:10:00', '2018-10-16 06:10:00'),
(7, NULL, '36.0', 883500, '2008-07-31', 1, 1, '2018-10-16 06:10:00', '2018-10-16 06:10:00'),
(8, NULL, '49.0', 745650, '2008-08-31', 1, 1, '2018-10-16 06:10:00', '2018-10-16 06:10:00'),
(9, NULL, '59.0', 1091400, '2008-09-30', 1, 1, '2018-10-16 06:10:00', '2018-10-16 06:10:00'),
(11, NULL, '99.9', 7562970, '2008-11-30', 1, 1, '2018-10-16 06:10:00', '2018-10-16 06:10:00'),
(12, NULL, '78.0', 2128660, '2008-12-31', 1, 1, '2018-10-16 06:10:00', '2018-10-16 06:10:00'),
(13, NULL, '6.0', 129240, '2008-03-31', 2, 1, '2018-10-16 06:10:00', '2018-10-16 06:10:00'),
(14, NULL, '7.0', 150780, '2008-05-31', 2, 1, '2018-10-16 06:10:00', '2018-10-16 06:10:00'),
(15, NULL, '5.5', 118470, '2008-08-31', 2, 1, '2018-10-16 06:10:00', '2018-10-16 06:10:00'),
(16, NULL, '5.0', 107700, '2008-10-31', 2, 1, '2018-10-16 06:10:00', '2018-10-16 06:10:00'),
(17, NULL, '1.0', 107700, '2008-12-31', 2, 1, '2018-10-16 06:10:00', '2018-10-16 06:10:00'),
(18, NULL, '0.5', 10120, '2008-01-31', 3, 1, '2018-10-16 06:10:00', '2018-10-16 06:10:00'),
(19, NULL, '2.0', 43080, '2008-08-31', 3, 1, '2018-10-16 06:10:00', '2018-10-16 06:10:00'),
(20, NULL, '3.0', 64620, '2008-12-31', 3, 1, '2018-10-16 06:10:00', '2018-10-16 06:10:00'),
(21, NULL, '2.0', 40480, '2008-01-31', 4, 1, '2018-10-16 06:10:00', '2018-10-16 06:10:00'),
(22, NULL, '6.0', 129240, '2008-03-31', 4, 1, '2018-10-16 06:10:00', '2018-10-16 06:10:00'),
(23, NULL, '5.5', 118470, '2008-04-30', 4, 1, '2018-10-16 06:10:00', '2018-10-16 06:10:00'),
(24, NULL, '2.5', 53850, '2008-08-31', 4, 1, '2018-10-16 06:10:00', '2018-10-16 06:10:00'),
(25, NULL, '2.0', 148400, '2008-03-31', 5, 1, '2018-10-16 06:10:00', '2018-10-16 06:10:00'),
(26, NULL, '2.0', 635320, '2008-04-30', 5, 1, '2018-10-16 06:10:00', '2018-10-16 06:10:00'),
(27, NULL, '2.0', 240000, '2008-08-31', 5, 1, '2018-10-16 06:10:00', '2018-10-16 06:10:00'),
(28, NULL, '5.5', 118470, '2008-01-31', 6, 1, '2018-10-16 06:10:00', '2018-10-16 06:10:00'),
(29, NULL, '2.0', 43080, '2008-02-29', 6, 1, '2018-10-16 06:10:00', '2018-10-16 06:10:00'),
(30, NULL, '7.0', 150780, '2008-03-31', 6, 1, '2018-10-16 06:10:00', '2018-10-16 06:10:00'),
(31, NULL, '4.5', 96930, '2008-04-30', 6, 1, '2018-10-16 06:10:00', '2018-10-16 06:10:00'),
(32, NULL, '1.5', 32310, '2008-05-31', 6, 1, '2018-10-16 06:10:00', '2018-10-16 06:10:00'),
(33, NULL, '2.5', 53850, '2008-06-30', 6, 1, '2018-10-16 06:10:00', '2018-10-16 06:10:00'),
(34, NULL, '2.5', 53850, '2008-07-31', 6, 1, '2018-10-16 06:10:00', '2018-10-16 06:10:00'),
(35, NULL, '2.0', 43080, '2008-08-31', 6, 1, '2018-10-16 06:10:00', '2018-10-16 06:10:00'),
(36, NULL, '3.5', 75390, '2008-09-30', 6, 1, '2018-10-16 06:10:00', '2018-10-16 06:10:00'),
(37, NULL, '10.5', 226170, '2008-10-31', 6, 1, '2018-10-16 06:10:00', '2018-10-16 06:10:00'),
(38, NULL, '15.5', 333870, '2008-11-30', 6, 1, '2018-10-16 06:10:00', '2018-10-16 06:10:00'),
(39, NULL, '4.0', 86160, '2008-12-31', 6, 1, '2018-10-16 06:10:00', '2018-10-16 06:10:00'),
(40, NULL, '41.0', 1049040, '2009-01-31', 1, 1, '2018-10-16 06:10:00', '2018-10-16 06:10:00'),
(41, NULL, '19.0', 135240, '2009-02-28', 1, 1, '2018-10-16 06:10:00', '2018-10-16 06:10:00'),
(42, NULL, '11.0', 131600, '2009-03-31', 1, 1, '2018-10-16 06:10:00', '2018-10-16 06:10:00'),
(43, NULL, '61.0', 1495050, '2009-04-30', 1, 1, '2018-10-16 06:10:00', '2018-10-16 06:10:00'),
(44, NULL, '23.0', 626500, '2009-05-31', 1, 1, '2018-10-16 06:10:00', '2018-10-16 06:10:00'),
(45, NULL, '19.0', 256800, '2009-06-30', 1, 1, '2018-10-16 06:10:00', '2018-10-16 06:10:00'),
(46, NULL, '44.0', 739150, '2009-07-31', 1, 1, '2018-10-16 06:10:00', '2018-10-16 06:10:00'),
(47, NULL, '95.0', 1837500, '2009-08-31', 1, 1, '2018-10-16 06:10:00', '2018-10-16 06:10:00'),
(48, NULL, '99.9', 2569800, '2009-09-30', 1, 1, '2018-10-16 06:10:00', '2018-10-16 06:10:00'),
(49, NULL, '99.9', 3856840, '2009-10-31', 1, 1, '2018-10-16 06:10:00', '2018-10-16 06:10:00'),
(50, NULL, '99.9', 1772380, '2009-11-30', 1, 1, '2018-10-16 06:10:00', '2018-10-16 06:10:00'),
(51, NULL, '31.5', 395850, '2009-12-31', 1, 1, '2018-10-16 06:10:00', '2018-10-16 06:10:00'),
(52, NULL, '4.0', 92756, '2009-02-28', 2, 1, '2018-10-16 06:10:00', '2018-10-16 06:10:00'),
(53, NULL, '5.0', 115945, '2009-05-31', 2, 1, '2018-10-16 06:10:00', '2018-10-16 06:10:00'),
(54, NULL, '5.0', 115945, '2009-07-31', 2, 1, '2018-10-16 06:10:00', '2018-10-16 06:10:00'),
(55, NULL, '4.0', 92756, '2009-09-30', 2, 1, '2018-10-16 06:10:00', '2018-10-16 06:10:00'),
(56, NULL, '6.0', 139134, '2009-12-31', 2, 1, '2018-10-16 06:10:00', '2018-10-16 06:10:00'),
(57, NULL, '1.0', 23189, '2009-03-31', 3, 1, '2018-10-16 06:10:00', '2018-10-16 06:10:00'),
(58, NULL, '2.0', 46378, '2009-04-30', 3, 1, '2018-10-16 06:10:00', '2018-10-16 06:10:00'),
(59, NULL, '4.0', 92756, '2009-05-31', 3, 1, '2018-10-16 06:10:00', '2018-10-16 06:10:00'),
(60, NULL, '5.0', 115945, '2009-06-30', 3, 1, '2018-10-16 06:10:00', '2018-10-16 06:10:00'),
(61, NULL, '3.0', 69567, '2009-07-31', 3, 1, '2018-10-16 06:10:00', '2018-10-16 06:10:00'),
(62, NULL, '5.0', 115945, '2009-09-30', 3, 1, '2018-10-16 06:10:00', '2018-10-16 06:10:00'),
(63, NULL, '5.0', 115945, '2009-10-31', 3, 1, '2018-10-16 06:10:00', '2018-10-16 06:10:00'),
(64, NULL, '4.0', 92756, '2009-11-30', 3, 1, '2018-10-16 06:10:00', '2018-10-16 06:10:00'),
(65, NULL, '0.5', 11595, '2009-12-31', 3, 1, '2018-10-16 06:10:00', '2018-10-16 06:10:00'),
(66, NULL, '6.0', 129240, '2009-01-31', 4, 1, '2018-10-16 06:10:00', '2018-10-16 06:10:00'),
(67, NULL, '2.0', 46378, '2009-02-28', 4, 1, '2018-10-16 06:10:00', '2018-10-16 06:10:00'),
(68, NULL, '4.5', 104351, '2009-06-30', 4, 1, '2018-10-16 06:10:00', '2018-10-16 06:10:00'),
(69, NULL, '1.0', 119730, '2009-05-31', 5, 1, '2018-10-16 06:10:00', '2018-10-16 06:10:00'),
(70, NULL, '2.0', 373600, '2009-07-31', 5, 1, '2018-10-16 06:10:00', '2018-10-16 06:10:00'),
(71, NULL, '4.0', 92756, '2009-01-31', 6, 1, '2018-10-16 06:10:00', '2018-10-16 06:10:00'),
(72, NULL, '2.0', 46378, '2009-02-28', 6, 1, '2018-10-16 06:10:00', '2018-10-16 06:10:00'),
(73, NULL, '2.0', 46378, '2009-03-31', 6, 1, '2018-10-16 06:10:00', '2018-10-16 06:10:00'),
(74, NULL, '4.5', 104351, '2009-04-30', 6, 1, '2018-10-16 06:10:00', '2018-10-16 06:10:00'),
(75, NULL, '1.0', 23189, '2009-05-31', 6, 1, '2018-10-16 06:10:00', '2018-10-16 06:10:00'),
(76, NULL, '2.0', 46378, '2009-06-30', 6, 1, '2018-10-16 06:10:00', '2018-10-16 06:10:00'),
(77, NULL, '2.5', 57973, '2009-07-31', 6, 1, '2018-10-16 06:10:00', '2018-10-16 06:10:00'),
(78, NULL, '4.0', 92756, '2009-08-31', 6, 1, '2018-10-16 06:10:00', '2018-10-16 06:10:00'),
(79, NULL, '7.0', 162323, '2009-09-30', 6, 1, '2018-10-16 06:10:00', '2018-10-16 06:10:00'),
(80, NULL, '14.0', 324646, '2009-10-31', 6, 1, '2018-10-16 06:10:00', '2018-10-16 06:10:00'),
(81, NULL, '8.5', 197107, '2009-11-30', 6, 1, '2018-10-16 06:10:00', '2018-10-16 06:10:00'),
(82, NULL, '8.5', 197107, '2009-12-31', 6, 1, '2018-10-16 06:10:00', '2018-10-16 06:10:00'),
(83, NULL, '1.5', 34784, '2009-12-31', 7, 1, '2018-10-16 06:10:00', '2018-10-16 06:10:00'),
(84, NULL, '1.0', 294000, '2009-01-31', 9, 1, '2018-10-16 06:10:00', '2018-10-16 06:10:00'),
(85, NULL, '99.9', 2470824, '2009-12-31', 9, 1, '2018-10-16 06:10:00', '2018-10-16 06:10:00'),
(86, NULL, '1.0', 24000, '2010-01-31', 2, 1, '2018-10-16 06:10:00', '2018-10-16 06:10:00'),
(87, NULL, '14.0', 336000, '2010-02-28', 2, 1, '2018-10-16 06:10:00', '2018-10-16 06:10:00'),
(88, NULL, '4.0', 96000, '2010-05-31', 2, 1, '2018-10-16 06:10:00', '2018-10-16 06:10:00'),
(89, NULL, '29.0', 696000, '2010-06-30', 2, 1, '2018-10-16 06:10:00', '2018-10-16 06:10:00'),
(90, NULL, '15.0', 360000, '2010-07-31', 2, 1, '2018-10-16 06:10:00', '2018-10-16 06:10:00'),
(91, NULL, '17.0', 408000, '2010-09-30', 2, 1, '2018-10-16 06:10:00', '2018-10-16 06:10:00'),
(92, NULL, '4.0', 96000, '2010-10-31', 2, 1, '2018-10-16 06:10:00', '2018-10-16 06:10:00'),
(93, NULL, '12.0', 252500, '2010-11-30', 2, 1, '2018-10-16 06:10:00', '2018-10-16 06:10:00'),
(94, NULL, '22.0', 528000, '2010-12-31', 2, 1, '2018-10-16 06:10:00', '2018-10-16 06:10:00'),
(95, NULL, '4.5', 105567, '2010-01-31', 3, 1, '2018-10-16 06:10:00', '2018-10-16 06:10:00'),
(96, NULL, '0.5', 12000, '2010-02-28', 3, 1, '2018-10-16 06:10:00', '2018-10-16 06:10:00'),
(97, NULL, '2.5', 60000, '2010-03-31', 3, 1, '2018-10-16 06:10:00', '2018-10-16 06:10:00'),
(98, NULL, '3.0', 72000, '2010-06-30', 4, 1, '2018-10-16 06:10:00', '2018-10-16 06:10:00'),
(99, NULL, '1.0', 24000, '2010-07-31', 4, 1, '2018-10-16 06:10:00', '2018-10-16 06:10:00'),
(100, NULL, '3.0', 72000, '2010-08-31', 4, 1, '2018-10-16 06:10:00', '2018-10-16 06:10:00'),
(101, NULL, '1.0', 24000, '2010-09-30', 4, 1, '2018-10-16 06:10:00', '2018-10-16 06:10:00'),
(102, NULL, '5.0', 120000, '2010-12-31', 4, 1, '2018-10-16 06:10:00', '2018-10-16 06:10:00'),
(103, NULL, '2.0', 48000, '2010-01-31', 5, 1, '2018-10-16 06:10:00', '2018-10-16 06:10:00'),
(104, NULL, '7.0', 170000, '2010-06-30', 5, 1, '2018-10-16 06:10:00', '2018-10-16 06:10:00'),
(105, NULL, '1.0', 27000, '2010-09-30', 5, 1, '2018-10-16 06:10:00', '2018-10-16 06:10:00'),
(106, NULL, '20.0', 232000, '2010-10-31', 5, 1, '2018-10-16 06:10:00', '2018-10-16 06:10:00'),
(107, NULL, '11.5', 580736, '2010-01-31', 9, 1, '2018-10-16 06:10:00', '2018-10-16 06:10:00'),
(108, NULL, '2.0', 129480, '2010-02-28', 9, 1, '2018-10-16 06:10:00', '2018-10-16 06:10:00'),
(109, NULL, '6.5', 105295, '2010-03-31', 9, 1, '2018-10-16 06:10:00', '2018-10-16 06:10:00'),
(110, NULL, '4.0', 221000, '2010-04-30', 9, 1, '2018-10-16 06:10:00', '2018-10-16 06:10:00'),
(111, NULL, '7.0', 368900, '2010-07-31', 9, 1, '2018-10-16 06:10:00', '2018-10-16 06:10:00'),
(112, NULL, '0.5', 12000, '2010-07-31', 10, 1, '2018-10-16 06:10:00', '2018-10-16 06:10:00'),
(113, NULL, '14.0', 349916, '2011-06-30', 1, 1, '2018-10-16 06:10:00', '2018-10-16 06:10:00'),
(114, NULL, '7.0', 174958, '2011-07-31', 1, 1, '2018-10-16 06:10:00', '2018-10-16 06:10:00'),
(115, NULL, '35.0', 1002540, '2011-08-31', 1, 1, '2018-10-16 06:10:00', '2018-10-16 06:10:00'),
(116, NULL, '83.5', 3319750, '2011-09-30', 1, 1, '2018-10-16 06:10:00', '2018-10-16 06:10:00'),
(117, NULL, '83.0', 3293610, '2011-10-31', 1, 1, '2018-10-16 06:10:00', '2018-10-16 06:10:00'),
(118, NULL, '35.5', 966970, '2011-11-30', 1, 1, '2018-10-16 06:10:00', '2018-10-16 06:10:00'),
(119, NULL, '27.0', 659000, '2011-12-31', 1, 1, '2018-10-16 06:10:00', '2018-10-16 06:10:00'),
(120, NULL, '4.5', 108000, '2011-01-31', 2, 1, '2018-10-16 06:10:00', '2018-10-16 06:10:00'),
(121, NULL, '12.0', 299928, '2011-02-28', 2, 1, '2018-10-16 06:10:00', '2018-10-16 06:10:00'),
(122, NULL, '3.0', 74982, '2011-03-31', 2, 1, '2018-10-16 06:10:00', '2018-10-16 06:10:00'),
(123, NULL, '12.0', 299928, '2011-04-30', 2, 1, '2018-10-16 06:10:00', '2018-10-16 06:10:00'),
(124, NULL, '5.0', 124970, '2011-05-31', 2, 1, '2018-10-16 06:10:00', '2018-10-16 06:10:00'),
(125, NULL, '10.0', 249940, '2011-06-30', 2, 1, '2018-10-16 06:10:00', '2018-10-16 06:10:00'),
(126, NULL, '16.0', 393940, '2011-07-31', 2, 1, '2018-10-16 06:10:00', '2018-10-16 06:10:00'),
(127, NULL, '5.0', 340800, '2011-11-30', 2, 1, '2018-10-16 06:10:00', '2018-10-16 06:10:00'),
(128, NULL, '13.0', 324922, '2011-12-31', 2, 1, '2018-10-16 06:10:00', '2018-10-16 06:10:00'),
(129, NULL, '4.0', 99976, '2011-05-31', 3, 1, '2018-10-16 06:10:00', '2018-10-16 06:10:00'),
(130, NULL, '2.0', 49988, '2011-07-31', 3, 1, '2018-10-16 06:10:00', '2018-10-16 06:10:00'),
(131, NULL, '14.0', 349916, '2011-08-31', 3, 1, '2018-10-16 06:10:00', '2018-10-16 06:10:00'),
(132, NULL, '3.0', 74982, '2011-09-30', 3, 1, '2018-10-16 06:10:00', '2018-10-16 06:10:00'),
(133, NULL, '5.0', 124970, '2011-10-31', 3, 1, '2018-10-16 06:10:00', '2018-10-16 06:10:00'),
(134, NULL, '1.0', 24994, '2011-11-30', 3, 1, '2018-10-16 06:10:00', '2018-10-16 06:10:00'),
(135, NULL, '8.0', 199952, '2011-06-30', 4, 1, '2018-10-16 06:10:00', '2018-10-16 06:10:00'),
(136, NULL, '2.0', 49988, '2011-07-31', 4, 1, '2018-10-16 06:10:00', '2018-10-16 06:10:00'),
(137, NULL, '5.0', 160000, '2011-01-31', 5, 1, '2018-10-16 06:10:00', '2018-10-16 06:10:00'),
(138, NULL, '10.0', 171000, '2011-03-31', 5, 1, '2018-10-16 06:10:00', '2018-10-16 06:10:00'),
(139, NULL, '1.0', 24994, '2011-05-31', 5, 1, '2018-10-16 06:10:00', '2018-10-16 06:10:00'),
(140, NULL, '9.0', 223300, '2011-07-31', 5, 1, '2018-10-16 06:10:00', '2018-10-16 06:10:00'),
(141, NULL, '8.0', 223200, '2011-11-30', 5, 1, '2018-10-16 06:10:00', '2018-10-16 06:10:00'),
(142, NULL, '1.5', 37491, '2011-07-31', 6, 1, '2018-10-16 06:10:00', '2018-10-16 06:10:00'),
(143, NULL, '3.0', 74982, '2011-08-31', 6, 1, '2018-10-16 06:10:00', '2018-10-16 06:10:00'),
(144, NULL, '2.5', 62485, '2011-09-30', 6, 1, '2018-10-16 06:10:00', '2018-10-16 06:10:00'),
(145, NULL, '3.0', 74982, '2011-10-31', 6, 1, '2018-10-16 06:10:00', '2018-10-16 06:10:00'),
(146, NULL, '3.5', 87479, '2011-11-30', 6, 1, '2018-10-16 06:10:00', '2018-10-16 06:10:00'),
(147, NULL, '3.0', 74982, '2011-12-31', 6, 1, '2018-10-16 06:10:00', '2018-10-16 06:10:00'),
(148, NULL, '1.0', 24994, '2011-12-31', 8, 1, '2018-10-16 06:10:00', '2018-10-16 06:10:00'),
(149, NULL, '11.0', 189600, '2012-01-31', 1, 1, '2018-10-16 06:10:00', '2018-10-16 06:10:00'),
(150, NULL, '39.0', 1327320, '2012-02-29', 1, 1, '2018-10-16 06:10:00', '2018-10-16 06:10:00'),
(151, NULL, '33.5', 832660, '2012-03-31', 1, 1, '2018-10-16 06:10:00', '2018-10-16 06:10:00'),
(152, NULL, '12.0', 556200, '2012-04-30', 1, 1, '2018-10-16 06:10:00', '2018-10-16 06:10:00'),
(153, NULL, '14.0', 380900, '2012-05-31', 1, 1, '2018-10-16 06:10:00', '2018-10-16 06:10:00'),
(154, NULL, '19.0', 587300, '2012-06-30', 1, 1, '2018-10-16 06:10:00', '2018-10-16 06:10:00'),
(155, NULL, '29.0', 716000, '2012-07-31', 1, 1, '2018-10-16 06:10:00', '2018-10-16 06:10:00'),
(156, NULL, '20.0', 526950, '2012-08-31', 1, 1, '2018-10-16 06:10:00', '2018-10-16 06:10:00'),
(157, NULL, '73.0', 2399790, '2012-09-30', 1, 1, '2018-10-16 06:10:00', '2018-10-16 06:10:00'),
(158, NULL, '99.9', 4889400, '2012-10-31', 1, 1, '2018-10-16 06:10:00', '2018-10-16 06:10:00'),
(159, NULL, '99.9', 4396520, '2012-11-30', 1, 1, '2018-10-16 06:10:00', '2018-10-16 06:10:00'),
(160, NULL, '59.0', 1552000, '2012-12-31', 1, 1, '2018-10-16 06:10:00', '2018-10-16 06:10:00'),
(161, NULL, '11.0', 290906, '2012-02-29', 2, 1, '2018-10-16 06:10:00', '2018-10-16 06:10:00'),
(162, NULL, '3.0', 88338, '2012-03-31', 2, 1, '2018-10-16 06:10:00', '2018-10-16 06:10:00'),
(163, NULL, '6.0', 158676, '2012-04-30', 2, 1, '2018-10-16 06:10:00', '2018-10-16 06:10:00'),
(164, NULL, '23.5', 634981, '2012-05-31', 2, 1, '2018-10-16 06:10:00', '2018-10-16 06:10:00'),
(165, NULL, '9.0', 256014, '2012-07-31', 2, 1, '2018-10-16 06:10:00', '2018-10-16 06:10:00'),
(166, NULL, '8.0', 220568, '2012-09-30', 2, 1, '2018-10-16 06:10:00', '2018-10-16 06:10:00'),
(167, NULL, '6.0', 163965, '2012-11-30', 2, 1, '2018-10-16 06:10:00', '2018-10-16 06:10:00'),
(168, NULL, '3.0', 79338, '2012-02-29', 3, 1, '2018-10-16 06:10:00', '2018-10-16 06:10:00'),
(169, NULL, '2.0', 52892, '2012-03-31', 3, 1, '2018-10-16 06:10:00', '2018-10-16 06:10:00'),
(170, NULL, '1.0', 26446, '2012-05-31', 3, 1, '2018-10-16 06:10:00', '2018-10-16 06:10:00'),
(171, NULL, '1.0', 26446, '2012-06-30', 3, 1, '2018-10-16 06:10:00', '2018-10-16 06:10:00'),
(172, NULL, '1.0', 26446, '2012-07-31', 3, 1, '2018-10-16 06:10:00', '2018-10-16 06:10:00'),
(173, NULL, '3.0', 79338, '2012-09-30', 3, 1, '2018-10-16 06:10:00', '2018-10-16 06:10:00'),
(174, NULL, '4.0', 105784, '2012-10-31', 3, 1, '2018-10-16 06:10:00', '2018-10-16 06:10:00'),
(175, NULL, '5.5', 145453, '2012-11-30', 3, 1, '2018-10-16 06:10:00', '2018-10-16 06:10:00'),
(176, NULL, '5.5', 305892, '2012-12-31', 3, 1, '2018-10-16 06:10:00', '2018-10-16 06:10:00'),
(177, NULL, '6.0', 158676, '2012-01-31', 4, 1, '2018-10-16 06:10:00', '2018-10-16 06:10:00'),
(178, NULL, '9.5', 251237, '2012-02-29', 4, 1, '2018-10-16 06:10:00', '2018-10-16 06:10:00'),
(179, NULL, '2.5', 66115, '2012-03-31', 4, 1, '2018-10-16 06:10:00', '2018-10-16 06:10:00'),
(180, NULL, '10.0', 264460, '2012-05-31', 4, 1, '2018-10-16 06:10:00', '2018-10-16 06:10:00'),
(181, NULL, '6.0', 167676, '2012-07-31', 4, 1, '2018-10-16 06:10:00', '2018-10-16 06:10:00'),
(182, NULL, '5.5', 250902, '2012-08-31', 4, 1, '2018-10-16 06:10:00', '2018-10-16 06:10:00'),
(183, NULL, '3.0', 79338, '2012-10-31', 4, 1, '2018-10-16 06:10:00', '2018-10-16 06:10:00'),
(184, NULL, '3.5', 92561, '2012-11-30', 4, 1, '2018-10-16 06:10:00', '2018-10-16 06:10:00'),
(185, NULL, '4.0', 187000, '2012-03-31', 5, 1, '2018-10-16 06:10:00', '2018-10-16 06:10:00'),
(186, NULL, '4.0', 34000, '2012-04-30', 5, 1, '2018-10-16 06:10:00', '2018-10-16 06:10:00'),
(187, NULL, '1.0', 26446, '2012-01-31', 6, 1, '2018-10-16 06:10:00', '2018-10-16 06:10:00'),
(188, NULL, '1.5', 39669, '2012-02-29', 6, 1, '2018-10-16 06:10:00', '2018-10-16 06:10:00'),
(189, NULL, '4.0', 105784, '2012-03-31', 6, 1, '2018-10-16 06:10:00', '2018-10-16 06:10:00'),
(190, NULL, '2.0', 52892, '2012-04-30', 6, 1, '2018-10-16 06:10:00', '2018-10-16 06:10:00'),
(191, NULL, '1.5', 39669, '2012-05-31', 6, 1, '2018-10-16 06:10:00', '2018-10-16 06:10:00'),
(192, NULL, '1.0', 26446, '2012-06-30', 6, 1, '2018-10-16 06:10:00', '2018-10-16 06:10:00'),
(193, NULL, '1.5', 39669, '2012-07-31', 6, 1, '2018-10-16 06:10:00', '2018-10-16 06:10:00'),
(194, NULL, '1.0', 26446, '2012-08-31', 6, 1, '2018-10-16 06:10:00', '2018-10-16 06:10:00'),
(195, NULL, '3.0', 79338, '2012-09-30', 6, 1, '2018-10-16 06:10:00', '2018-10-16 06:10:00'),
(196, NULL, '4.5', 119007, '2012-10-31', 6, 1, '2018-10-16 06:10:00', '2018-10-16 06:10:00'),
(197, NULL, '6.0', 158676, '2012-11-30', 6, 1, '2018-10-16 06:10:00', '2018-10-16 06:10:00'),
(198, NULL, '5.0', 132230, '2012-12-31', 6, 1, '2018-10-16 06:10:00', '2018-10-16 06:10:00'),
(199, NULL, '4.0', 105784, '2012-04-30', 7, 1, '2018-10-16 06:10:00', '2018-10-16 06:10:00'),
(200, NULL, '4.0', 105784, '2012-05-31', 7, 1, '2018-10-16 06:10:00', '2018-10-16 06:10:00'),
(201, NULL, '21.5', 660400, '2013-01-31', 1, 1, '2018-10-16 06:10:00', '2018-10-16 06:10:00'),
(202, NULL, '61.0', 2010150, '2013-02-28', 1, 1, '2018-10-16 06:10:00', '2018-10-16 06:10:00'),
(203, NULL, '52.0', 1564650, '2013-03-31', 1, 1, '2018-10-16 06:10:00', '2018-10-16 06:10:00'),
(204, NULL, '24.0', 539550, '2013-04-30', 1, 1, '2018-10-16 06:10:00', '2018-10-16 06:10:00'),
(205, NULL, '33.0', 937250, '2013-05-31', 1, 1, '2018-10-16 06:10:00', '2018-10-16 06:10:00'),
(206, NULL, '8.0', 190000, '2013-06-30', 1, 1, '2018-10-16 06:10:00', '2018-10-16 06:10:00'),
(207, NULL, '49.0', 1223000, '2013-07-31', 1, 1, '2018-10-16 06:10:00', '2018-10-16 06:10:00'),
(208, NULL, '78.0', 2667410, '2013-08-31', 1, 1, '2018-10-16 06:10:00', '2018-10-16 06:10:00'),
(209, NULL, '60.0', 1830220, '2013-09-30', 1, 1, '2018-10-16 06:10:00', '2018-10-16 06:10:00'),
(210, NULL, '55.0', 1467600, '2013-10-31', 1, 1, '2018-10-16 06:10:00', '2018-10-16 06:10:00'),
(211, NULL, '99.9', 7328320, '2013-11-30', 1, 1, '2018-10-16 06:10:00', '2018-10-16 06:10:00'),
(212, NULL, '60.0', 2394350, '2013-12-31', 1, 1, '2018-10-16 06:10:00', '2018-10-16 06:10:00'),
(213, NULL, '8.0', 273000, '2013-03-31', 2, 1, '2018-10-16 06:10:00', '2018-10-16 06:10:00'),
(214, NULL, '8.0', 312000, '2013-05-31', 2, 1, '2018-10-16 06:10:00', '2018-10-16 06:10:00'),
(215, NULL, '12.0', 373590, '2013-07-31', 2, 1, '2018-10-16 06:10:00', '2018-10-16 06:10:00'),
(216, NULL, '9.0', 361200, '2013-08-31', 2, 1, '2018-10-16 06:10:00', '2018-10-16 06:10:00'),
(217, NULL, '7.0', 200823, '2013-10-31', 2, 1, '2018-10-16 06:10:00', '2018-10-16 06:10:00'),
(218, NULL, '16.0', 631560, '2013-11-30', 2, 1, '2018-10-16 06:10:00', '2018-10-16 06:10:00'),
(219, NULL, '1.0', 74620, '2013-01-31', 3, 1, '2018-10-16 06:10:00', '2018-10-16 06:10:00'),
(220, NULL, '2.0', 97510, '2013-02-28', 3, 1, '2018-10-16 06:10:00', '2018-10-16 06:10:00'),
(221, NULL, '4.0', 224000, '2013-03-31', 3, 1, '2018-10-16 06:10:00', '2018-10-16 06:10:00'),
(222, NULL, '1.0', 56000, '2013-04-30', 3, 1, '2018-10-16 06:10:00', '2018-10-16 06:10:00'),
(223, NULL, '5.0', 162500, '2013-05-31', 3, 1, '2018-10-16 06:10:00', '2018-10-16 06:10:00'),
(224, NULL, '4.0', 196000, '2013-07-31', 3, 1, '2018-10-16 06:10:00', '2018-10-16 06:10:00'),
(225, NULL, '3.0', 175000, '2013-08-31', 3, 1, '2018-10-16 06:10:00', '2018-10-16 06:10:00'),
(226, NULL, '3.0', 124000, '2013-12-31', 3, 1, '2018-10-16 06:10:00', '2018-10-16 06:10:00'),
(227, NULL, '1.0', 26950, '2013-01-31', 4, 1, '2018-10-16 06:10:00', '2018-10-16 06:10:00'),
(228, NULL, '2.0', 55020, '2013-02-28', 4, 1, '2018-10-16 06:10:00', '2018-10-16 06:10:00'),
(229, NULL, '7.5', 205968, '2013-04-30', 4, 1, '2018-10-16 06:10:00', '2018-10-16 06:10:00'),
(230, NULL, '9.0', 244500, '2013-07-31', 4, 1, '2018-10-16 06:10:00', '2018-10-16 06:10:00'),
(231, NULL, '21.5', 654125, '2013-08-31', 4, 1, '2018-10-16 06:10:00', '2018-10-16 06:10:00'),
(232, NULL, '2.0', 66000, '2013-01-31', 5, 1, '2018-10-16 06:10:00', '2018-10-16 06:10:00'),
(233, NULL, '5.0', 143000, '2013-02-28', 5, 1, '2018-10-16 06:10:00', '2018-10-16 06:10:00'),
(234, NULL, '17.0', 494000, '2013-06-30', 5, 1, '2018-10-16 06:10:00', '2018-10-16 06:10:00'),
(235, NULL, '1.0', 27510, '2013-10-31', 5, 1, '2018-10-16 06:10:00', '2018-10-16 06:10:00'),
(236, NULL, '1.0', 27510, '2013-11-30', 5, 1, '2018-10-16 06:10:00', '2018-10-16 06:10:00'),
(237, NULL, '8.0', 212960, '2013-12-31', 5, 1, '2018-10-16 06:10:00', '2018-10-16 06:10:00'),
(238, NULL, '2.5', 67375, '2013-01-31', 6, 1, '2018-10-16 06:10:00', '2018-10-16 06:10:00'),
(239, NULL, '2.0', 49124, '2013-02-28', 6, 1, '2018-10-16 06:10:00', '2018-10-16 06:10:00'),
(240, NULL, '5.0', 155414, '2013-03-31', 6, 1, '2018-10-16 06:10:00', '2018-10-16 06:10:00'),
(241, NULL, '2.0', 53591, '2013-04-30', 6, 1, '2018-10-16 06:10:00', '2018-10-16 06:10:00'),
(242, NULL, '3.5', 91551, '2013-05-31', 6, 1, '2018-10-16 06:10:00', '2018-10-16 06:10:00'),
(243, NULL, '1.5', 44213, '2013-06-30', 6, 1, '2018-10-16 06:10:00', '2018-10-16 06:10:00'),
(244, NULL, '2.5', 62523, '2013-07-31', 6, 1, '2018-10-16 06:10:00', '2018-10-16 06:10:00'),
(245, NULL, '5.0', 133978, '2013-08-31', 6, 1, '2018-10-16 06:10:00', '2018-10-16 06:10:00'),
(246, NULL, '3.0', 81101, '2013-10-31', 6, 1, '2018-10-16 06:10:00', '2018-10-16 06:10:00'),
(247, NULL, '9.5', 264828, '2013-11-30', 6, 1, '2018-10-16 06:10:00', '2018-10-16 06:10:00'),
(248, NULL, '4.0', 104145, '2013-12-31', 6, 1, '2018-10-16 06:10:00', '2018-10-16 06:10:00'),
(249, NULL, '1.0', 29820, '2013-03-31', 10, 1, '2018-10-16 06:10:00', '2018-10-16 06:10:00'),
(250, NULL, '63.0', 1648400, '2014-01-31', 1, 1, '2018-10-16 06:10:00', '2018-10-16 06:10:00'),
(251, NULL, '27.0', 692100, '2014-02-28', 1, 1, '2018-10-16 06:10:00', '2018-10-16 06:10:00'),
(252, NULL, '44.0', 1191200, '2014-03-31', 1, 1, '2018-10-16 06:10:00', '2018-10-16 06:10:00'),
(253, NULL, '28.0', 870100, '2014-04-30', 1, 1, '2018-10-16 06:10:00', '2018-10-16 06:10:00'),
(254, NULL, '28.0', 624500, '2014-05-31', 1, 1, '2018-10-16 06:10:00', '2018-10-16 06:10:00'),
(255, NULL, '19.0', 433200, '2014-06-30', 1, 1, '2018-10-16 06:10:00', '2018-10-16 06:10:00'),
(256, NULL, '40.0', 904000, '2014-07-31', 1, 1, '2018-10-16 06:10:00', '2018-10-16 06:10:00'),
(257, NULL, '94.5', 3358320, '2014-08-31', 1, 1, '2018-10-16 06:10:00', '2018-10-16 06:10:00'),
(258, NULL, '99.9', 4098000, '2014-09-30', 1, 1, '2018-10-16 06:10:00', '2018-10-16 06:10:00'),
(259, NULL, '64.5', 2587200, '2014-10-31', 1, 1, '2018-10-16 06:10:00', '2018-10-16 06:10:00'),
(260, NULL, '99.9', 6770200, '2014-11-30', 1, 1, '2018-10-16 06:10:00', '2018-10-16 06:10:00'),
(261, NULL, '40.0', 1242960, '2014-12-31', 1, 1, '2018-10-16 06:10:00', '2018-10-16 06:10:00'),
(262, NULL, '5.0', 210000, '2014-01-31', 2, 1, '2018-10-16 06:10:00', '2018-10-16 06:10:00'),
(263, NULL, '1.0', 42000, '2014-02-28', 2, 1, '2018-10-16 06:10:00', '2018-10-16 06:10:00'),
(264, NULL, '16.0', 626433, '2014-04-30', 2, 1, '2018-10-16 06:10:00', '2018-10-16 06:10:00'),
(265, NULL, '9.0', 425000, '2014-06-30', 2, 1, '2018-10-16 06:10:00', '2018-10-16 06:10:00'),
(266, NULL, '5.0', 250000, '2014-09-30', 2, 1, '2018-10-16 06:10:00', '2018-10-16 06:10:00'),
(267, NULL, '3.0', 60000, '2014-12-31', 2, 1, '2018-10-16 06:10:00', '2018-10-16 06:10:00'),
(268, NULL, '7.0', 341600, '2014-02-28', 3, 1, '2018-10-16 06:10:00', '2018-10-16 06:10:00'),
(269, NULL, '7.0', 378000, '2014-04-30', 3, 1, '2018-10-16 06:10:00', '2018-10-16 06:10:00'),
(270, NULL, '4.0', 224000, '2014-06-30', 3, 1, '2018-10-16 06:10:00', '2018-10-16 06:10:00'),
(271, NULL, '3.0', 140000, '2014-08-31', 3, 1, '2018-10-16 06:10:00', '2018-10-16 06:10:00'),
(272, NULL, '2.0', 56400, '2014-09-30', 3, 1, '2018-10-16 06:10:00', '2018-10-16 06:10:00'),
(273, NULL, '4.0', 168000, '2014-10-31', 3, 1, '2018-10-16 06:10:00', '2018-10-16 06:10:00'),
(274, NULL, '1.0', 70000, '2014-11-30', 3, 1, '2018-10-16 06:10:00', '2018-10-16 06:10:00'),
(275, NULL, '4.5', 125440, '2014-02-28', 4, 1, '2018-10-16 06:10:00', '2018-10-16 06:10:00'),
(276, NULL, '4.0', 110040, '2014-04-30', 4, 1, '2018-10-16 06:10:00', '2018-10-16 06:10:00'),
(277, NULL, '6.0', 168350, '2014-06-30', 4, 1, '2018-10-16 06:10:00', '2018-10-16 06:10:00'),
(278, NULL, '8.0', 212960, '2014-01-31', 5, 1, '2018-10-16 06:10:00', '2018-10-16 06:10:00'),
(279, NULL, '6.0', 172900, '2014-03-31', 5, 1, '2018-10-16 06:10:00', '2018-10-16 06:10:00'),
(280, NULL, '8.0', 280620, '2014-07-31', 5, 1, '2018-10-16 06:10:00', '2018-10-16 06:10:00'),
(281, NULL, '5.0', 137153, '2014-01-31', 6, 1, '2018-10-16 06:10:00', '2018-10-16 06:10:00'),
(282, NULL, '2.5', 77000, '2014-02-28', 6, 1, '2018-10-16 06:10:00', '2018-10-16 06:10:00'),
(283, NULL, '4.0', 117600, '2014-03-31', 6, 1, '2018-10-16 06:10:00', '2018-10-16 06:10:00'),
(284, NULL, '6.0', 218167, '2014-04-30', 6, 1, '2018-10-16 06:10:00', '2018-10-16 06:10:00'),
(285, NULL, '3.0', 84000, '2014-05-31', 6, 1, '2018-10-16 06:10:00', '2018-10-16 06:10:00'),
(286, NULL, '2.0', 61600, '2014-06-30', 6, 1, '2018-10-16 06:10:00', '2018-10-16 06:10:00'),
(287, NULL, '4.5', 124833, '2014-07-31', 6, 1, '2018-10-16 06:10:00', '2018-10-16 06:10:00'),
(288, NULL, '7.0', 205730, '2014-08-31', 6, 1, '2018-10-16 06:10:00', '2018-10-16 06:10:00'),
(289, NULL, '10.0', 280900, '2014-09-30', 6, 1, '2018-10-16 06:10:00', '2018-10-16 06:10:00'),
(290, NULL, '3.5', 94701, '2014-10-31', 6, 1, '2018-10-16 06:10:00', '2018-10-16 06:10:00'),
(291, NULL, '15.0', 441200, '2014-11-30', 6, 1, '2018-10-16 06:10:00', '2018-10-16 06:10:00'),
(292, NULL, '4.5', 115502, '2014-12-31', 6, 1, '2018-10-16 06:10:00', '2018-10-16 06:10:00'),
(293, NULL, '7.0', 193060, '2014-03-31', 7, 1, '2018-10-16 06:10:00', '2018-10-16 06:10:00'),
(294, NULL, '13.0', 990000, '2014-12-31', 9, 1, '2018-10-16 06:10:00', '2018-10-16 06:10:00'),
(295, NULL, '9.0', 416800, '2015-01-31', 1, 1, '2018-10-16 06:10:00', '2018-10-16 06:10:00'),
(296, NULL, '1.0', 27500, '2015-03-31', 1, 1, '2018-10-16 06:10:00', '2018-10-16 06:10:00'),
(297, NULL, '8.0', 425000, '2015-03-31', 2, 1, '2018-10-16 06:10:00', '2018-10-16 06:10:00'),
(298, NULL, '12.0', 554500, '2015-05-31', 2, 1, '2018-10-16 06:10:00', '2018-10-16 06:10:00'),
(299, NULL, '3.0', 150000, '2015-07-31', 2, 1, '2018-10-16 06:10:00', '2018-10-16 06:10:00'),
(300, NULL, '6.0', 288000, '2015-08-31', 2, 1, '2018-10-16 06:10:00', '2018-10-16 06:10:00'),
(301, NULL, '6.0', 336000, '2015-09-30', 2, 1, '2018-10-16 06:10:00', '2018-10-16 06:10:00'),
(302, NULL, '13.0', 508800, '2015-12-31', 2, 1, '2018-10-16 06:10:00', '2018-10-16 06:10:00'),
(303, NULL, '1.0', 70000, '2015-02-28', 3, 1, '2018-10-16 06:10:00', '2018-10-16 06:10:00'),
(304, NULL, '5.0', 149644, '2015-06-30', 4, 1, '2018-10-16 06:10:00', '2018-10-16 06:10:00'),
(305, NULL, '10.0', 306000, '2015-08-31', 5, 1, '2018-10-16 06:10:00', '2018-10-16 06:10:00'),
(306, NULL, '8.0', 250577, '2015-12-31', 5, 1, '2018-10-16 06:10:00', '2018-10-16 06:10:00'),
(307, NULL, '8.0', 229954, '2015-01-31', 6, 1, '2018-10-16 06:10:00', '2018-10-16 06:10:00'),
(308, NULL, '42.0', 2051290, '2015-01-31', 9, 1, '2018-10-16 06:10:00', '2018-10-16 06:10:00'),
(309, NULL, '24.0', 775300, '2015-02-28', 9, 1, '2018-10-16 06:10:00', '2018-10-16 06:10:00'),
(310, NULL, '13.0', 390000, '2015-03-31', 9, 1, '2018-10-16 06:10:00', '2018-10-16 06:10:00'),
(311, NULL, '0.5', 14645, '2015-04-30', 9, 1, '2018-10-16 06:10:00', '2018-10-16 06:10:00'),
(312, NULL, '19.5', 586004, '2015-05-31', 9, 1, '2018-10-16 06:10:00', '2018-10-16 06:10:00'),
(313, NULL, '4.0', 120000, '2015-08-31', 10, 1, '2018-10-16 06:10:00', '2018-10-16 06:10:00'),
(314, NULL, '99.9', 9609300, '2016-09-30', 1, 1, '2018-10-16 06:10:00', '2018-10-16 06:10:00'),
(315, NULL, '99.9', 9221870, '2016-10-31', 1, 1, '2018-10-16 06:10:00', '2018-10-16 06:10:00'),
(316, NULL, '99.9', 8969150, '2016-11-30', 1, 1, '2018-10-16 06:10:00', '2018-10-16 06:10:00'),
(317, NULL, '52.0', 2320600, '2016-12-31', 1, 1, '2018-10-16 06:10:00', '2018-10-16 06:10:00'),
(318, NULL, '6.0', 188727, '2016-05-31', 2, 1, '2018-10-16 06:10:00', '2018-10-16 06:10:00'),
(319, NULL, '6.0', 284000, '2016-06-30', 2, 1, '2018-10-16 06:10:00', '2018-10-16 06:10:00'),
(320, NULL, '3.0', 256500, '2016-08-31', 2, 1, '2018-10-16 06:10:00', '2018-10-16 06:10:00'),
(321, NULL, '8.0', 357840, '2016-10-31', 2, 1, '2018-10-16 06:10:00', '2018-10-16 06:10:00'),
(322, NULL, '7.0', 284000, '2016-12-31', 2, 1, '2018-10-16 06:10:00', '2018-10-16 06:10:00'),
(323, NULL, '9.0', 295418, '2016-04-30', 3, 1, '2018-10-16 06:10:00', '2018-10-16 06:10:00'),
(324, NULL, '1.0', 28000, '2016-05-31', 3, 1, '2018-10-16 06:10:00', '2018-10-16 06:10:00'),
(325, NULL, '5.0', 210000, '2016-06-30', 3, 1, '2018-10-16 06:10:00', '2018-10-16 06:10:00'),
(326, NULL, '47.0', 1516182, '2016-08-31', 3, 1, '2018-10-16 06:10:00', '2018-10-16 06:10:00'),
(327, NULL, '2.0', 162000, '2016-11-30', 3, 1, '2018-10-16 06:10:00', '2018-10-16 06:10:00'),
(328, NULL, '6.0', 188727, '2016-03-31', 4, 1, '2018-10-16 06:10:00', '2018-10-16 06:10:00'),
(329, NULL, '5.0', 156727, '2016-05-31', 4, 1, '2018-10-16 06:10:00', '2018-10-16 06:10:00'),
(330, NULL, '5.0', 159339, '2016-06-30', 4, 1, '2018-10-16 06:10:00', '2018-10-16 06:10:00'),
(331, NULL, '6.0', 192000, '2016-08-31', 4, 1, '2018-10-16 06:10:00', '2018-10-16 06:10:00'),
(332, NULL, '6.5', 225669, '2016-11-30', 4, 1, '2018-10-16 06:10:00', '2018-10-16 06:10:00'),
(333, NULL, '2.0', 64000, '2016-01-31', 5, 1, '2018-10-16 06:10:00', '2018-10-16 06:10:00'),
(334, NULL, '10.0', 484000, '2016-05-31', 5, 1, '2018-10-16 06:10:00', '2018-10-16 06:10:00'),
(335, NULL, '14.0', 446017, '2016-06-30', 5, 1, '2018-10-16 06:10:00', '2018-10-16 06:10:00'),
(336, NULL, '9.0', 295418, '2016-07-31', 5, 1, '2018-10-16 06:10:00', '2018-10-16 06:10:00'),
(337, NULL, '3.0', 86182, '2016-08-31', 6, 1, '2018-10-16 06:10:00', '2018-10-16 06:10:00'),
(338, NULL, '4.5', 141025, '2016-09-30', 6, 1, '2018-10-16 06:10:00', '2018-10-16 06:10:00'),
(339, NULL, '9.0', 285356, '2016-10-31', 6, 1, '2018-10-16 06:10:00', '2018-10-16 06:10:00'),
(340, NULL, '10.5', 332364, '2016-11-30', 6, 1, '2018-10-16 06:10:00', '2018-10-16 06:10:00'),
(341, NULL, '3.5', 109686, '2016-12-31', 6, 1, '2018-10-16 06:10:00', '2018-10-16 06:10:00'),
(342, NULL, '5.5', 175008, '2016-06-30', 7, 1, '2018-10-16 06:10:00', '2018-10-16 06:10:00'),
(343, NULL, '1.0', 32000, '2016-04-30', 8, 1, '2018-10-16 06:10:00', '2018-10-16 06:10:00'),
(344, NULL, '48.0', 1632000, '2017-01-31', 1, 1, '2018-10-16 06:10:00', '2018-10-16 06:10:00'),
(345, NULL, '19.0', 646000, '2017-06-30', 1, 1, '2018-10-16 06:10:00', '2018-10-16 06:10:00'),
(346, NULL, '37.0', 1528000, '2017-07-31', 1, 1, '2018-10-16 06:10:00', '2018-10-16 06:10:00'),
(347, NULL, '36.0', 1680920, '2017-08-31', 1, 1, '2018-10-16 06:10:00', '2018-10-16 06:10:00'),
(348, NULL, '99.9', 7936800, '2017-09-30', 1, 1, '2018-10-16 06:10:00', '2018-10-16 06:10:00'),
(349, NULL, '81.0', 4332170, '2017-10-31', 1, 1, '2018-10-16 06:10:00', '2018-10-16 06:10:00'),
(350, NULL, '36.0', 1870850, '2017-11-30', 1, 1, '2018-10-16 06:10:00', '2018-10-16 06:10:00'),
(351, NULL, '15.0', 713700, '2017-12-31', 1, 1, '2018-10-16 06:10:00', '2018-10-16 06:10:00'),
(352, NULL, '10.0', 340800, '2017-01-31', 2, 1, '2018-10-16 06:10:00', '2018-10-16 06:10:00'),
(353, NULL, '6.0', 383400, '2017-03-31', 2, 1, '2018-10-16 06:10:00', '2018-10-16 06:10:00'),
(354, NULL, '13.0', 369200, '2017-05-31', 2, 1, '2018-10-16 06:10:00', '2018-10-16 06:10:00'),
(355, NULL, '10.0', 340800, '2017-08-31', 2, 1, '2018-10-16 06:10:00', '2018-10-16 06:10:00'),
(356, NULL, '6.0', 397600, '2017-12-31', 2, 1, '2018-10-16 06:10:00', '2018-10-16 06:10:00'),
(357, NULL, '1.0', 30738, '2017-01-31', 3, 1, '2018-10-16 06:10:00', '2018-10-16 06:10:00'),
(358, NULL, '8.0', 252000, '2017-04-30', 3, 1, '2018-10-16 06:10:00', '2018-10-16 06:10:00'),
(359, NULL, '9.0', 252000, '2017-05-31', 3, 1, '2018-10-16 06:10:00', '2018-10-16 06:10:00'),
(360, NULL, '5.0', 280000, '2017-07-31', 3, 1, '2018-10-16 06:10:00', '2018-10-16 06:10:00'),
(361, NULL, '9.0', 258000, '2017-08-31', 3, 1, '2018-10-16 06:10:00', '2018-10-16 06:10:00'),
(362, NULL, '1.0', 28000, '2017-09-30', 3, 1, '2018-10-16 06:10:00', '2018-10-16 06:10:00'),
(363, NULL, '10.5', 355832, '2017-03-31', 4, 1, '2018-10-16 06:10:00', '2018-10-16 06:10:00'),
(364, NULL, '9.0', 306000, '2017-05-31', 4, 1, '2018-10-16 06:10:00', '2018-10-16 06:10:00'),
(365, NULL, '0.5', 15369, '2017-06-30', 4, 1, '2018-10-16 06:10:00', '2018-10-16 06:10:00'),
(366, NULL, '19.0', 683304, '2017-12-31', 4, 1, '2018-10-16 06:10:00', '2018-10-16 06:10:00'),
(367, NULL, '10.0', 492738, '2017-01-31', 5, 1, '2018-10-16 06:10:00', '2018-10-16 06:10:00'),
(368, NULL, '6.0', 179300, '2017-04-30', 5, 1, '2018-10-16 06:10:00', '2018-10-16 06:10:00'),
(369, NULL, '11.0', 374233, '2017-05-31', 5, 1, '2018-10-16 06:10:00', '2018-10-16 06:10:00'),
(370, NULL, '31.8', 1079424, '2017-06-30', 5, 1, '2018-10-16 06:10:00', '2018-10-16 06:10:00'),
(371, NULL, '18.5', 717000, '2017-08-31', 5, 1, '2018-10-16 06:10:00', '2018-10-16 06:10:00'),
(372, NULL, '0.5', 16766, '2017-09-30', 5, 1, '2018-10-16 06:10:00', '2018-10-16 06:10:00'),
(373, NULL, '11.5', 476443, '2017-12-31', 5, 1, '2018-10-16 06:10:00', '2018-10-16 06:10:00'),
(374, NULL, '4.0', 147544, '2017-01-31', 6, 1, '2018-10-16 06:10:00', '2018-10-16 06:10:00'),
(375, NULL, '1.5', 50299, '2017-06-30', 6, 1, '2018-10-16 06:10:00', '2018-10-16 06:10:00'),
(376, NULL, '5.0', 181076, '2017-07-31', 6, 1, '2018-10-16 06:10:00', '2018-10-16 06:10:00'),
(377, NULL, '2.0', 64271, '2017-08-31', 6, 1, '2018-10-16 06:10:00', '2018-10-16 06:10:00'),
(378, NULL, '5.3', 187967, '2017-09-30', 6, 1, '2018-10-16 06:10:00', '2018-10-16 06:10:00'),
(379, NULL, '5.0', 170805, '2017-10-31', 6, 1, '2018-10-16 06:10:00', '2018-10-16 06:10:00'),
(380, NULL, '7.8', 257084, '2017-11-30', 6, 1, '2018-10-16 06:10:00', '2018-10-16 06:10:00'),
(381, NULL, '1.0', 33533, '2017-12-31', 6, 1, '2018-10-16 06:10:00', '2018-10-16 06:10:00'),
(382, NULL, '5.0', 166738, '2017-01-31', 7, 1, '2018-10-16 06:10:00', '2018-10-16 06:10:00'),
(383, NULL, '2.0', 68000, '2017-02-28', 8, 1, '2018-10-16 06:10:00', '2018-10-16 06:10:00'),
(384, NULL, '0.5', 20492, '2017-03-31', 8, 1, '2018-10-16 06:10:00', '2018-10-16 06:10:00'),
(385, NULL, '1.0', 30000, '2017-04-30', 9, 1, '2018-10-16 06:10:00', '2018-10-16 06:10:00'),
(386, NULL, '84.0', 1485650, '2008-01-31', 1, 2, '2018-10-16 06:10:00', '2018-10-16 06:10:00'),
(387, NULL, '89.0', 1792480, '2008-02-29', 1, 2, '2018-10-16 06:10:00', '2018-10-16 06:10:00'),
(388, NULL, '49.0', 1043280, '2008-03-31', 1, 2, '2018-10-16 06:10:00', '2018-10-16 06:10:00'),
(389, NULL, '61.0', 1298200, '2008-04-30', 1, 2, '2018-10-16 06:10:00', '2018-10-16 06:10:00'),
(390, NULL, '28.0', 587220, '2008-05-31', 1, 2, '2018-10-16 06:10:00', '2018-10-16 06:10:00'),
(391, NULL, '54.0', 869430, '2008-06-30', 1, 2, '2018-10-16 06:10:00', '2018-10-16 06:10:00'),
(392, NULL, '51.0', 832300, '2008-07-31', 1, 2, '2018-10-16 06:10:00', '2018-10-16 06:10:00'),
(393, NULL, '28.0', 379800, '2008-08-31', 1, 2, '2018-10-16 06:10:00', '2018-10-16 06:10:00'),
(394, NULL, '99.9', 3346180, '2008-09-30', 1, 2, '2018-10-16 06:10:00', '2018-10-16 06:10:00'),
(395, NULL, '99.9', 3306420, '2008-10-31', 1, 2, '2018-10-16 06:10:00', '2018-10-16 06:10:00'),
(396, NULL, '99.9', 6304500, '2008-11-30', 1, 2, '2018-10-16 06:10:00', '2018-10-16 06:10:00'),
(397, NULL, '99.9', 3181250, '2008-12-31', 1, 2, '2018-10-16 06:10:00', '2018-10-16 06:10:00'),
(398, NULL, '7.0', 141680, '2008-01-31', 2, 2, '2018-10-16 06:10:00', '2018-10-16 06:10:00'),
(399, NULL, '2.5', 53850, '2008-03-31', 2, 2, '2018-10-16 06:10:00', '2018-10-16 06:10:00'),
(400, NULL, '1.5', 32310, '2008-04-30', 2, 2, '2018-10-16 06:10:00', '2018-10-16 06:10:00'),
(401, NULL, '4.5', 96930, '2008-07-31', 2, 2, '2018-10-16 06:10:00', '2018-10-16 06:10:00'),
(402, NULL, '7.0', 150780, '2008-10-31', 2, 2, '2018-10-16 06:10:00', '2018-10-16 06:10:00'),
(403, NULL, '7.0', 145580, '2008-01-31', 3, 2, '2018-10-16 06:10:00', '2018-10-16 06:10:00'),
(404, NULL, '3.0', 64620, '2008-05-31', 3, 2, '2018-10-16 06:10:00', '2018-10-16 06:10:00'),
(405, NULL, '7.0', 150780, '2008-06-30', 3, 2, '2018-10-16 06:10:00', '2018-10-16 06:10:00'),
(406, NULL, '5.0', 107700, '2008-07-31', 3, 2, '2018-10-16 06:10:00', '2018-10-16 06:10:00'),
(407, NULL, '8.0', 172320, '2008-08-31', 3, 2, '2018-10-16 06:10:00', '2018-10-16 06:10:00'),
(408, NULL, '5.0', 107700, '2008-11-30', 3, 2, '2018-10-16 06:10:00', '2018-10-16 06:10:00'),
(409, NULL, '7.0', 150780, '2008-12-31', 3, 2, '2018-10-16 06:10:00', '2018-10-16 06:10:00'),
(410, NULL, '6.0', 129240, '2008-03-31', 4, 2, '2018-10-16 06:10:00', '2018-10-16 06:10:00'),
(411, NULL, '3.0', 64620, '2008-04-30', 4, 2, '2018-10-16 06:10:00', '2018-10-16 06:10:00'),
(412, NULL, '5.5', 118470, '2008-08-31', 4, 2, '2018-10-16 06:10:00', '2018-10-16 06:10:00'),
(413, NULL, '19.0', 388460, '2008-01-31', 5, 2, '2018-10-16 06:10:00', '2018-10-16 06:10:00'),
(414, NULL, '4.0', 86160, '2008-02-29', 5, 2, '2018-10-16 06:10:00', '2018-10-16 06:10:00'),
(415, NULL, '1.0', 70000, '2008-04-30', 5, 2, '2018-10-16 06:10:00', '2018-10-16 06:10:00'),
(416, NULL, '4.0', 883120, '2008-05-31', 5, 2, '2018-10-16 06:10:00', '2018-10-16 06:10:00'),
(417, NULL, '2.0', 43080, '2008-06-30', 5, 2, '2018-10-16 06:10:00', '2018-10-16 06:10:00'),
(418, NULL, '9.0', 193860, '2008-09-30', 5, 2, '2018-10-16 06:10:00', '2018-10-16 06:10:00'),
(419, NULL, '6.0', 129240, '2008-01-31', 6, 2, '2018-10-16 06:10:00', '2018-10-16 06:10:00'),
(420, NULL, '6.5', 140010, '2008-02-29', 6, 2, '2018-10-16 06:10:00', '2018-10-16 06:10:00'),
(421, NULL, '5.0', 107700, '2008-03-31', 6, 2, '2018-10-16 06:10:00', '2018-10-16 06:10:00'),
(422, NULL, '7.5', 161550, '2008-04-30', 6, 2, '2018-10-16 06:10:00', '2018-10-16 06:10:00'),
(423, NULL, '2.0', 43080, '2008-05-31', 6, 2, '2018-10-16 06:10:00', '2018-10-16 06:10:00'),
(424, NULL, '6.0', 129240, '2008-06-30', 6, 2, '2018-10-16 06:10:00', '2018-10-16 06:10:00'),
(425, NULL, '4.5', 96930, '2008-07-31', 6, 2, '2018-10-16 06:10:00', '2018-10-16 06:10:00'),
(426, NULL, '2.5', 53850, '2008-08-31', 6, 2, '2018-10-16 06:10:00', '2018-10-16 06:10:00'),
(427, NULL, '14.5', 312330, '2008-09-30', 6, 2, '2018-10-16 06:10:00', '2018-10-16 06:10:00'),
(428, NULL, '9.5', 204630, '2008-10-31', 6, 2, '2018-10-16 06:10:00', '2018-10-16 06:10:00'),
(429, NULL, '15.5', 333870, '2008-11-30', 6, 2, '2018-10-16 06:10:00', '2018-10-16 06:10:00'),
(430, NULL, '12.5', 269250, '2008-12-31', 6, 2, '2018-10-16 06:10:00', '2018-10-16 06:10:00'),
(431, NULL, '1.0', 18000, '2008-05-31', 8, 2, '2018-10-16 06:10:00', '2018-10-16 06:10:00'),
(432, NULL, '1.0', 212964, '2008-01-31', 9, 2, '2018-10-16 06:10:00', '2018-10-16 06:10:00'),
(433, NULL, '46.0', 900750, '2009-01-31', 1, 2, '2018-10-16 06:10:00', '2018-10-16 06:10:00'),
(434, NULL, '67.0', 517300, '2009-02-28', 1, 2, '2018-10-16 06:10:00', '2018-10-16 06:10:00'),
(435, NULL, '66.0', 661300, '2009-03-31', 1, 2, '2018-10-16 06:10:00', '2018-10-16 06:10:00'),
(436, NULL, '99.9', 1744350, '2009-04-30', 1, 2, '2018-10-16 06:10:00', '2018-10-16 06:10:00'),
(437, NULL, '35.0', 700700, '2009-05-31', 1, 2, '2018-10-16 06:10:00', '2018-10-16 06:10:00'),
(438, NULL, '26.0', 337000, '2009-06-30', 1, 2, '2018-10-16 06:10:00', '2018-10-16 06:10:00'),
(439, NULL, '67.0', 695600, '2009-07-31', 1, 2, '2018-10-16 06:10:00', '2018-10-16 06:10:00'),
(440, NULL, '99.9', 1309760, '2009-08-31', 1, 2, '2018-10-16 06:10:00', '2018-10-16 06:10:00'),
(441, NULL, '99.9', 2555650, '2009-09-30', 1, 2, '2018-10-16 06:10:00', '2018-10-16 06:10:00'),
(442, NULL, '99.9', 4046430, '2009-10-31', 1, 2, '2018-10-16 06:10:00', '2018-10-16 06:10:00'),
(443, NULL, '99.9', 1263910, '2009-11-30', 1, 2, '2018-10-16 06:10:00', '2018-10-16 06:10:00'),
(444, NULL, '28.0', 563000, '2009-12-31', 1, 2, '2018-10-16 06:10:00', '2018-10-16 06:10:00'),
(445, NULL, '7.0', 162323, '2009-02-28', 2, 2, '2018-10-16 06:10:00', '2018-10-16 06:10:00'),
(446, NULL, '4.0', 92756, '2009-04-30', 2, 2, '2018-10-16 06:10:00', '2018-10-16 06:10:00'),
(447, NULL, '7.0', 162323, '2009-05-31', 2, 2, '2018-10-16 06:10:00', '2018-10-16 06:10:00'),
(448, NULL, '9.0', 208701, '2009-07-31', 2, 2, '2018-10-16 06:10:00', '2018-10-16 06:10:00'),
(449, NULL, '6.0', 139134, '2009-09-30', 2, 2, '2018-10-16 06:10:00', '2018-10-16 06:10:00'),
(450, NULL, '9.0', 208701, '2009-12-31', 2, 2, '2018-10-16 06:10:00', '2018-10-16 06:10:00'),
(451, NULL, '30.0', 480591, '2009-03-31', 3, 2, '2018-10-16 06:10:00', '2018-10-16 06:10:00'),
(452, NULL, '7.0', 162323, '2009-04-30', 3, 2, '2018-10-16 06:10:00', '2018-10-16 06:10:00'),
(453, NULL, '17.0', 427835, '2009-05-31', 3, 2, '2018-10-16 06:10:00', '2018-10-16 06:10:00'),
(454, NULL, '10.0', 231890, '2009-06-30', 3, 2, '2018-10-16 06:10:00', '2018-10-16 06:10:00'),
(455, NULL, '9.0', 208701, '2009-07-31', 3, 2, '2018-10-16 06:10:00', '2018-10-16 06:10:00'),
(456, NULL, '13.0', 301457, '2009-08-31', 3, 2, '2018-10-16 06:10:00', '2018-10-16 06:10:00'),
(457, NULL, '13.0', 301457, '2009-09-30', 3, 2, '2018-10-16 06:10:00', '2018-10-16 06:10:00'),
(458, NULL, '12.5', 289863, '2009-10-31', 3, 2, '2018-10-16 06:10:00', '2018-10-16 06:10:00'),
(459, NULL, '1.0', 23189, '2009-11-30', 3, 2, '2018-10-16 06:10:00', '2018-10-16 06:10:00'),
(460, NULL, '13.0', 301457, '2009-02-28', 4, 2, '2018-10-16 06:10:00', '2018-10-16 06:10:00'),
(461, NULL, '6.5', 150729, '2009-06-30', 4, 2, '2018-10-16 06:10:00', '2018-10-16 06:10:00'),
(462, NULL, '1.0', 21540, '2009-01-31', 5, 2, '2018-10-16 06:10:00', '2018-10-16 06:10:00'),
(463, NULL, '3.5', 418795, '2009-02-28', 5, 2, '2018-10-16 06:10:00', '2018-10-16 06:10:00'),
(464, NULL, '7.0', 162323, '2009-04-30', 5, 2, '2018-10-16 06:10:00', '2018-10-16 06:10:00'),
(465, NULL, '2.0', 275200, '2009-05-31', 5, 2, '2018-10-16 06:10:00', '2018-10-16 06:10:00'),
(466, NULL, '5.0', 169556, '2009-06-30', 5, 2, '2018-10-16 06:10:00', '2018-10-16 06:10:00'),
(467, NULL, '2.0', 1022400, '2009-07-31', 5, 2, '2018-10-16 06:10:00', '2018-10-16 06:10:00'),
(468, NULL, '6.0', 139134, '2009-09-30', 5, 2, '2018-10-16 06:10:00', '2018-10-16 06:10:00'),
(469, NULL, '1.0', 23189, '2009-12-31', 5, 2, '2018-10-16 06:10:00', '2018-10-16 06:10:00'),
(470, NULL, '3.5', 81162, '2009-01-31', 6, 2, '2018-10-16 06:10:00', '2018-10-16 06:10:00'),
(471, NULL, '7.0', 162323, '2009-02-28', 6, 2, '2018-10-16 06:10:00', '2018-10-16 06:10:00'),
(472, NULL, '5.0', 115945, '2009-03-31', 6, 2, '2018-10-16 06:10:00', '2018-10-16 06:10:00'),
(473, NULL, '8.0', 185512, '2009-04-30', 6, 2, '2018-10-16 06:10:00', '2018-10-16 06:10:00'),
(474, NULL, '5.5', 127540, '2009-05-31', 6, 2, '2018-10-16 06:10:00', '2018-10-16 06:10:00'),
(475, NULL, '2.0', 46378, '2009-06-30', 6, 2, '2018-10-16 06:10:00', '2018-10-16 06:10:00'),
(476, NULL, '4.0', 92756, '2009-07-31', 6, 2, '2018-10-16 06:10:00', '2018-10-16 06:10:00'),
(477, NULL, '6.0', 139134, '2009-08-31', 6, 2, '2018-10-16 06:10:00', '2018-10-16 06:10:00'),
(478, NULL, '8.5', 197107, '2009-09-30', 6, 2, '2018-10-16 06:10:00', '2018-10-16 06:10:00'),
(479, NULL, '15.0', 347835, '2009-10-31', 6, 2, '2018-10-16 06:10:00', '2018-10-16 06:10:00'),
(480, NULL, '8.0', 185512, '2009-11-30', 6, 2, '2018-10-16 06:10:00', '2018-10-16 06:10:00'),
(481, NULL, '13.0', 301457, '2009-12-31', 6, 2, '2018-10-16 06:10:00', '2018-10-16 06:10:00'),
(482, NULL, '1.5', 34784, '2009-12-31', 7, 2, '2018-10-16 06:10:00', '2018-10-16 06:10:00'),
(483, NULL, '99.9', 2473079, '2009-12-31', 9, 2, '2018-10-16 06:10:00', '2018-10-16 06:10:00'),
(484, NULL, '1.0', 24000, '2010-01-31', 2, 2, '2018-10-16 06:10:00', '2018-10-16 06:10:00'),
(485, NULL, '19.0', 456165, '2010-02-28', 2, 2, '2018-10-16 06:10:00', '2018-10-16 06:10:00'),
(486, NULL, '0.5', 12000, '2010-04-30', 2, 2, '2018-10-16 06:10:00', '2018-10-16 06:10:00'),
(487, NULL, '48.0', 1152000, '2010-05-31', 2, 2, '2018-10-16 06:10:00', '2018-10-16 06:10:00'),
(488, NULL, '18.0', 432000, '2010-07-31', 2, 2, '2018-10-16 06:10:00', '2018-10-16 06:10:00'),
(489, NULL, '5.0', 120000, '2010-08-31', 2, 2, '2018-10-16 06:10:00', '2018-10-16 06:10:00'),
(490, NULL, '48.5', 1164017, '2010-09-30', 2, 2, '2018-10-16 06:10:00', '2018-10-16 06:10:00'),
(491, NULL, '12.0', 561100, '2010-11-30', 2, 2, '2018-10-16 06:10:00', '2018-10-16 06:10:00'),
(492, NULL, '44.5', 1164000, '2010-12-31', 2, 2, '2018-10-16 06:10:00', '2018-10-16 06:10:00'),
(493, NULL, '7.5', 176756, '2010-01-31', 3, 2, '2018-10-16 06:10:00', '2018-10-16 06:10:00'),
(494, NULL, '0.5', 12000, '2010-02-28', 3, 2, '2018-10-16 06:10:00', '2018-10-16 06:10:00'),
(495, NULL, '3.0', 72000, '2010-03-31', 3, 2, '2018-10-16 06:10:00', '2018-10-16 06:10:00'),
(496, NULL, '2.0', 48000, '2010-12-31', 3, 2, '2018-10-16 06:10:00', '2018-10-16 06:10:00'),
(497, NULL, '4.0', 96033, '2010-06-30', 4, 2, '2018-10-16 06:10:00', '2018-10-16 06:10:00'),
(498, NULL, '2.0', 48000, '2010-07-31', 4, 2, '2018-10-16 06:10:00', '2018-10-16 06:10:00'),
(499, NULL, '3.0', 72000, '2010-08-31', 4, 2, '2018-10-16 06:10:00', '2018-10-16 06:10:00'),
(500, NULL, '3.0', 72000, '2010-09-30', 4, 2, '2018-10-16 06:10:00', '2018-10-16 06:10:00'),
(501, NULL, '12.0', 270500, '2010-11-30', 4, 2, '2018-10-16 06:10:00', '2018-10-16 06:10:00'),
(502, NULL, '8.5', 204000, '2010-12-31', 4, 2, '2018-10-16 06:10:00', '2018-10-16 06:10:00'),
(503, NULL, '35.5', 1010009, '2010-01-31', 5, 2, '2018-10-16 06:10:00', '2018-10-16 06:10:00'),
(504, NULL, '10.0', 185448, '2010-02-28', 5, 2, '2018-10-16 06:10:00', '2018-10-16 06:10:00'),
(505, NULL, '1.5', 36000, '2010-04-30', 5, 2, '2018-10-16 06:10:00', '2018-10-16 06:10:00'),
(506, NULL, '1.0', 20000, '2010-05-31', 5, 2, '2018-10-16 06:10:00', '2018-10-16 06:10:00'),
(507, NULL, '16.0', 354000, '2010-06-30', 5, 2, '2018-10-16 06:10:00', '2018-10-16 06:10:00'),
(508, NULL, '31.0', 744000, '2010-07-31', 5, 2, '2018-10-16 06:10:00', '2018-10-16 06:10:00'),
(509, NULL, '8.0', 189000, '2010-09-30', 5, 2, '2018-10-16 06:10:00', '2018-10-16 06:10:00'),
(510, NULL, '2.0', 48000, '2010-11-30', 5, 2, '2018-10-16 06:10:00', '2018-10-16 06:10:00'),
(511, NULL, '6.0', 228000, '2010-12-31', 5, 2, '2018-10-16 06:10:00', '2018-10-16 06:10:00'),
(512, NULL, '3.5', 82428, '2010-01-31', 6, 2, '2018-10-16 06:10:00', '2018-10-16 06:10:00'),
(513, NULL, '1.0', 23189, '2010-01-31', 7, 2, '2018-10-16 06:10:00', '2018-10-16 06:10:00'),
(514, NULL, '8.0', 334200, '2010-06-30', 8, 2, '2018-10-16 06:10:00', '2018-10-16 06:10:00'),
(515, NULL, '43.0', 957346, '2010-01-31', 9, 2, '2018-10-16 06:10:00', '2018-10-16 06:10:00'),
(516, NULL, '5.0', 173056, '2010-02-28', 9, 2, '2018-10-16 06:10:00', '2018-10-16 06:10:00'),
(517, NULL, '9.0', 261550, '2010-03-31', 9, 2, '2018-10-16 06:10:00', '2018-10-16 06:10:00'),
(518, NULL, '6.0', 146000, '2010-04-30', 9, 2, '2018-10-16 06:10:00', '2018-10-16 06:10:00'),
(519, NULL, '6.0', 280670, '2010-06-30', 9, 2, '2018-10-16 06:10:00', '2018-10-16 06:10:00'),
(520, NULL, '11.0', 499100, '2010-07-31', 9, 2, '2018-10-16 06:10:00', '2018-10-16 06:10:00'),
(521, NULL, '1.5', 36000, '2010-06-30', 10, 2, '2018-10-16 06:10:00', '2018-10-16 06:10:00'),
(522, NULL, '0.5', 12000, '2010-07-31', 10, 2, '2018-10-16 06:10:00', '2018-10-16 06:10:00'),
(523, NULL, '12.0', 297940, '2011-06-30', 1, 2, '2018-10-16 06:10:00', '2018-10-16 06:10:00'),
(524, NULL, '11.0', 274934, '2011-07-31', 1, 2, '2018-10-16 06:10:00', '2018-10-16 06:10:00'),
(525, NULL, '32.0', 896510, '2011-08-31', 1, 2, '2018-10-16 06:10:00', '2018-10-16 06:10:00'),
(526, NULL, '37.0', 1112900, '2011-09-30', 1, 2, '2018-10-16 06:10:00', '2018-10-16 06:10:00'),
(527, NULL, '99.9', 6133900, '2011-10-31', 1, 2, '2018-10-16 06:10:00', '2018-10-16 06:10:00'),
(528, NULL, '28.0', 793220, '2011-11-30', 1, 2, '2018-10-16 06:10:00', '2018-10-16 06:10:00'),
(529, NULL, '42.0', 859960, '2011-12-31', 1, 2, '2018-10-16 06:10:00', '2018-10-16 06:10:00'),
(530, NULL, '17.0', 408000, '2011-01-31', 2, 2, '2018-10-16 06:10:00', '2018-10-16 06:10:00'),
(531, NULL, '17.0', 424898, '2011-02-28', 2, 2, '2018-10-16 06:10:00', '2018-10-16 06:10:00'),
(532, NULL, '24.0', 578433, '2011-03-31', 2, 2, '2018-10-16 06:10:00', '2018-10-16 06:10:00'),
(533, NULL, '42.0', 1049748, '2011-04-30', 2, 2, '2018-10-16 06:10:00', '2018-10-16 06:10:00'),
(534, NULL, '21.5', 534389, '2011-06-30', 2, 2, '2018-10-16 06:10:00', '2018-10-16 06:10:00'),
(535, NULL, '4.0', 99976, '2011-07-31', 2, 2, '2018-10-16 06:10:00', '2018-10-16 06:10:00'),
(536, NULL, '32.0', 799808, '2011-08-31', 2, 2, '2018-10-16 06:10:00', '2018-10-16 06:10:00'),
(537, NULL, '5.0', 124970, '2011-09-30', 2, 2, '2018-10-16 06:10:00', '2018-10-16 06:10:00'),
(538, NULL, '4.0', 468000, '2011-12-31', 2, 2, '2018-10-16 06:10:00', '2018-10-16 06:10:00'),
(539, NULL, '8.0', 199952, '2011-05-31', 3, 2, '2018-10-16 06:10:00', '2018-10-16 06:10:00'),
(540, NULL, '3.0', 74982, '2011-06-30', 3, 2, '2018-10-16 06:10:00', '2018-10-16 06:10:00'),
(541, NULL, '11.0', 274934, '2011-07-31', 3, 2, '2018-10-16 06:10:00', '2018-10-16 06:10:00'),
(542, NULL, '11.0', 274934, '2011-08-31', 3, 2, '2018-10-16 06:10:00', '2018-10-16 06:10:00'),
(543, NULL, '3.0', 74982, '2011-09-30', 3, 2, '2018-10-16 06:10:00', '2018-10-16 06:10:00');
INSERT INTO `labores` (`id`, `descripcion`, `cantidadmo`, `costo`, `periodo`, `grupo_labor_id`, `lote_id`, `created_at`, `updated_at`) VALUES
(544, NULL, '4.5', 112473, '2011-10-31', 3, 2, '2018-10-16 06:10:00', '2018-10-16 06:10:00'),
(545, NULL, '6.0', 149964, '2011-04-30', 4, 2, '2018-10-16 06:10:00', '2018-10-16 06:10:00'),
(546, NULL, '5.0', 124970, '2011-06-30', 4, 2, '2018-10-16 06:10:00', '2018-10-16 06:10:00'),
(547, NULL, '17.5', 437395, '2011-07-31', 4, 2, '2018-10-16 06:10:00', '2018-10-16 06:10:00'),
(548, NULL, '1.0', 36000, '2011-01-31', 5, 2, '2018-10-16 06:10:00', '2018-10-16 06:10:00'),
(549, NULL, '6.0', 149964, '2011-02-28', 5, 2, '2018-10-16 06:10:00', '2018-10-16 06:10:00'),
(550, NULL, '8.0', 189000, '2011-03-31', 5, 2, '2018-10-16 06:10:00', '2018-10-16 06:10:00'),
(551, NULL, '1.0', 24994, '2011-04-30', 5, 2, '2018-10-16 06:10:00', '2018-10-16 06:10:00'),
(552, NULL, '3.0', 74982, '2011-05-31', 5, 2, '2018-10-16 06:10:00', '2018-10-16 06:10:00'),
(553, NULL, '4.0', 99000, '2011-06-30', 5, 2, '2018-10-16 06:10:00', '2018-10-16 06:10:00'),
(554, NULL, '6.0', 132000, '2011-07-31', 5, 2, '2018-10-16 06:10:00', '2018-10-16 06:10:00'),
(555, NULL, '14.0', 366800, '2011-11-30', 5, 2, '2018-10-16 06:10:00', '2018-10-16 06:10:00'),
(556, NULL, '2.0', 49988, '2011-12-31', 5, 2, '2018-10-16 06:10:00', '2018-10-16 06:10:00'),
(557, NULL, '2.0', 49988, '2011-07-31', 6, 2, '2018-10-16 06:10:00', '2018-10-16 06:10:00'),
(558, NULL, '2.0', 49988, '2011-08-31', 6, 2, '2018-10-16 06:10:00', '2018-10-16 06:10:00'),
(559, NULL, '3.0', 74982, '2011-09-30', 6, 2, '2018-10-16 06:10:00', '2018-10-16 06:10:00'),
(560, NULL, '8.0', 199952, '2011-10-31', 6, 2, '2018-10-16 06:10:00', '2018-10-16 06:10:00'),
(561, NULL, '2.5', 62485, '2011-11-30', 6, 2, '2018-10-16 06:10:00', '2018-10-16 06:10:00'),
(562, NULL, '2.5', 62485, '2011-12-31', 6, 2, '2018-10-16 06:10:00', '2018-10-16 06:10:00'),
(563, NULL, '19.0', 537116, '2011-02-28', 7, 2, '2018-10-16 06:10:00', '2018-10-16 06:10:00'),
(564, NULL, '99.9', 3223869, '2011-03-31', 7, 2, '2018-10-16 06:10:00', '2018-10-16 06:10:00'),
(565, NULL, '52.5', 1306718, '2011-04-30', 7, 2, '2018-10-16 06:10:00', '2018-10-16 06:10:00'),
(566, NULL, '1.0', 24994, '2011-12-31', 8, 2, '2018-10-16 06:10:00', '2018-10-16 06:10:00'),
(567, NULL, '29.0', 712800, '2012-01-31', 1, 2, '2018-10-16 06:10:00', '2018-10-16 06:10:00'),
(568, NULL, '32.0', 1224870, '2012-02-29', 1, 2, '2018-10-16 06:10:00', '2018-10-16 06:10:00'),
(569, NULL, '48.0', 1014020, '2012-03-31', 1, 2, '2018-10-16 06:10:00', '2018-10-16 06:10:00'),
(570, NULL, '6.0', 148000, '2012-04-30', 1, 2, '2018-10-16 06:10:00', '2018-10-16 06:10:00'),
(571, NULL, '31.0', 742150, '2012-05-31', 1, 2, '2018-10-16 06:10:00', '2018-10-16 06:10:00'),
(572, NULL, '30.0', 816900, '2012-06-30', 1, 2, '2018-10-16 06:10:00', '2018-10-16 06:10:00'),
(573, NULL, '31.0', 652500, '2012-07-31', 1, 2, '2018-10-16 06:10:00', '2018-10-16 06:10:00'),
(574, NULL, '57.0', 1308870, '2012-08-31', 1, 2, '2018-10-16 06:10:00', '2018-10-16 06:10:00'),
(575, NULL, '67.5', 2107710, '2012-09-30', 1, 2, '2018-10-16 06:10:00', '2018-10-16 06:10:00'),
(576, NULL, '97.0', 3528600, '2012-10-31', 1, 2, '2018-10-16 06:10:00', '2018-10-16 06:10:00'),
(577, NULL, '99.9', 4301180, '2012-11-30', 1, 2, '2018-10-16 06:10:00', '2018-10-16 06:10:00'),
(578, NULL, '49.0', 1020460, '2012-12-31', 1, 2, '2018-10-16 06:10:00', '2018-10-16 06:10:00'),
(579, NULL, '11.0', 290906, '2012-01-31', 2, 2, '2018-10-16 06:10:00', '2018-10-16 06:10:00'),
(580, NULL, '14.0', 370244, '2012-02-29', 2, 2, '2018-10-16 06:10:00', '2018-10-16 06:10:00'),
(581, NULL, '7.0', 203122, '2012-03-31', 2, 2, '2018-10-16 06:10:00', '2018-10-16 06:10:00'),
(582, NULL, '8.0', 211568, '2012-04-30', 2, 2, '2018-10-16 06:10:00', '2018-10-16 06:10:00'),
(583, NULL, '39.0', 1049394, '2012-05-31', 2, 2, '2018-10-16 06:10:00', '2018-10-16 06:10:00'),
(584, NULL, '1.0', 26446, '2012-06-30', 2, 2, '2018-10-16 06:10:00', '2018-10-16 06:10:00'),
(585, NULL, '9.0', 256014, '2012-07-31', 2, 2, '2018-10-16 06:10:00', '2018-10-16 06:10:00'),
(586, NULL, '12.0', 326352, '2012-09-30', 2, 2, '2018-10-16 06:10:00', '2018-10-16 06:10:00'),
(587, NULL, '10.0', 269749, '2012-11-30', 2, 2, '2018-10-16 06:10:00', '2018-10-16 06:10:00'),
(588, NULL, '7.0', 350000, '2012-12-31', 2, 2, '2018-10-16 06:10:00', '2018-10-16 06:10:00'),
(589, NULL, '1.0', 26446, '2012-01-31', 3, 2, '2018-10-16 06:10:00', '2018-10-16 06:10:00'),
(590, NULL, '1.0', 26446, '2012-02-29', 3, 2, '2018-10-16 06:10:00', '2018-10-16 06:10:00'),
(591, NULL, '3.0', 79338, '2012-03-31', 3, 2, '2018-10-16 06:10:00', '2018-10-16 06:10:00'),
(592, NULL, '1.0', 26446, '2012-04-30', 3, 2, '2018-10-16 06:10:00', '2018-10-16 06:10:00'),
(593, NULL, '3.0', 79338, '2012-05-31', 3, 2, '2018-10-16 06:10:00', '2018-10-16 06:10:00'),
(594, NULL, '1.0', 26446, '2012-06-30', 3, 2, '2018-10-16 06:10:00', '2018-10-16 06:10:00'),
(595, NULL, '2.0', 52892, '2012-07-31', 3, 2, '2018-10-16 06:10:00', '2018-10-16 06:10:00'),
(596, NULL, '1.0', 26446, '2012-08-31', 3, 2, '2018-10-16 06:10:00', '2018-10-16 06:10:00'),
(597, NULL, '1.0', 26446, '2012-09-30', 3, 2, '2018-10-16 06:10:00', '2018-10-16 06:10:00'),
(598, NULL, '7.0', 185122, '2012-10-31', 3, 2, '2018-10-16 06:10:00', '2018-10-16 06:10:00'),
(599, NULL, '5.0', 132230, '2012-11-30', 3, 2, '2018-10-16 06:10:00', '2018-10-16 06:10:00'),
(600, NULL, '5.0', 132230, '2012-01-31', 4, 2, '2018-10-16 06:10:00', '2018-10-16 06:10:00'),
(601, NULL, '10.5', 277683, '2012-02-29', 4, 2, '2018-10-16 06:10:00', '2018-10-16 06:10:00'),
(602, NULL, '1.5', 39669, '2012-03-31', 4, 2, '2018-10-16 06:10:00', '2018-10-16 06:10:00'),
(603, NULL, '12.0', 317352, '2012-05-31', 4, 2, '2018-10-16 06:10:00', '2018-10-16 06:10:00'),
(604, NULL, '11.0', 277660, '2012-07-31', 4, 2, '2018-10-16 06:10:00', '2018-10-16 06:10:00'),
(605, NULL, '8.0', 371759, '2012-08-31', 4, 2, '2018-10-16 06:10:00', '2018-10-16 06:10:00'),
(606, NULL, '8.0', 220568, '2012-10-31', 4, 2, '2018-10-16 06:10:00', '2018-10-16 06:10:00'),
(607, NULL, '4.0', 105784, '2012-11-30', 4, 2, '2018-10-16 06:10:00', '2018-10-16 06:10:00'),
(608, NULL, '2.0', 52892, '2012-01-31', 5, 2, '2018-10-16 06:10:00', '2018-10-16 06:10:00'),
(609, NULL, '12.0', 315000, '2012-04-30', 5, 2, '2018-10-16 06:10:00', '2018-10-16 06:10:00'),
(610, NULL, '2.0', 52892, '2012-05-31', 5, 2, '2018-10-16 06:10:00', '2018-10-16 06:10:00'),
(611, NULL, '9.0', 239040, '2012-08-31', 5, 2, '2018-10-16 06:10:00', '2018-10-16 06:10:00'),
(612, NULL, '3.0', 79338, '2012-09-30', 5, 2, '2018-10-16 06:10:00', '2018-10-16 06:10:00'),
(613, NULL, '2.0', 52892, '2012-11-30', 5, 2, '2018-10-16 06:10:00', '2018-10-16 06:10:00'),
(614, NULL, '1.5', 38217, '2012-01-31', 6, 2, '2018-10-16 06:10:00', '2018-10-16 06:10:00'),
(615, NULL, '2.0', 52892, '2012-02-29', 6, 2, '2018-10-16 06:10:00', '2018-10-16 06:10:00'),
(616, NULL, '3.0', 79338, '2012-03-31', 6, 2, '2018-10-16 06:10:00', '2018-10-16 06:10:00'),
(617, NULL, '2.0', 52892, '2012-04-30', 6, 2, '2018-10-16 06:10:00', '2018-10-16 06:10:00'),
(618, NULL, '3.0', 79338, '2012-05-31', 6, 2, '2018-10-16 06:10:00', '2018-10-16 06:10:00'),
(619, NULL, '3.5', 92561, '2012-06-30', 6, 2, '2018-10-16 06:10:00', '2018-10-16 06:10:00'),
(620, NULL, '2.5', 66115, '2012-07-31', 6, 2, '2018-10-16 06:10:00', '2018-10-16 06:10:00'),
(621, NULL, '2.5', 66115, '2012-08-31', 6, 2, '2018-10-16 06:10:00', '2018-10-16 06:10:00'),
(622, NULL, '2.0', 52892, '2012-09-30', 6, 2, '2018-10-16 06:10:00', '2018-10-16 06:10:00'),
(623, NULL, '2.5', 66115, '2012-10-31', 6, 2, '2018-10-16 06:10:00', '2018-10-16 06:10:00'),
(624, NULL, '4.5', 119007, '2012-11-30', 6, 2, '2018-10-16 06:10:00', '2018-10-16 06:10:00'),
(625, NULL, '5.0', 132230, '2012-12-31', 6, 2, '2018-10-16 06:10:00', '2018-10-16 06:10:00'),
(626, NULL, '6.0', 158676, '2012-04-30', 7, 2, '2018-10-16 06:10:00', '2018-10-16 06:10:00'),
(627, NULL, '6.0', 158676, '2012-05-31', 7, 2, '2018-10-16 06:10:00', '2018-10-16 06:10:00'),
(628, NULL, '27.0', 708800, '2013-01-31', 1, 2, '2018-10-16 06:10:00', '2018-10-16 06:10:00'),
(629, NULL, '92.0', 2858400, '2013-02-28', 1, 2, '2018-10-16 06:10:00', '2018-10-16 06:10:00'),
(630, NULL, '45.0', 1353600, '2013-03-31', 1, 2, '2018-10-16 06:10:00', '2018-10-16 06:10:00'),
(631, NULL, '26.0', 966600, '2013-04-30', 1, 2, '2018-10-16 06:10:00', '2018-10-16 06:10:00'),
(632, NULL, '36.0', 995250, '2013-05-31', 1, 2, '2018-10-16 06:10:00', '2018-10-16 06:10:00'),
(633, NULL, '8.0', 198000, '2013-06-30', 1, 2, '2018-10-16 06:10:00', '2018-10-16 06:10:00'),
(634, NULL, '13.0', 316200, '2013-07-31', 1, 2, '2018-10-16 06:10:00', '2018-10-16 06:10:00'),
(635, NULL, '71.0', 1950600, '2013-08-31', 1, 2, '2018-10-16 06:10:00', '2018-10-16 06:10:00'),
(636, NULL, '89.0', 2153350, '2013-09-30', 1, 2, '2018-10-16 06:10:00', '2018-10-16 06:10:00'),
(637, NULL, '99.9', 3541920, '2013-10-31', 1, 2, '2018-10-16 06:10:00', '2018-10-16 06:10:00'),
(638, NULL, '99.9', 5193080, '2013-11-30', 1, 2, '2018-10-16 06:10:00', '2018-10-16 06:10:00'),
(639, NULL, '99.9', 3760400, '2013-12-31', 1, 2, '2018-10-16 06:10:00', '2018-10-16 06:10:00'),
(640, NULL, '6.0', 315000, '2013-03-31', 2, 2, '2018-10-16 06:10:00', '2018-10-16 06:10:00'),
(641, NULL, '12.0', 468000, '2013-05-31', 2, 2, '2018-10-16 06:10:00', '2018-10-16 06:10:00'),
(642, NULL, '31.0', 1080660, '2013-07-31', 2, 2, '2018-10-16 06:10:00', '2018-10-16 06:10:00'),
(643, NULL, '5.0', 137550, '2013-10-31', 2, 2, '2018-10-16 06:10:00', '2018-10-16 06:10:00'),
(644, NULL, '55.0', 1711027, '2013-11-30', 2, 2, '2018-10-16 06:10:00', '2018-10-16 06:10:00'),
(645, NULL, '1.0', 26446, '2013-01-31', 3, 2, '2018-10-16 06:10:00', '2018-10-16 06:10:00'),
(646, NULL, '6.0', 266000, '2013-03-31', 3, 2, '2018-10-16 06:10:00', '2018-10-16 06:10:00'),
(647, NULL, '2.0', 168000, '2013-04-30', 3, 2, '2018-10-16 06:10:00', '2018-10-16 06:10:00'),
(648, NULL, '10.0', 250000, '2013-05-31', 3, 2, '2018-10-16 06:10:00', '2018-10-16 06:10:00'),
(649, NULL, '5.0', 280000, '2013-07-31', 3, 2, '2018-10-16 06:10:00', '2018-10-16 06:10:00'),
(650, NULL, '7.0', 300000, '2013-08-31', 3, 2, '2018-10-16 06:10:00', '2018-10-16 06:10:00'),
(651, NULL, '3.0', 93000, '2013-12-31', 3, 2, '2018-10-16 06:10:00', '2018-10-16 06:10:00'),
(652, NULL, '3.0', 82530, '2013-02-28', 4, 2, '2018-10-16 06:10:00', '2018-10-16 06:10:00'),
(653, NULL, '7.0', 191141, '2013-04-30', 4, 2, '2018-10-16 06:10:00', '2018-10-16 06:10:00'),
(654, NULL, '5.0', 139515, '2013-06-30', 4, 2, '2018-10-16 06:10:00', '2018-10-16 06:10:00'),
(655, NULL, '16.5', 541657, '2013-07-31', 4, 2, '2018-10-16 06:10:00', '2018-10-16 06:10:00'),
(656, NULL, '9.0', 246876, '2013-08-31', 4, 2, '2018-10-16 06:10:00', '2018-10-16 06:10:00'),
(657, NULL, '11.0', 370338, '2013-01-31', 5, 2, '2018-10-16 06:10:00', '2018-10-16 06:10:00'),
(658, NULL, '0.5', 16375, '2013-03-31', 5, 2, '2018-10-16 06:10:00', '2018-10-16 06:10:00'),
(659, NULL, '8.0', 211500, '2013-06-30', 5, 2, '2018-10-16 06:10:00', '2018-10-16 06:10:00'),
(660, NULL, '12.0', 306000, '2013-07-31', 5, 2, '2018-10-16 06:10:00', '2018-10-16 06:10:00'),
(661, NULL, '1.0', 27510, '2013-10-31', 5, 2, '2018-10-16 06:10:00', '2018-10-16 06:10:00'),
(662, NULL, '1.0', 27510, '2013-11-30', 5, 2, '2018-10-16 06:10:00', '2018-10-16 06:10:00'),
(663, NULL, '3.3', 97912, '2013-01-31', 6, 2, '2018-10-16 06:10:00', '2018-10-16 06:10:00'),
(664, NULL, '5.0', 122810, '2013-02-28', 6, 2, '2018-10-16 06:10:00', '2018-10-16 06:10:00'),
(665, NULL, '6.5', 192034, '2013-03-31', 6, 2, '2018-10-16 06:10:00', '2018-10-16 06:10:00'),
(666, NULL, '2.0', 53591, '2013-04-30', 6, 2, '2018-10-16 06:10:00', '2018-10-16 06:10:00'),
(667, NULL, '5.0', 129512, '2013-05-31', 6, 2, '2018-10-16 06:10:00', '2018-10-16 06:10:00'),
(668, NULL, '2.0', 58950, '2013-06-30', 6, 2, '2018-10-16 06:10:00', '2018-10-16 06:10:00'),
(669, NULL, '1.5', 40194, '2013-07-31', 6, 2, '2018-10-16 06:10:00', '2018-10-16 06:10:00'),
(670, NULL, '5.5', 147375, '2013-08-31', 6, 2, '2018-10-16 06:10:00', '2018-10-16 06:10:00'),
(671, NULL, '8.0', 225618, '2013-09-30', 6, 2, '2018-10-16 06:10:00', '2018-10-16 06:10:00'),
(672, NULL, '11.5', 302476, '2013-10-31', 6, 2, '2018-10-16 06:10:00', '2018-10-16 06:10:00'),
(673, NULL, '10.5', 296983, '2013-11-30', 6, 2, '2018-10-16 06:10:00', '2018-10-16 06:10:00'),
(674, NULL, '8.5', 237765, '2013-12-31', 6, 2, '2018-10-16 06:10:00', '2018-10-16 06:10:00'),
(675, NULL, '1.0', 45000, '2013-07-31', 8, 2, '2018-10-16 06:10:00', '2018-10-16 06:10:00'),
(676, NULL, '2.0', 55200, '2013-08-31', 8, 2, '2018-10-16 06:10:00', '2018-10-16 06:10:00'),
(677, NULL, '99.9', 2798800, '2014-01-31', 1, 2, '2018-10-16 06:10:00', '2018-10-16 06:10:00'),
(678, NULL, '83.0', 1759950, '2014-02-28', 1, 2, '2018-10-16 06:10:00', '2018-10-16 06:10:00'),
(679, NULL, '90.0', 2874400, '2014-03-31', 1, 2, '2018-10-16 06:10:00', '2018-10-16 06:10:00'),
(680, NULL, '35.0', 1071850, '2014-04-30', 1, 2, '2018-10-16 06:10:00', '2018-10-16 06:10:00'),
(681, NULL, '31.0', 582000, '2014-05-31', 1, 2, '2018-10-16 06:10:00', '2018-10-16 06:10:00'),
(682, NULL, '19.0', 285000, '2014-06-30', 1, 2, '2018-10-16 06:10:00', '2018-10-16 06:10:00'),
(683, NULL, '26.0', 366500, '2014-07-31', 1, 2, '2018-10-16 06:10:00', '2018-10-16 06:10:00'),
(684, NULL, '99.9', 2915440, '2014-08-31', 1, 2, '2018-10-16 06:10:00', '2018-10-16 06:10:00'),
(685, NULL, '99.9', 6463600, '2014-09-30', 1, 2, '2018-10-16 06:10:00', '2018-10-16 06:10:00'),
(686, NULL, '99.9', 6800850, '2014-10-31', 1, 2, '2018-10-16 06:10:00', '2018-10-16 06:10:00'),
(687, NULL, '99.9', 5822550, '2014-11-30', 1, 2, '2018-10-16 06:10:00', '2018-10-16 06:10:00'),
(688, NULL, '58.0', 2010660, '2014-12-31', 1, 2, '2018-10-16 06:10:00', '2018-10-16 06:10:00'),
(689, NULL, '8.0', 336000, '2014-01-31', 2, 2, '2018-10-16 06:10:00', '2018-10-16 06:10:00'),
(690, NULL, '1.0', 63000, '2014-02-28', 2, 2, '2018-10-16 06:10:00', '2018-10-16 06:10:00'),
(691, NULL, '6.0', 165550, '2014-03-31', 2, 2, '2018-10-16 06:10:00', '2018-10-16 06:10:00'),
(692, NULL, '34.4', 1211957, '2014-04-30', 2, 2, '2018-10-16 06:10:00', '2018-10-16 06:10:00'),
(693, NULL, '5.0', 300000, '2014-05-31', 2, 2, '2018-10-16 06:10:00', '2018-10-16 06:10:00'),
(694, NULL, '4.0', 175000, '2014-06-30', 2, 2, '2018-10-16 06:10:00', '2018-10-16 06:10:00'),
(695, NULL, '1.0', 28000, '2014-07-31', 2, 2, '2018-10-16 06:10:00', '2018-10-16 06:10:00'),
(696, NULL, '10.0', 550000, '2014-09-30', 2, 2, '2018-10-16 06:10:00', '2018-10-16 06:10:00'),
(697, NULL, '14.0', 470000, '2014-12-31', 2, 2, '2018-10-16 06:10:00', '2018-10-16 06:10:00'),
(698, NULL, '16.5', 732200, '2014-02-28', 3, 2, '2018-10-16 06:10:00', '2018-10-16 06:10:00'),
(699, NULL, '4.0', 336000, '2014-04-30', 3, 2, '2018-10-16 06:10:00', '2018-10-16 06:10:00'),
(700, NULL, '8.0', 397600, '2014-06-30', 3, 2, '2018-10-16 06:10:00', '2018-10-16 06:10:00'),
(701, NULL, '8.0', 420000, '2014-08-31', 3, 2, '2018-10-16 06:10:00', '2018-10-16 06:10:00'),
(702, NULL, '7.0', 280000, '2014-09-30', 3, 2, '2018-10-16 06:10:00', '2018-10-16 06:10:00'),
(703, NULL, '4.0', 182000, '2014-10-31', 3, 2, '2018-10-16 06:10:00', '2018-10-16 06:10:00'),
(704, NULL, '6.0', 210000, '2014-11-30', 3, 2, '2018-10-16 06:10:00', '2018-10-16 06:10:00'),
(705, NULL, '6.5', 180460, '2014-02-28', 4, 2, '2018-10-16 06:10:00', '2018-10-16 06:10:00'),
(706, NULL, '9.0', 258580, '2014-04-30', 4, 2, '2018-10-16 06:10:00', '2018-10-16 06:10:00'),
(707, NULL, '9.5', 266280, '2014-06-30', 4, 2, '2018-10-16 06:10:00', '2018-10-16 06:10:00'),
(708, NULL, '11.0', 351420, '2014-03-31', 5, 2, '2018-10-16 06:10:00', '2018-10-16 06:10:00'),
(709, NULL, '8.0', 364700, '2014-06-30', 5, 2, '2018-10-16 06:10:00', '2018-10-16 06:10:00'),
(710, NULL, '15.0', 413630, '2014-07-31', 5, 2, '2018-10-16 06:10:00', '2018-10-16 06:10:00'),
(711, NULL, '7.0', 189210, '2014-01-31', 6, 2, '2018-10-16 06:10:00', '2018-10-16 06:10:00'),
(712, NULL, '8.5', 261800, '2014-02-28', 6, 2, '2018-10-16 06:10:00', '2018-10-16 06:10:00'),
(713, NULL, '7.5', 218400, '2014-03-31', 6, 2, '2018-10-16 06:10:00', '2018-10-16 06:10:00'),
(714, NULL, '6.0', 154000, '2014-04-30', 6, 2, '2018-10-16 06:10:00', '2018-10-16 06:10:00'),
(715, NULL, '6.0', 184800, '2014-05-31', 6, 2, '2018-10-16 06:10:00', '2018-10-16 06:10:00'),
(716, NULL, '3.0', 92400, '2014-06-30', 6, 2, '2018-10-16 06:10:00', '2018-10-16 06:10:00'),
(717, NULL, '3.0', 84000, '2014-07-31', 6, 2, '2018-10-16 06:10:00', '2018-10-16 06:10:00'),
(718, NULL, '9.0', 255200, '2014-08-31', 6, 2, '2018-10-16 06:10:00', '2018-10-16 06:10:00'),
(719, NULL, '13.0', 364700, '2014-09-30', 6, 2, '2018-10-16 06:10:00', '2018-10-16 06:10:00'),
(720, NULL, '16.0', 442401, '2014-10-31', 6, 2, '2018-10-16 06:10:00', '2018-10-16 06:10:00'),
(721, NULL, '10.5', 311700, '2014-11-30', 6, 2, '2018-10-16 06:10:00', '2018-10-16 06:10:00'),
(722, NULL, '7.5', 204168, '2014-12-31', 6, 2, '2018-10-16 06:10:00', '2018-10-16 06:10:00'),
(723, NULL, '6.5', 179060, '2014-03-31', 7, 2, '2018-10-16 06:10:00', '2018-10-16 06:10:00'),
(724, NULL, '49.0', 2095200, '2015-01-31', 1, 2, '2018-10-16 06:10:00', '2018-10-16 06:10:00'),
(725, NULL, '4.0', 231600, '2015-03-31', 1, 2, '2018-10-16 06:10:00', '2018-10-16 06:10:00'),
(726, NULL, '17.0', 533800, '2015-03-31', 2, 2, '2018-10-16 06:10:00', '2018-10-16 06:10:00'),
(727, NULL, '16.0', 675000, '2015-05-31', 2, 2, '2018-10-16 06:10:00', '2018-10-16 06:10:00'),
(728, NULL, '12.0', 356443, '2015-06-30', 2, 2, '2018-10-16 06:10:00', '2018-10-16 06:10:00'),
(729, NULL, '7.0', 340000, '2015-07-31', 2, 2, '2018-10-16 06:10:00', '2018-10-16 06:10:00'),
(730, NULL, '10.0', 432653, '2015-08-31', 2, 2, '2018-10-16 06:10:00', '2018-10-16 06:10:00'),
(731, NULL, '10.0', 480000, '2015-09-30', 2, 2, '2018-10-16 06:10:00', '2018-10-16 06:10:00'),
(732, NULL, '18.0', 739200, '2015-12-31', 2, 2, '2018-10-16 06:10:00', '2018-10-16 06:10:00'),
(733, NULL, '4.0', 355500, '2015-02-28', 3, 2, '2018-10-16 06:10:00', '2018-10-16 06:10:00'),
(734, NULL, '8.0', 239289, '2015-06-30', 4, 2, '2018-10-16 06:10:00', '2018-10-16 06:10:00'),
(735, NULL, '37.0', 1110000, '2015-05-31', 5, 2, '2018-10-16 06:10:00', '2018-10-16 06:10:00'),
(736, NULL, '11.0', 329289, '2015-06-30', 5, 2, '2018-10-16 06:10:00', '2018-10-16 06:10:00'),
(737, NULL, '47.0', 1428000, '2015-08-31', 5, 2, '2018-10-16 06:10:00', '2018-10-16 06:10:00'),
(738, NULL, '3.0', 90000, '2015-09-30', 5, 2, '2018-10-16 06:10:00', '2018-10-16 06:10:00'),
(739, NULL, '12.0', 376577, '2015-12-31', 5, 2, '2018-10-16 06:10:00', '2018-10-16 06:10:00'),
(740, NULL, '9.0', 266852, '2015-01-31', 6, 2, '2018-10-16 06:10:00', '2018-10-16 06:10:00'),
(741, NULL, '87.0', 3113350, '2015-01-31', 9, 2, '2018-10-16 06:10:00', '2018-10-16 06:10:00'),
(742, NULL, '25.8', 1013723, '2015-02-28', 9, 2, '2018-10-16 06:10:00', '2018-10-16 06:10:00'),
(743, NULL, '2.5', 112334, '2015-04-30', 9, 2, '2018-10-16 06:10:00', '2018-10-16 06:10:00'),
(744, NULL, '33.0', 998009, '2015-05-31', 9, 2, '2018-10-16 06:10:00', '2018-10-16 06:10:00'),
(745, NULL, '99.9', 6698630, '2016-09-30', 1, 2, '2018-10-16 06:10:00', '2018-10-16 06:10:00'),
(746, NULL, '99.9', 15444250, '2016-10-31', 1, 2, '2018-10-16 06:10:00', '2018-10-16 06:10:00'),
(747, NULL, '99.9', 8554200, '2016-11-30', 1, 2, '2018-10-16 06:10:00', '2018-10-16 06:10:00'),
(748, NULL, '57.5', 2567400, '2016-12-31', 1, 2, '2018-10-16 06:10:00', '2018-10-16 06:10:00'),
(749, NULL, '4.0', 137891, '2016-04-30', 2, 2, '2018-10-16 06:10:00', '2018-10-16 06:10:00'),
(750, NULL, '29.0', 907619, '2016-05-31', 2, 2, '2018-10-16 06:10:00', '2018-10-16 06:10:00'),
(751, NULL, '8.0', 415000, '2016-06-30', 2, 2, '2018-10-16 06:10:00', '2018-10-16 06:10:00'),
(752, NULL, '7.0', 373500, '2016-08-31', 2, 2, '2018-10-16 06:10:00', '2018-10-16 06:10:00'),
(753, NULL, '12.0', 522900, '2016-10-31', 2, 2, '2018-10-16 06:10:00', '2018-10-16 06:10:00'),
(754, NULL, '6.0', 207500, '2016-12-31', 2, 2, '2018-10-16 06:10:00', '2018-10-16 06:10:00'),
(755, NULL, '16.0', 521891, '2016-04-30', 3, 2, '2018-10-16 06:10:00', '2018-10-16 06:10:00'),
(756, NULL, '11.0', 322000, '2016-06-30', 3, 2, '2018-10-16 06:10:00', '2018-10-16 06:10:00'),
(757, NULL, '24.0', 888000, '2016-08-31', 3, 2, '2018-10-16 06:10:00', '2018-10-16 06:10:00'),
(758, NULL, '5.0', 243000, '2016-11-30', 3, 2, '2018-10-16 06:10:00', '2018-10-16 06:10:00'),
(759, NULL, '10.0', 313455, '2016-03-31', 4, 2, '2018-10-16 06:10:00', '2018-10-16 06:10:00'),
(760, NULL, '6.0', 188727, '2016-05-31', 4, 2, '2018-10-16 06:10:00', '2018-10-16 06:10:00'),
(761, NULL, '6.0', 191339, '2016-06-30', 4, 2, '2018-10-16 06:10:00', '2018-10-16 06:10:00'),
(762, NULL, '9.5', 302364, '2016-08-31', 4, 2, '2018-10-16 06:10:00', '2018-10-16 06:10:00'),
(763, NULL, '7.5', 264912, '2016-11-30', 4, 2, '2018-10-16 06:10:00', '2018-10-16 06:10:00'),
(764, NULL, '27.0', 996946, '2016-01-31', 5, 2, '2018-10-16 06:10:00', '2018-10-16 06:10:00'),
(765, NULL, '13.0', 532727, '2016-05-31', 5, 2, '2018-10-16 06:10:00', '2018-10-16 06:10:00'),
(766, NULL, '7.0', 223339, '2016-06-30', 5, 2, '2018-10-16 06:10:00', '2018-10-16 06:10:00'),
(767, NULL, '47.0', 1516364, '2016-07-31', 5, 2, '2018-10-16 06:10:00', '2018-10-16 06:10:00'),
(768, NULL, '1.0', 31500, '2016-08-31', 5, 2, '2018-10-16 06:10:00', '2018-10-16 06:10:00'),
(769, NULL, '1.0', 58500, '2016-09-30', 5, 2, '2018-10-16 06:10:00', '2018-10-16 06:10:00'),
(770, NULL, '10.0', 400000, '2016-12-31', 5, 2, '2018-10-16 06:10:00', '2018-10-16 06:10:00'),
(771, NULL, '2.0', 60066, '2016-08-31', 6, 2, '2018-10-16 06:10:00', '2018-10-16 06:10:00'),
(772, NULL, '6.5', 206347, '2016-09-30', 6, 2, '2018-10-16 06:10:00', '2018-10-16 06:10:00'),
(773, NULL, '13.5', 468278, '2016-10-31', 6, 2, '2018-10-16 06:10:00', '2018-10-16 06:10:00'),
(774, NULL, '10.5', 332364, '2016-11-30', 6, 2, '2018-10-16 06:10:00', '2018-10-16 06:10:00'),
(775, NULL, '4.0', 125356, '2016-12-31', 6, 2, '2018-10-16 06:10:00', '2018-10-16 06:10:00'),
(776, NULL, '6.0', 191339, '2016-06-30', 7, 2, '2018-10-16 06:10:00', '2018-10-16 06:10:00'),
(777, NULL, '2.0', 64000, '2016-04-30', 8, 2, '2018-10-16 06:10:00', '2018-10-16 06:10:00'),
(778, NULL, '29.0', 986000, '2017-01-31', 1, 2, '2018-10-16 06:10:00', '2018-10-16 06:10:00'),
(779, NULL, '7.0', 238000, '2017-02-28', 1, 2, '2018-10-16 06:10:00', '2018-10-16 06:10:00'),
(780, NULL, '4.0', 136000, '2017-03-31', 1, 2, '2018-10-16 06:10:00', '2018-10-16 06:10:00'),
(781, NULL, '7.0', 238000, '2017-04-30', 1, 2, '2018-10-16 06:10:00', '2018-10-16 06:10:00'),
(782, NULL, '5.0', 170000, '2017-05-31', 1, 2, '2018-10-16 06:10:00', '2018-10-16 06:10:00'),
(783, NULL, '32.0', 1088000, '2017-06-30', 1, 2, '2018-10-16 06:10:00', '2018-10-16 06:10:00'),
(784, NULL, '34.0', 1262000, '2017-07-31', 1, 2, '2018-10-16 06:10:00', '2018-10-16 06:10:00'),
(785, NULL, '66.0', 3016110, '2017-08-31', 1, 2, '2018-10-16 06:10:00', '2018-10-16 06:10:00'),
(786, NULL, '99.9', 7190850, '2017-09-30', 1, 2, '2018-10-16 06:10:00', '2018-10-16 06:10:00'),
(787, NULL, '86.0', 4169930, '2017-10-31', 1, 2, '2018-10-16 06:10:00', '2018-10-16 06:10:00'),
(788, NULL, '22.0', 1100840, '2017-11-30', 1, 2, '2018-10-16 06:10:00', '2018-10-16 06:10:00'),
(789, NULL, '18.0', 809900, '2017-12-31', 1, 2, '2018-10-16 06:10:00', '2018-10-16 06:10:00'),
(790, NULL, '20.0', 498000, '2017-01-31', 2, 2, '2018-10-16 06:10:00', '2018-10-16 06:10:00'),
(791, NULL, '4.0', 303750, '2017-03-31', 2, 2, '2018-10-16 06:10:00', '2018-10-16 06:10:00'),
(792, NULL, '15.0', 256500, '2017-04-30', 2, 2, '2018-10-16 06:10:00', '2018-10-16 06:10:00'),
(793, NULL, '14.0', 539500, '2017-05-31', 2, 2, '2018-10-16 06:10:00', '2018-10-16 06:10:00'),
(794, NULL, '14.0', 498000, '2017-08-31', 2, 2, '2018-10-16 06:10:00', '2018-10-16 06:10:00'),
(795, NULL, '10.0', 581000, '2017-12-31', 2, 2, '2018-10-16 06:10:00', '2018-10-16 06:10:00'),
(796, NULL, '5.0', 184430, '2017-01-31', 3, 2, '2018-10-16 06:10:00', '2018-10-16 06:10:00'),
(797, NULL, '1.9', 70419, '2017-02-28', 3, 2, '2018-10-16 06:10:00', '2018-10-16 06:10:00'),
(798, NULL, '2.0', 56000, '2017-03-31', 3, 2, '2018-10-16 06:10:00', '2018-10-16 06:10:00'),
(799, NULL, '10.0', 336000, '2017-04-30', 3, 2, '2018-10-16 06:10:00', '2018-10-16 06:10:00'),
(800, NULL, '12.0', 336000, '2017-05-31', 3, 2, '2018-10-16 06:10:00', '2018-10-16 06:10:00'),
(801, NULL, '6.0', 336000, '2017-07-31', 3, 2, '2018-10-16 06:10:00', '2018-10-16 06:10:00'),
(802, NULL, '19.0', 452000, '2017-08-31', 3, 2, '2018-10-16 06:10:00', '2018-10-16 06:10:00'),
(803, NULL, '12.0', 336000, '2017-09-30', 3, 2, '2018-10-16 06:10:00', '2018-10-16 06:10:00'),
(804, NULL, '10.0', 339533, '2017-03-31', 4, 2, '2018-10-16 06:10:00', '2018-10-16 06:10:00'),
(805, NULL, '9.5', 321369, '2017-05-31', 4, 2, '2018-10-16 06:10:00', '2018-10-16 06:10:00'),
(806, NULL, '19.0', 682419, '2017-12-31', 4, 2, '2018-10-16 06:10:00', '2018-10-16 06:10:00'),
(807, NULL, '33.5', 1125953, '2017-01-31', 5, 2, '2018-10-16 06:10:00', '2018-10-16 06:10:00'),
(808, NULL, '1.0', 33533, '2017-02-28', 5, 2, '2018-10-16 06:10:00', '2018-10-16 06:10:00'),
(809, NULL, '9.0', 274172, '2017-04-30', 5, 2, '2018-10-16 06:10:00', '2018-10-16 06:10:00'),
(810, NULL, '16.0', 588433, '2017-05-31', 5, 2, '2018-10-16 06:10:00', '2018-10-16 06:10:00'),
(811, NULL, '47.0', 1595663, '2017-06-30', 5, 2, '2018-10-16 06:10:00', '2018-10-16 06:10:00'),
(812, NULL, '2.0', 80000, '2017-07-31', 5, 2, '2018-10-16 06:10:00', '2018-10-16 06:10:00'),
(813, NULL, '24.0', 880738, '2017-08-31', 5, 2, '2018-10-16 06:10:00', '2018-10-16 06:10:00'),
(814, NULL, '1.0', 30738, '2017-09-30', 5, 2, '2018-10-16 06:10:00', '2018-10-16 06:10:00'),
(815, NULL, '11.0', 456886, '2017-12-31', 5, 2, '2018-10-16 06:10:00', '2018-10-16 06:10:00'),
(816, NULL, '1.0', 36886, '2017-01-31', 6, 2, '2018-10-16 06:10:00', '2018-10-16 06:10:00'),
(817, NULL, '0.5', 18443, '2017-04-30', 6, 2, '2018-10-16 06:10:00', '2018-10-16 06:10:00'),
(818, NULL, '1.0', 33533, '2017-05-31', 6, 2, '2018-10-16 06:10:00', '2018-10-16 06:10:00'),
(819, NULL, '3.0', 100598, '2017-06-30', 6, 2, '2018-10-16 06:10:00', '2018-10-16 06:10:00'),
(820, NULL, '5.0', 181076, '2017-07-31', 6, 2, '2018-10-16 06:10:00', '2018-10-16 06:10:00'),
(821, NULL, '3.0', 95009, '2017-08-31', 6, 2, '2018-10-16 06:10:00', '2018-10-16 06:10:00'),
(822, NULL, '8.0', 280182, '2017-09-30', 6, 2, '2018-10-16 06:10:00', '2018-10-16 06:10:00'),
(823, NULL, '7.0', 243691, '2017-10-31', 6, 2, '2018-10-16 06:10:00', '2018-10-16 06:10:00'),
(824, NULL, '2.3', 75337, '2017-11-30', 6, 2, '2018-10-16 06:10:00', '2018-10-16 06:10:00'),
(825, NULL, '2.0', 67065, '2017-12-31', 6, 2, '2018-10-16 06:10:00', '2018-10-16 06:10:00'),
(826, NULL, '5.5', 185369, '2017-01-31', 7, 2, '2018-10-16 06:10:00', '2018-10-16 06:10:00'),
(827, NULL, '1.0', 34000, '2017-02-28', 8, 2, '2018-10-16 06:10:00', '2018-10-16 06:10:00'),
(828, NULL, '0.5', 20492, '2017-03-31', 8, 2, '2018-10-16 06:10:00', '2018-10-16 06:10:00'),
(829, NULL, '1.0', 34000, '2017-02-28', 9, 2, '2018-10-16 06:10:00', '2018-10-16 06:10:00');

-- --------------------------------------------------------

--
-- Estructura de tabla para la tabla `lotes`
--

CREATE TABLE `lotes` (
  `id` int(10) UNSIGNED NOT NULL,
  `codigo` varchar(10) COLLATE utf8mb4_unicode_ci NOT NULL,
  `nombre` varchar(50) COLLATE utf8mb4_unicode_ci NOT NULL,
  `area` decimal(5,2) NOT NULL,
  `poblacion` int(11) NOT NULL,
  `edad` int(11) DEFAULT NULL,
  `alturasnm` int(11) DEFAULT NULL,
  `cultivo_id` int(10) UNSIGNED DEFAULT NULL,
  `variedad_id` int(10) UNSIGNED DEFAULT NULL,
  `created_at` timestamp NULL DEFAULT NULL,
  `updated_at` timestamp NULL DEFAULT NULL,
  `finca_id` int(10) UNSIGNED DEFAULT NULL
) ENGINE=InnoDB DEFAULT CHARSET=utf8mb4 COLLATE=utf8mb4_unicode_ci;

--
-- Volcado de datos para la tabla `lotes`
--

INSERT INTO `lotes` (`id`, `codigo`, `nombre`, `area`, `poblacion`, `edad`, `alturasnm`, `cultivo_id`, `variedad_id`, `created_at`, `updated_at`, `finca_id`) VALUES
(1, '102', 'Guanabano Gaviota', '2.84', 21271, NULL, NULL, 1, 3, '2018-10-16 06:10:46', '2018-10-16 06:10:46', 1),
(2, '103', 'Mesones', '4.15', 25247, NULL, NULL, 1, 3, '2018-10-16 06:10:46', '2018-10-16 06:10:46', 1),
(3, '104', 'El Chumbimbo', '3.57', 22117, NULL, NULL, 1, 3, '2018-10-16 06:10:46', '2018-10-16 06:10:46', 1),
(4, '107', 'Playa Gaviota', '0.90', 5000, NULL, NULL, 1, 3, '2018-10-16 06:10:46', '2018-10-16 06:10:46', 1),
(5, '111', 'Gaviota de Venecia', '2.27', 13358, NULL, NULL, 1, 3, '2018-10-16 06:10:47', '2018-10-16 06:10:47', 1),
(6, '112', 'Ignacio Valencia 1', '7.87', 43600, NULL, NULL, 1, 3, '2018-10-16 06:10:47', '2018-10-16 06:10:47', 1),
(7, '113', 'Ignacio Valencia 2', '2.05', 13600, NULL, NULL, 1, 3, '2018-10-16 06:10:47', '2018-10-16 06:10:47', 1),
(8, '114', 'Guanabano Torre', '2.92', 16020, NULL, NULL, 1, 3, '2018-10-16 06:10:47', '2018-10-16 06:10:47', 1),
(9, '116', 'Metro de Morelia', '1.65', 9500, NULL, NULL, 1, 3, '2018-10-16 06:10:47', '2018-10-16 06:10:47', 1),
(10, '123', 'Pajonal', '2.00', 12800, NULL, NULL, 1, 4, '2018-10-16 06:10:47', '2018-10-16 06:10:47', 1);

-- --------------------------------------------------------

--
-- Estructura de tabla para la tabla `lote_propiedad`
--

CREATE TABLE `lote_propiedad` (
  `id` int(10) UNSIGNED NOT NULL,
  `cantidad` decimal(5,2) NOT NULL,
  `periodo` date NOT NULL,
  `lote_id` int(10) UNSIGNED DEFAULT NULL,
  `propiedad_id` int(10) UNSIGNED DEFAULT NULL,
  `created_at` timestamp NULL DEFAULT NULL,
  `updated_at` timestamp NULL DEFAULT NULL
) ENGINE=InnoDB DEFAULT CHARSET=utf8mb4 COLLATE=utf8mb4_unicode_ci;

--
-- Volcado de datos para la tabla `lote_propiedad`
--

INSERT INTO `lote_propiedad` (`id`, `cantidad`, `periodo`, `lote_id`, `propiedad_id`, `created_at`, `updated_at`) VALUES
(2, '5.30', '2015-01-01', 1, 2, '2018-10-16 06:10:48', '2018-10-16 06:10:48'),
(3, '0.35', '2015-01-01', 1, 3, '2018-10-16 06:10:48', '2018-10-16 06:10:48'),
(4, '0.79', '2015-01-01', 1, 4, '2018-10-16 06:10:48', '2018-10-16 06:10:48'),
(5, '0.24', '2015-01-01', 1, 5, '2018-10-16 06:10:48', '2018-10-16 06:10:48'),
(6, '1.35', '2015-01-01', 1, 6, '2018-10-16 06:10:48', '2018-10-16 06:10:48'),
(7, '2.20', '2015-01-01', 1, 7, '2018-10-16 06:10:48', '2018-10-16 06:10:48'),
(9, '5.50', '2015-01-01', 2, 2, '2018-10-16 06:10:48', '2018-10-16 06:10:48'),
(10, '0.27', '2015-01-01', 2, 3, '2018-10-16 06:10:48', '2018-10-16 06:10:48'),
(11, '0.66', '2015-01-01', 2, 4, '2018-10-16 06:10:48', '2018-10-16 06:10:48'),
(12, '0.22', '2015-01-01', 2, 5, '2018-10-16 06:10:48', '2018-10-16 06:10:48'),
(13, '1.22', '2015-01-01', 2, 6, '2018-10-16 06:10:48', '2018-10-16 06:10:48'),
(14, '2.50', '2015-01-01', 2, 7, '2018-10-16 06:10:48', '2018-10-16 06:10:48'),
(16, '5.10', '2015-01-01', 3, 2, '2018-10-16 06:10:48', '2018-10-16 06:10:48'),
(17, '0.25', '2015-01-01', 3, 3, '2018-10-16 06:10:48', '2018-10-16 06:10:48'),
(18, '1.73', '2015-01-01', 3, 4, '2018-10-16 06:10:48', '2018-10-16 06:10:48'),
(19, '0.43', '2015-01-01', 3, 5, '2018-10-16 06:10:48', '2018-10-16 06:10:48'),
(20, '1.05', '2015-01-01', 3, 6, '2018-10-16 06:10:48', '2018-10-16 06:10:48'),
(21, '2.20', '2015-01-01', 3, 7, '2018-10-16 06:10:48', '2018-10-16 06:10:48'),
(23, '5.20', '2015-01-01', 4, 2, '2018-10-16 06:10:48', '2018-10-16 06:10:48'),
(24, '0.23', '2015-01-01', 4, 3, '2018-10-16 06:10:48', '2018-10-16 06:10:48'),
(25, '1.96', '2015-01-01', 4, 4, '2018-10-16 06:10:48', '2018-10-16 06:10:48'),
(26, '0.42', '2015-01-01', 4, 5, '2018-10-16 06:10:48', '2018-10-16 06:10:48'),
(27, '1.41', '2015-01-01', 4, 6, '2018-10-16 06:10:48', '2018-10-16 06:10:48'),
(28, '1.00', '2015-01-01', 4, 7, '2018-10-16 06:10:48', '2018-10-16 06:10:48'),
(30, '6.80', '2015-01-01', 5, 2, '2018-10-16 06:10:48', '2018-10-16 06:10:48'),
(31, '0.28', '2015-01-01', 5, 3, '2018-10-16 06:10:48', '2018-10-16 06:10:48'),
(32, '2.20', '2015-01-01', 5, 4, '2018-10-16 06:10:48', '2018-10-16 06:10:48'),
(33, '0.85', '2015-01-01', 5, 5, '2018-10-16 06:10:48', '2018-10-16 06:10:48'),
(34, '1.22', '2015-01-01', 5, 6, '2018-10-16 06:10:48', '2018-10-16 06:10:48'),
(35, '3.20', '2015-01-01', 5, 7, '2018-10-16 06:10:48', '2018-10-16 06:10:48'),
(37, '5.60', '2015-01-01', 6, 2, '2018-10-16 06:10:48', '2018-10-16 06:10:48'),
(38, '0.17', '2015-01-01', 6, 3, '2018-10-16 06:10:48', '2018-10-16 06:10:48'),
(39, '0.92', '2015-01-01', 6, 4, '2018-10-16 06:10:48', '2018-10-16 06:10:48'),
(40, '0.22', '2015-01-01', 6, 5, '2018-10-16 06:10:48', '2018-10-16 06:10:48'),
(41, '1.45', '2015-01-01', 6, 6, '2018-10-16 06:10:48', '2018-10-16 06:10:48'),
(42, '2.40', '2015-01-01', 6, 7, '2018-10-16 06:10:48', '2018-10-16 06:10:48'),
(44, '5.30', '2015-01-01', 7, 2, '2018-10-16 06:10:48', '2018-10-16 06:10:48'),
(45, '0.40', '2015-01-01', 7, 3, '2018-10-16 06:10:48', '2018-10-16 06:10:48'),
(46, '1.45', '2015-01-01', 7, 4, '2018-10-16 06:10:48', '2018-10-16 06:10:48'),
(47, '0.33', '2015-01-01', 7, 5, '2018-10-16 06:10:48', '2018-10-16 06:10:48'),
(48, '0.80', '2015-01-01', 7, 6, '2018-10-16 06:10:48', '2018-10-16 06:10:48'),
(49, '1.70', '2015-01-01', 7, 7, '2018-10-16 06:10:48', '2018-10-16 06:10:48'),
(51, '4.00', '2015-01-01', 8, 2, '2018-10-16 06:10:48', '2018-10-16 06:10:48'),
(52, '0.28', '2015-01-01', 8, 3, '2018-10-16 06:10:48', '2018-10-16 06:10:48'),
(53, '3.19', '2015-01-01', 8, 4, '2018-10-16 06:10:48', '2018-10-16 06:10:48'),
(54, '0.95', '2015-01-01', 8, 5, '2018-10-16 06:10:48', '2018-10-16 06:10:48'),
(55, '0.33', '2015-01-01', 8, 6, '2018-10-16 06:10:48', '2018-10-16 06:10:48'),
(56, '1.20', '2015-01-01', 8, 7, '2018-10-16 06:10:48', '2018-10-16 06:10:48'),
(58, '4.00', '2015-01-01', 9, 2, '2018-10-16 06:10:48', '2018-10-16 06:10:48'),
(59, '0.35', '2015-01-01', 9, 3, '2018-10-16 06:10:48', '2018-10-16 06:10:48'),
(60, '2.42', '2015-01-01', 9, 4, '2018-10-16 06:10:48', '2018-10-16 06:10:48'),
(61, '1.03', '2015-01-01', 9, 5, '2018-10-16 06:10:48', '2018-10-16 06:10:48'),
(62, '1.37', '2015-01-01', 9, 6, '2018-10-16 06:10:48', '2018-10-16 06:10:48'),
(63, '3.20', '2015-01-01', 9, 7, '2018-10-16 06:10:48', '2018-10-16 06:10:48'),
(65, '4.10', '2015-01-01', 10, 2, '2018-10-16 06:10:48', '2018-10-16 06:10:48'),
(66, '0.36', '2015-01-01', 10, 3, '2018-10-16 06:10:48', '2018-10-16 06:10:48'),
(67, '1.23', '2015-01-01', 10, 4, '2018-10-16 06:10:48', '2018-10-16 06:10:48'),
(68, '0.36', '2015-01-01', 10, 5, '2018-10-16 06:10:48', '2018-10-16 06:10:48'),
(69, '0.91', '2015-01-01', 10, 6, '2018-10-16 06:10:48', '2018-10-16 06:10:48'),
(70, '2.50', '2015-01-01', 10, 7, '2018-10-16 06:10:48', '2018-10-16 06:10:48');

-- --------------------------------------------------------

--
-- Estructura de tabla para la tabla `migrations`
--

CREATE TABLE `migrations` (
  `id` int(10) UNSIGNED NOT NULL,
  `migration` varchar(255) COLLATE utf8mb4_unicode_ci NOT NULL,
  `batch` int(11) NOT NULL
) ENGINE=InnoDB DEFAULT CHARSET=utf8mb4 COLLATE=utf8mb4_unicode_ci;

--
-- Volcado de datos para la tabla `migrations`
--

INSERT INTO `migrations` (`id`, `migration`, `batch`) VALUES
(1, '2014_10_12_000000_create_users_table', 1),
(2, '2014_10_12_100000_create_password_resets_table', 1),
(3, '2018_09_11_235845_create_fincas_table', 1),
(4, '2018_09_11_235941_create_finca_user_table', 1),
(5, '2018_10_11_105849_create_cultivos_table', 1),
(6, '2018_10_11_106049_create_cultivo_finca_table', 1),
(7, '2018_10_11_106856_create_variedades_table', 1),
(8, '2018_10_11_110130_create_lotes_table', 1),
(9, '2018_10_11_161539_create_estados_fisicos_table', 1),
(10, '2018_10_11_163356_create_producciones_table', 1),
(11, '2018_10_11_163532_create_propiedades_table', 1),
(12, '2018_10_11_163614_create_lote_propiedad_table', 1),
(13, '2018_10_11_164358_create_grupos_labores_table', 1),
(14, '2018_10_11_164626_create_labores_table', 1),
(15, '2018_10_11_164712_create_insumos_table', 1),
(16, '2018_10_14_003554_create_grupo_lote_table', 1),
(17, '2018_10_14_010215_create_insumo_lote_table', 1),
(18, '2018_10_29_141712_create_departamentos_table', 2),
(19, '2018_10_29_143441_create_municipios_table', 3),
(20, '2018_11_13_225534_create_finca_lote_table', 4);

-- --------------------------------------------------------

--
-- Estructura de tabla para la tabla `municipios`
--

CREATE TABLE `municipios` (
  `id` int(10) UNSIGNED NOT NULL,
  `codigo` varchar(50) COLLATE utf8mb4_unicode_ci NOT NULL,
  `municipio` varchar(100) COLLATE utf8mb4_unicode_ci NOT NULL,
  `departamento_id` int(10) UNSIGNED NOT NULL,
  `created_at` timestamp NULL DEFAULT NULL,
  `updated_at` timestamp NULL DEFAULT NULL
) ENGINE=InnoDB DEFAULT CHARSET=utf8mb4 COLLATE=utf8mb4_unicode_ci;

--
-- Volcado de datos para la tabla `municipios`
--

INSERT INTO `municipios` (`id`, `codigo`, `municipio`, `departamento_id`, `created_at`, `updated_at`) VALUES
(1, '001', 'Medellin', 1, '0000-00-00 00:00:00', '0000-00-00 00:00:00'),
(2, '002', 'Abejorral', 1, '0000-00-00 00:00:00', '0000-00-00 00:00:00'),
(3, '004', 'Abriaqui', 1, '0000-00-00 00:00:00', '0000-00-00 00:00:00'),
(4, '021', 'Alejandria', 1, '0000-00-00 00:00:00', '0000-00-00 00:00:00'),
(5, '030', 'Amaga', 1, '0000-00-00 00:00:00', '0000-00-00 00:00:00'),
(6, '031', 'Amalfi', 1, '0000-00-00 00:00:00', '0000-00-00 00:00:00'),
(7, '034', 'Andes', 1, '0000-00-00 00:00:00', '0000-00-00 00:00:00'),
(8, '036', 'Angelopolis', 1, '0000-00-00 00:00:00', '0000-00-00 00:00:00'),
(9, '038', 'Angostura', 1, '0000-00-00 00:00:00', '0000-00-00 00:00:00'),
(10, '040', 'Anori', 1, '0000-00-00 00:00:00', '0000-00-00 00:00:00'),
(11, '042', 'Santafe De Antioquia', 1, '0000-00-00 00:00:00', '0000-00-00 00:00:00'),
(12, '044', 'Anza', 1, '0000-00-00 00:00:00', '0000-00-00 00:00:00'),
(13, '045', 'Apartado', 1, '0000-00-00 00:00:00', '0000-00-00 00:00:00'),
(14, '051', 'Arboletes', 1, '0000-00-00 00:00:00', '0000-00-00 00:00:00'),
(15, '055', 'Argelia', 1, '0000-00-00 00:00:00', '0000-00-00 00:00:00'),
(16, '059', 'Armenia', 1, '0000-00-00 00:00:00', '0000-00-00 00:00:00'),
(17, '079', 'Barbosa', 1, '0000-00-00 00:00:00', '0000-00-00 00:00:00'),
(18, '086', 'Belmira', 1, '0000-00-00 00:00:00', '0000-00-00 00:00:00'),
(19, '088', 'Bello', 1, '0000-00-00 00:00:00', '0000-00-00 00:00:00'),
(20, '091', 'Betania', 1, '0000-00-00 00:00:00', '0000-00-00 00:00:00'),
(21, '093', 'Betulia', 1, '0000-00-00 00:00:00', '0000-00-00 00:00:00'),
(22, '101', 'Ciudad Bolivar', 1, '0000-00-00 00:00:00', '0000-00-00 00:00:00'),
(23, '107', 'Briceno', 1, '0000-00-00 00:00:00', '0000-00-00 00:00:00'),
(24, '113', 'Buritica', 1, '0000-00-00 00:00:00', '0000-00-00 00:00:00'),
(25, '120', 'Caceres', 1, '0000-00-00 00:00:00', '0000-00-00 00:00:00'),
(26, '125', 'Caicedo', 1, '0000-00-00 00:00:00', '0000-00-00 00:00:00'),
(27, '129', 'Caldas', 1, '0000-00-00 00:00:00', '0000-00-00 00:00:00'),
(28, '134', 'Campamento', 1, '0000-00-00 00:00:00', '0000-00-00 00:00:00'),
(29, '138', 'Canasgordas', 1, '0000-00-00 00:00:00', '0000-00-00 00:00:00'),
(30, '142', 'Caracoli', 1, '0000-00-00 00:00:00', '0000-00-00 00:00:00'),
(31, '145', 'Caramanta', 1, '0000-00-00 00:00:00', '0000-00-00 00:00:00'),
(32, '147', 'Carepa', 1, '0000-00-00 00:00:00', '0000-00-00 00:00:00'),
(33, '148', 'El Carmen De Viboral', 1, '0000-00-00 00:00:00', '0000-00-00 00:00:00'),
(34, '150', 'Carolina', 1, '0000-00-00 00:00:00', '0000-00-00 00:00:00'),
(35, '154', 'Caucasia', 1, '0000-00-00 00:00:00', '0000-00-00 00:00:00'),
(36, '172', 'Chigorodo', 1, '0000-00-00 00:00:00', '0000-00-00 00:00:00'),
(37, '190', 'Cisneros', 1, '0000-00-00 00:00:00', '0000-00-00 00:00:00'),
(38, '197', 'Cocorna', 1, '0000-00-00 00:00:00', '0000-00-00 00:00:00'),
(39, '206', 'Concepcion', 1, '0000-00-00 00:00:00', '0000-00-00 00:00:00'),
(40, '209', 'Concordia', 1, '0000-00-00 00:00:00', '0000-00-00 00:00:00'),
(41, '212', 'Copacabana', 1, '0000-00-00 00:00:00', '0000-00-00 00:00:00'),
(42, '234', 'Dabeiba', 1, '0000-00-00 00:00:00', '0000-00-00 00:00:00'),
(43, '237', 'Don Matias', 1, '0000-00-00 00:00:00', '0000-00-00 00:00:00'),
(44, '240', 'Ebejico', 1, '0000-00-00 00:00:00', '0000-00-00 00:00:00'),
(45, '250', 'El Bagre', 1, '0000-00-00 00:00:00', '0000-00-00 00:00:00'),
(46, '264', 'Entrerrios', 1, '0000-00-00 00:00:00', '0000-00-00 00:00:00'),
(47, '266', 'Envigado', 1, '0000-00-00 00:00:00', '0000-00-00 00:00:00'),
(48, '282', 'Fredonia', 1, '0000-00-00 00:00:00', '0000-00-00 00:00:00'),
(49, '284', 'Frontino', 1, '0000-00-00 00:00:00', '0000-00-00 00:00:00'),
(50, '306', 'Giraldo', 1, '0000-00-00 00:00:00', '0000-00-00 00:00:00'),
(51, '308', 'Girardota', 1, '0000-00-00 00:00:00', '0000-00-00 00:00:00'),
(52, '310', 'Gomez Plata', 1, '0000-00-00 00:00:00', '0000-00-00 00:00:00'),
(53, '313', 'Granada', 1, '0000-00-00 00:00:00', '0000-00-00 00:00:00'),
(54, '315', 'Guadalupe', 1, '0000-00-00 00:00:00', '0000-00-00 00:00:00'),
(55, '318', 'Guarne', 1, '0000-00-00 00:00:00', '0000-00-00 00:00:00'),
(56, '321', 'Guatape', 1, '0000-00-00 00:00:00', '0000-00-00 00:00:00'),
(57, '347', 'Heliconia', 1, '0000-00-00 00:00:00', '0000-00-00 00:00:00'),
(58, '353', 'Hispania', 1, '0000-00-00 00:00:00', '0000-00-00 00:00:00'),
(59, '360', 'Itagui', 1, '0000-00-00 00:00:00', '0000-00-00 00:00:00'),
(60, '361', 'Ituango', 1, '0000-00-00 00:00:00', '0000-00-00 00:00:00'),
(61, '364', 'Jardin', 1, '0000-00-00 00:00:00', '0000-00-00 00:00:00'),
(62, '368', 'Jerico', 1, '0000-00-00 00:00:00', '0000-00-00 00:00:00'),
(63, '376', 'La Ceja', 1, '0000-00-00 00:00:00', '0000-00-00 00:00:00'),
(64, '380', 'La Estrella', 1, '0000-00-00 00:00:00', '0000-00-00 00:00:00'),
(65, '390', 'La Pintada', 1, '0000-00-00 00:00:00', '0000-00-00 00:00:00'),
(66, '400', 'La Union', 1, '0000-00-00 00:00:00', '0000-00-00 00:00:00'),
(67, '411', 'Liborina', 1, '0000-00-00 00:00:00', '0000-00-00 00:00:00'),
(68, '425', 'Maceo', 1, '0000-00-00 00:00:00', '0000-00-00 00:00:00'),
(69, '440', 'Marinilla', 1, '0000-00-00 00:00:00', '0000-00-00 00:00:00'),
(70, '467', 'Montebello', 1, '0000-00-00 00:00:00', '0000-00-00 00:00:00'),
(71, '475', 'Murindo', 1, '0000-00-00 00:00:00', '0000-00-00 00:00:00'),
(72, '480', 'Mutata', 1, '0000-00-00 00:00:00', '0000-00-00 00:00:00'),
(73, '483', 'Narino', 1, '0000-00-00 00:00:00', '0000-00-00 00:00:00'),
(74, '490', 'Necocli', 1, '0000-00-00 00:00:00', '0000-00-00 00:00:00'),
(75, '495', 'Nechi', 1, '0000-00-00 00:00:00', '0000-00-00 00:00:00'),
(76, '501', 'Olaya', 1, '0000-00-00 00:00:00', '0000-00-00 00:00:00'),
(77, '541', 'Pe?ol', 1, '0000-00-00 00:00:00', '0000-00-00 00:00:00'),
(78, '543', 'Peque', 1, '0000-00-00 00:00:00', '0000-00-00 00:00:00'),
(79, '576', 'Pueblorrico', 1, '0000-00-00 00:00:00', '0000-00-00 00:00:00'),
(80, '579', 'Puerto Berrio', 1, '0000-00-00 00:00:00', '0000-00-00 00:00:00'),
(81, '585', 'Puerto Nare', 1, '0000-00-00 00:00:00', '0000-00-00 00:00:00'),
(82, '591', 'Puerto Triunfo', 1, '0000-00-00 00:00:00', '0000-00-00 00:00:00'),
(83, '604', 'Remedios', 1, '0000-00-00 00:00:00', '0000-00-00 00:00:00'),
(84, '607', 'Retiro', 1, '0000-00-00 00:00:00', '0000-00-00 00:00:00'),
(85, '615', 'Rionegro', 1, '0000-00-00 00:00:00', '0000-00-00 00:00:00'),
(86, '628', 'Sabanalarga', 1, '0000-00-00 00:00:00', '0000-00-00 00:00:00'),
(87, '631', 'Sabaneta', 1, '0000-00-00 00:00:00', '0000-00-00 00:00:00'),
(88, '642', 'Salgar', 1, '0000-00-00 00:00:00', '0000-00-00 00:00:00'),
(89, '647', 'San Andres De Cuerquia', 1, '0000-00-00 00:00:00', '0000-00-00 00:00:00'),
(90, '649', 'San Carlos', 1, '0000-00-00 00:00:00', '0000-00-00 00:00:00'),
(91, '652', 'San Francisco', 1, '0000-00-00 00:00:00', '0000-00-00 00:00:00'),
(92, '656', 'San Jeronimo', 1, '0000-00-00 00:00:00', '0000-00-00 00:00:00'),
(93, '658', 'San Jose De La Montana', 1, '0000-00-00 00:00:00', '0000-00-00 00:00:00'),
(94, '659', 'San Juan De Uraba', 1, '0000-00-00 00:00:00', '0000-00-00 00:00:00'),
(95, '660', 'San Luis', 1, '0000-00-00 00:00:00', '0000-00-00 00:00:00'),
(96, '664', 'San Pedro', 1, '0000-00-00 00:00:00', '0000-00-00 00:00:00'),
(97, '665', 'San Pedro De Uraba', 1, '0000-00-00 00:00:00', '0000-00-00 00:00:00'),
(98, '667', 'San Rafael', 1, '0000-00-00 00:00:00', '0000-00-00 00:00:00'),
(99, '670', 'San Roque', 1, '0000-00-00 00:00:00', '0000-00-00 00:00:00'),
(100, '674', 'San Vicente', 1, '0000-00-00 00:00:00', '0000-00-00 00:00:00'),
(101, '679', 'Santa Barbara', 1, '0000-00-00 00:00:00', '0000-00-00 00:00:00'),
(102, '686', 'Santa Rosa De Osos', 1, '0000-00-00 00:00:00', '0000-00-00 00:00:00'),
(103, '690', 'Santo Domingo', 1, '0000-00-00 00:00:00', '0000-00-00 00:00:00'),
(104, '697', 'El Santuario', 1, '0000-00-00 00:00:00', '0000-00-00 00:00:00'),
(105, '736', 'Segovia', 1, '0000-00-00 00:00:00', '0000-00-00 00:00:00'),
(106, '756', 'Sonson', 1, '0000-00-00 00:00:00', '0000-00-00 00:00:00'),
(107, '761', 'Sopetran', 1, '0000-00-00 00:00:00', '0000-00-00 00:00:00'),
(108, '789', 'Tamesis', 1, '0000-00-00 00:00:00', '0000-00-00 00:00:00'),
(109, '790', 'Taraza', 1, '0000-00-00 00:00:00', '0000-00-00 00:00:00'),
(110, '792', 'Tarso', 1, '0000-00-00 00:00:00', '0000-00-00 00:00:00'),
(111, '809', 'Titiribi', 1, '0000-00-00 00:00:00', '0000-00-00 00:00:00'),
(112, '819', 'Toledo', 1, '0000-00-00 00:00:00', '0000-00-00 00:00:00'),
(113, '837', 'Turbo', 1, '0000-00-00 00:00:00', '0000-00-00 00:00:00'),
(114, '842', 'Uramita', 1, '0000-00-00 00:00:00', '0000-00-00 00:00:00'),
(115, '847', 'Urrao', 1, '0000-00-00 00:00:00', '0000-00-00 00:00:00'),
(116, '854', 'Valdivia', 1, '0000-00-00 00:00:00', '0000-00-00 00:00:00'),
(117, '856', 'Valparaiso', 1, '0000-00-00 00:00:00', '0000-00-00 00:00:00'),
(118, '858', 'Vegachi', 1, '0000-00-00 00:00:00', '0000-00-00 00:00:00'),
(119, '861', 'Venecia', 1, '0000-00-00 00:00:00', '0000-00-00 00:00:00'),
(120, '873', 'Vigia Del Fuerte', 1, '0000-00-00 00:00:00', '0000-00-00 00:00:00'),
(121, '885', 'Yali', 1, '0000-00-00 00:00:00', '0000-00-00 00:00:00'),
(122, '887', 'Yarumal', 1, '0000-00-00 00:00:00', '0000-00-00 00:00:00'),
(123, '890', 'Yolombo', 1, '0000-00-00 00:00:00', '0000-00-00 00:00:00'),
(124, '893', 'Yondo', 1, '0000-00-00 00:00:00', '0000-00-00 00:00:00'),
(125, '895', 'Zaragoza', 1, '0000-00-00 00:00:00', '0000-00-00 00:00:00'),
(126, '001', 'Barranquilla', 2, '0000-00-00 00:00:00', '0000-00-00 00:00:00'),
(127, '078', 'Baranoa', 2, '0000-00-00 00:00:00', '0000-00-00 00:00:00'),
(128, '137', 'Campo De La Cruz', 2, '0000-00-00 00:00:00', '0000-00-00 00:00:00'),
(129, '141', 'Candelaria', 2, '0000-00-00 00:00:00', '0000-00-00 00:00:00'),
(130, '296', 'Galapa', 2, '0000-00-00 00:00:00', '0000-00-00 00:00:00'),
(131, '372', 'Juan De Acosta', 2, '0000-00-00 00:00:00', '0000-00-00 00:00:00'),
(132, '421', 'Luruaco', 2, '0000-00-00 00:00:00', '0000-00-00 00:00:00'),
(133, '433', 'Malambo', 2, '0000-00-00 00:00:00', '0000-00-00 00:00:00'),
(134, '436', 'Manati', 2, '0000-00-00 00:00:00', '0000-00-00 00:00:00'),
(135, '520', 'Palmar De Varela', 2, '0000-00-00 00:00:00', '0000-00-00 00:00:00'),
(136, '549', 'Piojo', 2, '0000-00-00 00:00:00', '0000-00-00 00:00:00'),
(137, '558', 'Polonuevo', 2, '0000-00-00 00:00:00', '0000-00-00 00:00:00'),
(138, '560', 'Ponedera', 2, '0000-00-00 00:00:00', '0000-00-00 00:00:00'),
(139, '573', 'Puerto Colombia', 2, '0000-00-00 00:00:00', '0000-00-00 00:00:00'),
(140, '606', 'Repelon', 2, '0000-00-00 00:00:00', '0000-00-00 00:00:00'),
(141, '634', 'Sabanagrande', 2, '0000-00-00 00:00:00', '0000-00-00 00:00:00'),
(142, '638', 'Sabanalarga', 2, '0000-00-00 00:00:00', '0000-00-00 00:00:00'),
(143, '675', 'Santa Lucia', 2, '0000-00-00 00:00:00', '0000-00-00 00:00:00'),
(144, '685', 'Santo Tomas', 2, '0000-00-00 00:00:00', '0000-00-00 00:00:00'),
(145, '758', 'Soledad', 2, '0000-00-00 00:00:00', '0000-00-00 00:00:00'),
(146, '770', 'Suan', 2, '0000-00-00 00:00:00', '0000-00-00 00:00:00'),
(147, '832', 'Tubara', 2, '0000-00-00 00:00:00', '0000-00-00 00:00:00'),
(148, '849', 'Usiacuri', 2, '0000-00-00 00:00:00', '0000-00-00 00:00:00'),
(149, '001', 'Bogota', 11, '0000-00-00 00:00:00', '0000-00-00 00:00:00'),
(150, '001', 'Cartagena', 4, '0000-00-00 00:00:00', '0000-00-00 00:00:00'),
(151, '006', 'Achi', 4, '0000-00-00 00:00:00', '0000-00-00 00:00:00'),
(152, '030', 'Altos Del Rosario', 4, '0000-00-00 00:00:00', '0000-00-00 00:00:00'),
(153, '042', 'Arenal', 4, '0000-00-00 00:00:00', '0000-00-00 00:00:00'),
(154, '052', 'Arjona', 4, '0000-00-00 00:00:00', '0000-00-00 00:00:00'),
(155, '062', 'Arroyohondo', 4, '0000-00-00 00:00:00', '0000-00-00 00:00:00'),
(156, '074', 'Barranco De Loba', 4, '0000-00-00 00:00:00', '0000-00-00 00:00:00'),
(157, '140', 'Calamar', 4, '0000-00-00 00:00:00', '0000-00-00 00:00:00'),
(158, '160', 'Cantagallo', 4, '0000-00-00 00:00:00', '0000-00-00 00:00:00'),
(159, '188', 'Cicuco', 4, '0000-00-00 00:00:00', '0000-00-00 00:00:00'),
(160, '212', 'Cordoba', 4, '0000-00-00 00:00:00', '0000-00-00 00:00:00'),
(161, '222', 'Clemencia', 4, '0000-00-00 00:00:00', '0000-00-00 00:00:00'),
(162, '244', 'El Carmen De Bolivar', 4, '0000-00-00 00:00:00', '0000-00-00 00:00:00'),
(163, '248', 'El Guamo', 4, '0000-00-00 00:00:00', '0000-00-00 00:00:00'),
(164, '268', 'El Penon', 4, '0000-00-00 00:00:00', '0000-00-00 00:00:00'),
(165, '300', 'Hatillo De Loba', 4, '0000-00-00 00:00:00', '0000-00-00 00:00:00'),
(166, '430', 'Magangue', 4, '0000-00-00 00:00:00', '0000-00-00 00:00:00'),
(167, '433', 'Mahates', 4, '0000-00-00 00:00:00', '0000-00-00 00:00:00'),
(168, '440', 'Margarita', 4, '0000-00-00 00:00:00', '0000-00-00 00:00:00'),
(169, '442', 'Maria La Baja', 4, '0000-00-00 00:00:00', '0000-00-00 00:00:00'),
(170, '458', 'Montecristo', 4, '0000-00-00 00:00:00', '0000-00-00 00:00:00'),
(171, '468', 'Mompos', 4, '0000-00-00 00:00:00', '0000-00-00 00:00:00'),
(172, '490', 'Norosi', 4, '0000-00-00 00:00:00', '0000-00-00 00:00:00'),
(173, '473', 'Morales', 4, '0000-00-00 00:00:00', '0000-00-00 00:00:00'),
(174, '549', 'Pinillos', 4, '0000-00-00 00:00:00', '0000-00-00 00:00:00'),
(175, '580', 'Regidor', 4, '0000-00-00 00:00:00', '0000-00-00 00:00:00'),
(176, '600', 'Rio Viejo', 4, '0000-00-00 00:00:00', '0000-00-00 00:00:00'),
(177, '620', 'San Cristobal', 4, '0000-00-00 00:00:00', '0000-00-00 00:00:00'),
(178, '647', 'San Estanislao', 4, '0000-00-00 00:00:00', '0000-00-00 00:00:00'),
(179, '650', 'San Fernando', 4, '0000-00-00 00:00:00', '0000-00-00 00:00:00'),
(180, '654', 'San Jacinto', 4, '0000-00-00 00:00:00', '0000-00-00 00:00:00'),
(181, '655', 'San Jacinto Del Cauca', 4, '0000-00-00 00:00:00', '0000-00-00 00:00:00'),
(182, '657', 'San Juan Nepomuceno', 4, '0000-00-00 00:00:00', '0000-00-00 00:00:00'),
(183, '667', 'San Martin De Loba', 4, '0000-00-00 00:00:00', '0000-00-00 00:00:00'),
(184, '670', 'San Pablo', 4, '0000-00-00 00:00:00', '0000-00-00 00:00:00'),
(185, '673', 'Santa Catalina', 4, '0000-00-00 00:00:00', '0000-00-00 00:00:00'),
(186, '683', 'Santa Rosa', 4, '0000-00-00 00:00:00', '0000-00-00 00:00:00'),
(187, '688', 'Santa Rosa Del Sur', 4, '0000-00-00 00:00:00', '0000-00-00 00:00:00'),
(188, '744', 'Simiti', 4, '0000-00-00 00:00:00', '0000-00-00 00:00:00'),
(189, '760', 'Soplaviento', 4, '0000-00-00 00:00:00', '0000-00-00 00:00:00'),
(190, '780', 'Talaigua Nuevo', 4, '0000-00-00 00:00:00', '0000-00-00 00:00:00'),
(191, '810', 'Tiquisio', 4, '0000-00-00 00:00:00', '0000-00-00 00:00:00'),
(192, '836', 'Turbaco', 4, '0000-00-00 00:00:00', '0000-00-00 00:00:00'),
(193, '838', 'Turbana', 4, '0000-00-00 00:00:00', '0000-00-00 00:00:00'),
(194, '873', 'Villanueva', 4, '0000-00-00 00:00:00', '0000-00-00 00:00:00'),
(195, '894', 'Zambrano', 4, '0000-00-00 00:00:00', '0000-00-00 00:00:00'),
(196, '001', 'Tunja', 5, '0000-00-00 00:00:00', '0000-00-00 00:00:00'),
(197, '022', 'Almeida', 5, '0000-00-00 00:00:00', '0000-00-00 00:00:00'),
(198, '047', 'Aquitania', 5, '0000-00-00 00:00:00', '0000-00-00 00:00:00'),
(199, '051', 'Arcabuco', 5, '0000-00-00 00:00:00', '0000-00-00 00:00:00'),
(200, '087', 'Belen', 5, '0000-00-00 00:00:00', '0000-00-00 00:00:00'),
(201, '090', 'Berbeo', 5, '0000-00-00 00:00:00', '0000-00-00 00:00:00'),
(202, '092', 'Beteitiva', 5, '0000-00-00 00:00:00', '0000-00-00 00:00:00'),
(203, '097', 'Boavita', 5, '0000-00-00 00:00:00', '0000-00-00 00:00:00'),
(204, '104', 'Boyaca', 5, '0000-00-00 00:00:00', '0000-00-00 00:00:00'),
(205, '106', 'Briceno', 5, '0000-00-00 00:00:00', '0000-00-00 00:00:00'),
(206, '109', 'Buenavista', 5, '0000-00-00 00:00:00', '0000-00-00 00:00:00'),
(207, '114', 'Busbanza', 5, '0000-00-00 00:00:00', '0000-00-00 00:00:00'),
(208, '131', 'Caldas', 5, '0000-00-00 00:00:00', '0000-00-00 00:00:00'),
(209, '135', 'Campohermoso', 5, '0000-00-00 00:00:00', '0000-00-00 00:00:00'),
(210, '162', 'Cerinza', 5, '0000-00-00 00:00:00', '0000-00-00 00:00:00'),
(211, '172', 'Chinavita', 5, '0000-00-00 00:00:00', '0000-00-00 00:00:00'),
(212, '176', 'Chiquinquira', 5, '0000-00-00 00:00:00', '0000-00-00 00:00:00'),
(213, '180', 'Chiscas', 5, '0000-00-00 00:00:00', '0000-00-00 00:00:00'),
(214, '183', 'Chita', 5, '0000-00-00 00:00:00', '0000-00-00 00:00:00'),
(215, '185', 'Chitaraque', 5, '0000-00-00 00:00:00', '0000-00-00 00:00:00'),
(216, '187', 'Chivata', 5, '0000-00-00 00:00:00', '0000-00-00 00:00:00'),
(217, '189', 'Cienega', 5, '0000-00-00 00:00:00', '0000-00-00 00:00:00'),
(218, '204', 'Combita', 5, '0000-00-00 00:00:00', '0000-00-00 00:00:00'),
(219, '212', 'Coper', 5, '0000-00-00 00:00:00', '0000-00-00 00:00:00'),
(220, '215', 'Corrales', 5, '0000-00-00 00:00:00', '0000-00-00 00:00:00'),
(221, '218', 'Covarachia', 5, '0000-00-00 00:00:00', '0000-00-00 00:00:00'),
(222, '223', 'Cubara', 5, '0000-00-00 00:00:00', '0000-00-00 00:00:00'),
(223, '224', 'Cucaita', 5, '0000-00-00 00:00:00', '0000-00-00 00:00:00'),
(224, '226', 'Cuitiva', 5, '0000-00-00 00:00:00', '0000-00-00 00:00:00'),
(225, '232', 'Chiquiza', 5, '0000-00-00 00:00:00', '0000-00-00 00:00:00'),
(226, '236', 'Chivor', 5, '0000-00-00 00:00:00', '0000-00-00 00:00:00'),
(227, '238', 'Duitama', 5, '0000-00-00 00:00:00', '0000-00-00 00:00:00'),
(228, '244', 'El Cocuy', 5, '0000-00-00 00:00:00', '0000-00-00 00:00:00'),
(229, '248', 'El Espino', 5, '0000-00-00 00:00:00', '0000-00-00 00:00:00'),
(230, '272', 'Firavitoba', 5, '0000-00-00 00:00:00', '0000-00-00 00:00:00'),
(231, '276', 'Floresta', 5, '0000-00-00 00:00:00', '0000-00-00 00:00:00'),
(232, '293', 'Gachantiva', 5, '0000-00-00 00:00:00', '0000-00-00 00:00:00'),
(233, '296', 'Gameza', 5, '0000-00-00 00:00:00', '0000-00-00 00:00:00'),
(234, '299', 'Garagoa', 5, '0000-00-00 00:00:00', '0000-00-00 00:00:00'),
(235, '317', 'Guacamayas', 5, '0000-00-00 00:00:00', '0000-00-00 00:00:00'),
(236, '322', 'Guateque', 5, '0000-00-00 00:00:00', '0000-00-00 00:00:00'),
(237, '325', 'Guayata', 5, '0000-00-00 00:00:00', '0000-00-00 00:00:00'),
(238, '332', 'Gsican', 5, '0000-00-00 00:00:00', '0000-00-00 00:00:00'),
(239, '362', 'Iza', 5, '0000-00-00 00:00:00', '0000-00-00 00:00:00'),
(240, '367', 'Jenesano', 5, '0000-00-00 00:00:00', '0000-00-00 00:00:00'),
(241, '368', 'Jerico', 5, '0000-00-00 00:00:00', '0000-00-00 00:00:00'),
(242, '377', 'Labranzagrande', 5, '0000-00-00 00:00:00', '0000-00-00 00:00:00'),
(243, '380', 'La Capilla', 5, '0000-00-00 00:00:00', '0000-00-00 00:00:00'),
(244, '401', 'La Victoria', 5, '0000-00-00 00:00:00', '0000-00-00 00:00:00'),
(245, '403', 'La Uvita', 5, '0000-00-00 00:00:00', '0000-00-00 00:00:00'),
(246, '407', 'Villa De Leyva', 5, '0000-00-00 00:00:00', '0000-00-00 00:00:00'),
(247, '425', 'Macanal', 5, '0000-00-00 00:00:00', '0000-00-00 00:00:00'),
(248, '442', 'Maripi', 5, '0000-00-00 00:00:00', '0000-00-00 00:00:00'),
(249, '455', 'Miraflores', 5, '0000-00-00 00:00:00', '0000-00-00 00:00:00'),
(250, '464', 'Mongua', 5, '0000-00-00 00:00:00', '0000-00-00 00:00:00'),
(251, '466', 'Mongui', 5, '0000-00-00 00:00:00', '0000-00-00 00:00:00'),
(252, '469', 'Moniquira', 5, '0000-00-00 00:00:00', '0000-00-00 00:00:00'),
(253, '476', 'Motavita', 5, '0000-00-00 00:00:00', '0000-00-00 00:00:00'),
(254, '480', 'Muzo', 5, '0000-00-00 00:00:00', '0000-00-00 00:00:00'),
(255, '491', 'Nobsa', 5, '0000-00-00 00:00:00', '0000-00-00 00:00:00'),
(256, '494', 'Nuevo Colon', 5, '0000-00-00 00:00:00', '0000-00-00 00:00:00'),
(257, '500', 'Oicata', 5, '0000-00-00 00:00:00', '0000-00-00 00:00:00'),
(258, '507', 'Otanche', 5, '0000-00-00 00:00:00', '0000-00-00 00:00:00'),
(259, '511', 'Pachavita', 5, '0000-00-00 00:00:00', '0000-00-00 00:00:00'),
(260, '514', 'Paez', 5, '0000-00-00 00:00:00', '0000-00-00 00:00:00'),
(261, '516', 'Paipa', 5, '0000-00-00 00:00:00', '0000-00-00 00:00:00'),
(262, '518', 'Pajarito', 5, '0000-00-00 00:00:00', '0000-00-00 00:00:00'),
(263, '522', 'Panqueba', 5, '0000-00-00 00:00:00', '0000-00-00 00:00:00'),
(264, '531', 'Pauna', 5, '0000-00-00 00:00:00', '0000-00-00 00:00:00'),
(265, '533', 'Paya', 5, '0000-00-00 00:00:00', '0000-00-00 00:00:00'),
(266, '537', 'Paz De Rio', 5, '0000-00-00 00:00:00', '0000-00-00 00:00:00'),
(267, '542', 'Pesca', 5, '0000-00-00 00:00:00', '0000-00-00 00:00:00'),
(268, '550', 'Pisba', 5, '0000-00-00 00:00:00', '0000-00-00 00:00:00'),
(269, '572', 'Puerto Boyaca', 5, '0000-00-00 00:00:00', '0000-00-00 00:00:00'),
(270, '580', 'Quipama', 5, '0000-00-00 00:00:00', '0000-00-00 00:00:00'),
(271, '599', 'Ramiriqui', 5, '0000-00-00 00:00:00', '0000-00-00 00:00:00'),
(272, '600', 'Raquira', 5, '0000-00-00 00:00:00', '0000-00-00 00:00:00'),
(273, '621', 'Rondon', 5, '0000-00-00 00:00:00', '0000-00-00 00:00:00'),
(274, '632', 'Saboya', 5, '0000-00-00 00:00:00', '0000-00-00 00:00:00'),
(275, '638', 'Sachica', 5, '0000-00-00 00:00:00', '0000-00-00 00:00:00'),
(276, '646', 'Samaca', 5, '0000-00-00 00:00:00', '0000-00-00 00:00:00'),
(277, '660', 'San Eduardo', 5, '0000-00-00 00:00:00', '0000-00-00 00:00:00'),
(278, '664', 'San Jose De Pare', 5, '0000-00-00 00:00:00', '0000-00-00 00:00:00'),
(279, '667', 'San Luis De Gaceno', 5, '0000-00-00 00:00:00', '0000-00-00 00:00:00'),
(280, '673', 'San Mateo', 5, '0000-00-00 00:00:00', '0000-00-00 00:00:00'),
(281, '676', 'San Miguel De Sema', 5, '0000-00-00 00:00:00', '0000-00-00 00:00:00'),
(282, '681', 'San Pablo De Borbur', 5, '0000-00-00 00:00:00', '0000-00-00 00:00:00'),
(283, '686', 'Santana', 5, '0000-00-00 00:00:00', '0000-00-00 00:00:00'),
(284, '690', 'Santa Maria', 5, '0000-00-00 00:00:00', '0000-00-00 00:00:00'),
(285, '693', 'Santa Rosa De Viterbo', 5, '0000-00-00 00:00:00', '0000-00-00 00:00:00'),
(286, '696', 'Santa Sofia', 5, '0000-00-00 00:00:00', '0000-00-00 00:00:00'),
(287, '720', 'Sativanorte', 5, '0000-00-00 00:00:00', '0000-00-00 00:00:00'),
(288, '723', 'Sativasur', 5, '0000-00-00 00:00:00', '0000-00-00 00:00:00'),
(289, '740', 'Siachoque', 5, '0000-00-00 00:00:00', '0000-00-00 00:00:00'),
(290, '753', 'Soata', 5, '0000-00-00 00:00:00', '0000-00-00 00:00:00'),
(291, '755', 'Socota', 5, '0000-00-00 00:00:00', '0000-00-00 00:00:00'),
(292, '757', 'Socha', 5, '0000-00-00 00:00:00', '0000-00-00 00:00:00'),
(293, '759', 'Sogamoso', 5, '0000-00-00 00:00:00', '0000-00-00 00:00:00'),
(294, '761', 'Somondoco', 5, '0000-00-00 00:00:00', '0000-00-00 00:00:00'),
(295, '762', 'Sora', 5, '0000-00-00 00:00:00', '0000-00-00 00:00:00'),
(296, '763', 'Sotaquira', 5, '0000-00-00 00:00:00', '0000-00-00 00:00:00'),
(297, '764', 'Soraca', 5, '0000-00-00 00:00:00', '0000-00-00 00:00:00'),
(298, '774', 'Susacon', 5, '0000-00-00 00:00:00', '0000-00-00 00:00:00'),
(299, '776', 'Sutamarchan', 5, '0000-00-00 00:00:00', '0000-00-00 00:00:00'),
(300, '778', 'Sutatenza', 5, '0000-00-00 00:00:00', '0000-00-00 00:00:00'),
(301, '790', 'Tasco', 5, '0000-00-00 00:00:00', '0000-00-00 00:00:00'),
(302, '798', 'Tenza', 5, '0000-00-00 00:00:00', '0000-00-00 00:00:00'),
(303, '804', 'Tibana', 5, '0000-00-00 00:00:00', '0000-00-00 00:00:00'),
(304, '806', 'Tibasosa', 5, '0000-00-00 00:00:00', '0000-00-00 00:00:00'),
(305, '808', 'Tinjaca', 5, '0000-00-00 00:00:00', '0000-00-00 00:00:00'),
(306, '810', 'Tipacoque', 5, '0000-00-00 00:00:00', '0000-00-00 00:00:00'),
(307, '814', 'Toca', 5, '0000-00-00 00:00:00', '0000-00-00 00:00:00'),
(308, '816', 'Togsi', 5, '0000-00-00 00:00:00', '0000-00-00 00:00:00'),
(309, '820', 'Topaga', 5, '0000-00-00 00:00:00', '0000-00-00 00:00:00'),
(310, '822', 'Tota', 5, '0000-00-00 00:00:00', '0000-00-00 00:00:00'),
(311, '832', 'Tunungua', 5, '0000-00-00 00:00:00', '0000-00-00 00:00:00'),
(312, '835', 'Turmeque', 5, '0000-00-00 00:00:00', '0000-00-00 00:00:00'),
(313, '837', 'Tuta', 5, '0000-00-00 00:00:00', '0000-00-00 00:00:00'),
(314, '839', 'Tutaza', 5, '0000-00-00 00:00:00', '0000-00-00 00:00:00'),
(315, '842', 'Umbita', 5, '0000-00-00 00:00:00', '0000-00-00 00:00:00'),
(316, '861', 'Ventaquemada', 5, '0000-00-00 00:00:00', '0000-00-00 00:00:00'),
(317, '879', 'Viracacha', 5, '0000-00-00 00:00:00', '0000-00-00 00:00:00'),
(318, '897', 'Zetaquira', 5, '0000-00-00 00:00:00', '0000-00-00 00:00:00'),
(319, '001', 'Manizales', 6, '0000-00-00 00:00:00', '0000-00-00 00:00:00'),
(320, '013', 'Aguadas', 6, '0000-00-00 00:00:00', '0000-00-00 00:00:00'),
(321, '042', 'Anserma', 6, '0000-00-00 00:00:00', '0000-00-00 00:00:00'),
(322, '050', 'Aranzazu', 6, '0000-00-00 00:00:00', '0000-00-00 00:00:00'),
(323, '088', 'Belalcazar', 6, '0000-00-00 00:00:00', '0000-00-00 00:00:00'),
(324, '174', 'Chinchina', 6, '0000-00-00 00:00:00', '0000-00-00 00:00:00'),
(325, '272', 'Filadelfia', 6, '0000-00-00 00:00:00', '0000-00-00 00:00:00'),
(326, '380', 'La Dorada', 6, '0000-00-00 00:00:00', '0000-00-00 00:00:00'),
(327, '388', 'La Merced', 6, '0000-00-00 00:00:00', '0000-00-00 00:00:00'),
(328, '433', 'Manzanares', 6, '0000-00-00 00:00:00', '0000-00-00 00:00:00'),
(329, '442', 'Marmato', 6, '0000-00-00 00:00:00', '0000-00-00 00:00:00'),
(330, '444', 'Marquetalia', 6, '0000-00-00 00:00:00', '0000-00-00 00:00:00'),
(331, '446', 'Marulanda', 6, '0000-00-00 00:00:00', '0000-00-00 00:00:00'),
(332, '486', 'Neira', 6, '0000-00-00 00:00:00', '0000-00-00 00:00:00'),
(333, '495', 'Norcasia', 6, '0000-00-00 00:00:00', '0000-00-00 00:00:00'),
(334, '513', 'Pacora', 6, '0000-00-00 00:00:00', '0000-00-00 00:00:00'),
(335, '524', 'Palestina', 6, '0000-00-00 00:00:00', '0000-00-00 00:00:00'),
(336, '541', 'Pensilvania', 6, '0000-00-00 00:00:00', '0000-00-00 00:00:00'),
(337, '614', 'Riosucio', 6, '0000-00-00 00:00:00', '0000-00-00 00:00:00'),
(338, '616', 'Risaralda', 6, '0000-00-00 00:00:00', '0000-00-00 00:00:00'),
(339, '653', 'Salamina', 6, '0000-00-00 00:00:00', '0000-00-00 00:00:00'),
(340, '662', 'Samana', 6, '0000-00-00 00:00:00', '0000-00-00 00:00:00'),
(341, '665', 'San Jose', 6, '0000-00-00 00:00:00', '0000-00-00 00:00:00'),
(342, '777', 'Supia', 6, '0000-00-00 00:00:00', '0000-00-00 00:00:00'),
(343, '867', 'Victoria', 6, '0000-00-00 00:00:00', '0000-00-00 00:00:00'),
(344, '873', 'Villamaria', 6, '0000-00-00 00:00:00', '0000-00-00 00:00:00'),
(345, '877', 'Viterbo', 6, '0000-00-00 00:00:00', '0000-00-00 00:00:00'),
(346, '001', 'Florencia', 7, '0000-00-00 00:00:00', '0000-00-00 00:00:00'),
(347, '029', 'Albania', 7, '0000-00-00 00:00:00', '0000-00-00 00:00:00'),
(348, '094', 'Belen De Los Andaquies', 7, '0000-00-00 00:00:00', '0000-00-00 00:00:00'),
(349, '150', 'Cartagena Del Chaira', 7, '0000-00-00 00:00:00', '0000-00-00 00:00:00'),
(350, '205', 'Curillo', 7, '0000-00-00 00:00:00', '0000-00-00 00:00:00'),
(351, '247', 'El Doncello', 7, '0000-00-00 00:00:00', '0000-00-00 00:00:00'),
(352, '256', 'El Paujil', 7, '0000-00-00 00:00:00', '0000-00-00 00:00:00'),
(353, '410', 'La Montanita', 7, '0000-00-00 00:00:00', '0000-00-00 00:00:00'),
(354, '460', 'Milan', 7, '0000-00-00 00:00:00', '0000-00-00 00:00:00'),
(355, '479', 'Morelia', 7, '0000-00-00 00:00:00', '0000-00-00 00:00:00'),
(356, '592', 'Puerto Rico', 7, '0000-00-00 00:00:00', '0000-00-00 00:00:00'),
(357, '610', 'San Jose Del Fragua', 7, '0000-00-00 00:00:00', '0000-00-00 00:00:00'),
(358, '753', 'San Vicente Del Caguan', 7, '0000-00-00 00:00:00', '0000-00-00 00:00:00'),
(359, '756', 'Solano', 7, '0000-00-00 00:00:00', '0000-00-00 00:00:00'),
(360, '785', 'Solita', 7, '0000-00-00 00:00:00', '0000-00-00 00:00:00'),
(361, '860', 'Valparaiso', 7, '0000-00-00 00:00:00', '0000-00-00 00:00:00'),
(362, '001', 'Popayan', 8, '0000-00-00 00:00:00', '0000-00-00 00:00:00'),
(363, '022', 'Almaguer', 8, '0000-00-00 00:00:00', '0000-00-00 00:00:00'),
(364, '050', 'Argelia', 8, '0000-00-00 00:00:00', '0000-00-00 00:00:00'),
(365, '075', 'Balboa', 8, '0000-00-00 00:00:00', '0000-00-00 00:00:00'),
(366, '100', 'Bolivar', 8, '0000-00-00 00:00:00', '0000-00-00 00:00:00'),
(367, '110', 'Buenos Aires', 8, '0000-00-00 00:00:00', '0000-00-00 00:00:00'),
(368, '130', 'Cajibio', 8, '0000-00-00 00:00:00', '0000-00-00 00:00:00'),
(369, '137', 'Caldono', 8, '0000-00-00 00:00:00', '0000-00-00 00:00:00'),
(370, '142', 'Caloto', 8, '0000-00-00 00:00:00', '0000-00-00 00:00:00'),
(371, '212', 'Corinto', 8, '0000-00-00 00:00:00', '0000-00-00 00:00:00'),
(372, '256', 'El Tambo', 8, '0000-00-00 00:00:00', '0000-00-00 00:00:00'),
(373, '290', 'Florencia', 8, '0000-00-00 00:00:00', '0000-00-00 00:00:00'),
(374, '300', 'Guachene', 8, '0000-00-00 00:00:00', '0000-00-00 00:00:00'),
(375, '318', 'Guapi', 8, '0000-00-00 00:00:00', '0000-00-00 00:00:00'),
(376, '355', 'Inza', 8, '0000-00-00 00:00:00', '0000-00-00 00:00:00'),
(377, '364', 'Jambalo', 8, '0000-00-00 00:00:00', '0000-00-00 00:00:00'),
(378, '392', 'La Sierra', 8, '0000-00-00 00:00:00', '0000-00-00 00:00:00'),
(379, '397', 'La Vega', 8, '0000-00-00 00:00:00', '0000-00-00 00:00:00'),
(380, '418', 'Lopez', 8, '0000-00-00 00:00:00', '0000-00-00 00:00:00'),
(381, '450', 'Mercaderes', 8, '0000-00-00 00:00:00', '0000-00-00 00:00:00'),
(382, '455', 'Miranda', 8, '0000-00-00 00:00:00', '0000-00-00 00:00:00'),
(383, '473', 'Morales', 8, '0000-00-00 00:00:00', '0000-00-00 00:00:00'),
(384, '513', 'Padilla', 8, '0000-00-00 00:00:00', '0000-00-00 00:00:00'),
(385, '517', 'Paez', 8, '0000-00-00 00:00:00', '0000-00-00 00:00:00'),
(386, '532', 'Patia', 8, '0000-00-00 00:00:00', '0000-00-00 00:00:00'),
(387, '533', 'Piamonte', 8, '0000-00-00 00:00:00', '0000-00-00 00:00:00'),
(388, '548', 'Piendamo', 8, '0000-00-00 00:00:00', '0000-00-00 00:00:00'),
(389, '573', 'Puerto Tejada', 8, '0000-00-00 00:00:00', '0000-00-00 00:00:00'),
(390, '585', 'Purace', 8, '0000-00-00 00:00:00', '0000-00-00 00:00:00'),
(391, '622', 'Rosas', 8, '0000-00-00 00:00:00', '0000-00-00 00:00:00'),
(392, '693', 'San Sebastian', 8, '0000-00-00 00:00:00', '0000-00-00 00:00:00'),
(393, '698', 'Santander De Quilichao', 8, '0000-00-00 00:00:00', '0000-00-00 00:00:00'),
(394, '701', 'Santa Rosa', 8, '0000-00-00 00:00:00', '0000-00-00 00:00:00'),
(395, '743', 'Silvia', 8, '0000-00-00 00:00:00', '0000-00-00 00:00:00'),
(396, '760', 'Sotara', 8, '0000-00-00 00:00:00', '0000-00-00 00:00:00'),
(397, '780', 'Suarez', 8, '0000-00-00 00:00:00', '0000-00-00 00:00:00'),
(398, '785', 'Sucre', 8, '0000-00-00 00:00:00', '0000-00-00 00:00:00'),
(399, '807', 'Timbio', 8, '0000-00-00 00:00:00', '0000-00-00 00:00:00'),
(400, '809', 'Timbiqui', 8, '0000-00-00 00:00:00', '0000-00-00 00:00:00'),
(401, '821', 'Toribio', 8, '0000-00-00 00:00:00', '0000-00-00 00:00:00'),
(402, '824', 'Totoro', 8, '0000-00-00 00:00:00', '0000-00-00 00:00:00'),
(403, '845', 'Villa Rica', 8, '0000-00-00 00:00:00', '0000-00-00 00:00:00'),
(404, '001', 'Valledupar', 9, '0000-00-00 00:00:00', '0000-00-00 00:00:00'),
(405, '011', 'Aguachica', 9, '0000-00-00 00:00:00', '0000-00-00 00:00:00'),
(406, '013', 'Agustin Codazzi', 9, '0000-00-00 00:00:00', '0000-00-00 00:00:00'),
(407, '032', 'Astrea', 9, '0000-00-00 00:00:00', '0000-00-00 00:00:00'),
(408, '045', 'Becerril', 9, '0000-00-00 00:00:00', '0000-00-00 00:00:00'),
(409, '060', 'Bosconia', 9, '0000-00-00 00:00:00', '0000-00-00 00:00:00'),
(410, '175', 'Chimichagua', 9, '0000-00-00 00:00:00', '0000-00-00 00:00:00'),
(411, '178', 'Chiriguana', 9, '0000-00-00 00:00:00', '0000-00-00 00:00:00'),
(412, '228', 'Curumani', 9, '0000-00-00 00:00:00', '0000-00-00 00:00:00'),
(413, '238', 'El Copey', 9, '0000-00-00 00:00:00', '0000-00-00 00:00:00'),
(414, '250', 'El Paso', 9, '0000-00-00 00:00:00', '0000-00-00 00:00:00'),
(415, '295', 'Gamarra', 9, '0000-00-00 00:00:00', '0000-00-00 00:00:00'),
(416, '310', 'Gonzalez', 9, '0000-00-00 00:00:00', '0000-00-00 00:00:00'),
(417, '383', 'La Gloria', 9, '0000-00-00 00:00:00', '0000-00-00 00:00:00'),
(418, '400', 'La Jagua De Ibirico', 9, '0000-00-00 00:00:00', '0000-00-00 00:00:00'),
(419, '443', 'Manaure', 9, '0000-00-00 00:00:00', '0000-00-00 00:00:00'),
(420, '517', 'Pailitas', 9, '0000-00-00 00:00:00', '0000-00-00 00:00:00'),
(421, '550', 'Pelaya', 9, '0000-00-00 00:00:00', '0000-00-00 00:00:00'),
(422, '570', 'Pueblo Bello', 9, '0000-00-00 00:00:00', '0000-00-00 00:00:00'),
(423, '614', 'Rio De Oro', 9, '0000-00-00 00:00:00', '0000-00-00 00:00:00'),
(424, '621', 'La Paz', 9, '0000-00-00 00:00:00', '0000-00-00 00:00:00'),
(425, '710', 'San Alberto', 9, '0000-00-00 00:00:00', '0000-00-00 00:00:00'),
(426, '750', 'San Diego', 9, '0000-00-00 00:00:00', '0000-00-00 00:00:00'),
(427, '770', 'San Martin', 9, '0000-00-00 00:00:00', '0000-00-00 00:00:00'),
(428, '787', 'Tamalameque', 9, '0000-00-00 00:00:00', '0000-00-00 00:00:00'),
(429, '001', 'Monteria', 10, '0000-00-00 00:00:00', '0000-00-00 00:00:00'),
(430, '068', 'Ayapel', 10, '0000-00-00 00:00:00', '0000-00-00 00:00:00'),
(431, '079', 'Buenavista', 10, '0000-00-00 00:00:00', '0000-00-00 00:00:00'),
(432, '090', 'Canalete', 10, '0000-00-00 00:00:00', '0000-00-00 00:00:00'),
(433, '162', 'Cerete', 10, '0000-00-00 00:00:00', '0000-00-00 00:00:00'),
(434, '168', 'Chima', 10, '0000-00-00 00:00:00', '0000-00-00 00:00:00'),
(435, '182', 'Chinu', 10, '0000-00-00 00:00:00', '0000-00-00 00:00:00'),
(436, '189', 'Cienaga De Oro', 10, '0000-00-00 00:00:00', '0000-00-00 00:00:00'),
(437, '300', 'Cotorra', 10, '0000-00-00 00:00:00', '0000-00-00 00:00:00'),
(438, '350', 'La Apartada', 10, '0000-00-00 00:00:00', '0000-00-00 00:00:00'),
(439, '417', 'Lorica', 10, '0000-00-00 00:00:00', '0000-00-00 00:00:00'),
(440, '419', 'Los Cordobas', 10, '0000-00-00 00:00:00', '0000-00-00 00:00:00'),
(441, '464', 'Momil', 10, '0000-00-00 00:00:00', '0000-00-00 00:00:00'),
(442, '466', 'Montelibano', 10, '0000-00-00 00:00:00', '0000-00-00 00:00:00'),
(443, '500', 'Monitos', 10, '0000-00-00 00:00:00', '0000-00-00 00:00:00'),
(444, '555', 'Planeta Rica', 10, '0000-00-00 00:00:00', '0000-00-00 00:00:00'),
(445, '570', 'Pueblo Nuevo', 10, '0000-00-00 00:00:00', '0000-00-00 00:00:00'),
(446, '574', 'Puerto Escondido', 10, '0000-00-00 00:00:00', '0000-00-00 00:00:00'),
(447, '580', 'Puerto Libertador', 10, '0000-00-00 00:00:00', '0000-00-00 00:00:00'),
(448, '586', 'Purisima', 10, '0000-00-00 00:00:00', '0000-00-00 00:00:00'),
(449, '660', 'Sahagun', 10, '0000-00-00 00:00:00', '0000-00-00 00:00:00'),
(450, '670', 'San Andres Sotavento', 10, '0000-00-00 00:00:00', '0000-00-00 00:00:00'),
(451, '672', 'San Antero', 10, '0000-00-00 00:00:00', '0000-00-00 00:00:00'),
(452, '675', 'San Bernardo Del Viento', 10, '0000-00-00 00:00:00', '0000-00-00 00:00:00'),
(453, '678', 'San Carlos', 10, '0000-00-00 00:00:00', '0000-00-00 00:00:00'),
(454, '686', 'San Pelayo', 10, '0000-00-00 00:00:00', '0000-00-00 00:00:00'),
(455, '807', 'Tierralta', 10, '0000-00-00 00:00:00', '0000-00-00 00:00:00'),
(456, '855', 'Valencia', 10, '0000-00-00 00:00:00', '0000-00-00 00:00:00'),
(457, '001', 'Agua De Dios', 11, '0000-00-00 00:00:00', '0000-00-00 00:00:00'),
(458, '019', 'Alban', 11, '0000-00-00 00:00:00', '0000-00-00 00:00:00'),
(459, '035', 'Anapoima', 11, '0000-00-00 00:00:00', '0000-00-00 00:00:00'),
(460, '040', 'Anolaima', 11, '0000-00-00 00:00:00', '0000-00-00 00:00:00'),
(461, '053', 'Arbelaez', 11, '0000-00-00 00:00:00', '0000-00-00 00:00:00'),
(462, '086', 'Beltran', 11, '0000-00-00 00:00:00', '0000-00-00 00:00:00'),
(463, '095', 'Bituima', 11, '0000-00-00 00:00:00', '0000-00-00 00:00:00'),
(464, '099', 'Bojaca', 11, '0000-00-00 00:00:00', '0000-00-00 00:00:00'),
(465, '120', 'Cabrera', 11, '0000-00-00 00:00:00', '0000-00-00 00:00:00'),
(466, '123', 'Cachipay', 11, '0000-00-00 00:00:00', '0000-00-00 00:00:00'),
(467, '126', 'Cajica', 11, '0000-00-00 00:00:00', '0000-00-00 00:00:00'),
(468, '148', 'Caparrapi', 11, '0000-00-00 00:00:00', '0000-00-00 00:00:00'),
(469, '151', 'Caqueza', 11, '0000-00-00 00:00:00', '0000-00-00 00:00:00'),
(470, '154', 'Carmen De Carupa', 11, '0000-00-00 00:00:00', '0000-00-00 00:00:00'),
(471, '168', 'Chaguani', 11, '0000-00-00 00:00:00', '0000-00-00 00:00:00'),
(472, '175', 'Chia', 11, '0000-00-00 00:00:00', '0000-00-00 00:00:00'),
(473, '178', 'Chipaque', 11, '0000-00-00 00:00:00', '0000-00-00 00:00:00'),
(474, '181', 'Choachi', 11, '0000-00-00 00:00:00', '0000-00-00 00:00:00'),
(475, '183', 'Choconta', 11, '0000-00-00 00:00:00', '0000-00-00 00:00:00'),
(476, '200', 'Cogua', 11, '0000-00-00 00:00:00', '0000-00-00 00:00:00'),
(477, '214', 'Cota', 11, '0000-00-00 00:00:00', '0000-00-00 00:00:00'),
(478, '224', 'Cucunuba', 11, '0000-00-00 00:00:00', '0000-00-00 00:00:00'),
(479, '245', 'El Colegio', 11, '0000-00-00 00:00:00', '0000-00-00 00:00:00'),
(480, '258', 'El Penon', 11, '0000-00-00 00:00:00', '0000-00-00 00:00:00'),
(481, '260', 'El Rosal', 11, '0000-00-00 00:00:00', '0000-00-00 00:00:00'),
(482, '269', 'Facatativa', 11, '0000-00-00 00:00:00', '0000-00-00 00:00:00'),
(483, '279', 'Fomeque', 11, '0000-00-00 00:00:00', '0000-00-00 00:00:00'),
(484, '281', 'Fosca', 11, '0000-00-00 00:00:00', '0000-00-00 00:00:00'),
(485, '286', 'Funza', 11, '0000-00-00 00:00:00', '0000-00-00 00:00:00'),
(486, '288', 'Fuquene', 11, '0000-00-00 00:00:00', '0000-00-00 00:00:00'),
(487, '290', 'Fusagasuga', 11, '0000-00-00 00:00:00', '0000-00-00 00:00:00'),
(488, '293', 'Gachala', 11, '0000-00-00 00:00:00', '0000-00-00 00:00:00'),
(489, '295', 'Gachancipa', 11, '0000-00-00 00:00:00', '0000-00-00 00:00:00'),
(490, '297', 'Gacheta', 11, '0000-00-00 00:00:00', '0000-00-00 00:00:00'),
(491, '299', 'Gama', 11, '0000-00-00 00:00:00', '0000-00-00 00:00:00'),
(492, '307', 'Girardot', 11, '0000-00-00 00:00:00', '0000-00-00 00:00:00'),
(493, '312', 'Granada', 11, '0000-00-00 00:00:00', '0000-00-00 00:00:00'),
(494, '317', 'Guacheta', 11, '0000-00-00 00:00:00', '0000-00-00 00:00:00'),
(495, '320', 'Guaduas', 11, '0000-00-00 00:00:00', '0000-00-00 00:00:00'),
(496, '322', 'Guasca', 11, '0000-00-00 00:00:00', '0000-00-00 00:00:00'),
(497, '324', 'Guataqui', 11, '0000-00-00 00:00:00', '0000-00-00 00:00:00'),
(498, '326', 'Guatavita', 11, '0000-00-00 00:00:00', '0000-00-00 00:00:00'),
(499, '328', 'Guayabal De Siquima', 11, '0000-00-00 00:00:00', '0000-00-00 00:00:00'),
(500, '335', 'Guayabetal', 11, '0000-00-00 00:00:00', '0000-00-00 00:00:00'),
(501, '339', 'Gutierrez', 11, '0000-00-00 00:00:00', '0000-00-00 00:00:00'),
(502, '368', 'Jerusalen', 11, '0000-00-00 00:00:00', '0000-00-00 00:00:00'),
(503, '372', 'Junin', 11, '0000-00-00 00:00:00', '0000-00-00 00:00:00'),
(504, '377', 'La Calera', 11, '0000-00-00 00:00:00', '0000-00-00 00:00:00'),
(505, '386', 'La Mesa', 11, '0000-00-00 00:00:00', '0000-00-00 00:00:00'),
(506, '394', 'La Palma', 11, '0000-00-00 00:00:00', '0000-00-00 00:00:00'),
(507, '398', 'La Pena', 11, '0000-00-00 00:00:00', '0000-00-00 00:00:00'),
(508, '402', 'La Vega', 11, '0000-00-00 00:00:00', '0000-00-00 00:00:00'),
(509, '407', 'Lenguazaque', 11, '0000-00-00 00:00:00', '0000-00-00 00:00:00'),
(510, '426', 'Macheta', 11, '0000-00-00 00:00:00', '0000-00-00 00:00:00'),
(511, '430', 'Madrid', 11, '0000-00-00 00:00:00', '0000-00-00 00:00:00'),
(512, '436', 'Manta', 11, '0000-00-00 00:00:00', '0000-00-00 00:00:00'),
(513, '438', 'Medina', 11, '0000-00-00 00:00:00', '0000-00-00 00:00:00'),
(514, '473', 'Mosquera', 11, '0000-00-00 00:00:00', '0000-00-00 00:00:00'),
(515, '483', 'Narino', 11, '0000-00-00 00:00:00', '0000-00-00 00:00:00'),
(516, '486', 'Nemocon', 11, '0000-00-00 00:00:00', '0000-00-00 00:00:00'),
(517, '488', 'Nilo', 11, '0000-00-00 00:00:00', '0000-00-00 00:00:00'),
(518, '489', 'Nimaima', 11, '0000-00-00 00:00:00', '0000-00-00 00:00:00'),
(519, '491', 'Nocaima', 11, '0000-00-00 00:00:00', '0000-00-00 00:00:00'),
(520, '506', 'Venecia', 11, '0000-00-00 00:00:00', '0000-00-00 00:00:00'),
(521, '513', 'Pacho', 11, '0000-00-00 00:00:00', '0000-00-00 00:00:00'),
(522, '518', 'Paime', 11, '0000-00-00 00:00:00', '0000-00-00 00:00:00'),
(523, '524', 'Pandi', 11, '0000-00-00 00:00:00', '0000-00-00 00:00:00'),
(524, '530', 'Paratebueno', 11, '0000-00-00 00:00:00', '0000-00-00 00:00:00'),
(525, '535', 'Pasca', 11, '0000-00-00 00:00:00', '0000-00-00 00:00:00'),
(526, '572', 'Puerto Salgar', 11, '0000-00-00 00:00:00', '0000-00-00 00:00:00'),
(527, '580', 'Puli', 11, '0000-00-00 00:00:00', '0000-00-00 00:00:00'),
(528, '592', 'Quebradanegra', 11, '0000-00-00 00:00:00', '0000-00-00 00:00:00'),
(529, '594', 'Quetame', 11, '0000-00-00 00:00:00', '0000-00-00 00:00:00'),
(530, '596', 'Quipile', 11, '0000-00-00 00:00:00', '0000-00-00 00:00:00'),
(531, '599', 'Apulo', 11, '0000-00-00 00:00:00', '0000-00-00 00:00:00'),
(532, '612', 'Ricaurte', 11, '0000-00-00 00:00:00', '0000-00-00 00:00:00'),
(533, '645', 'San Antonio Del Tequendama', 11, '0000-00-00 00:00:00', '0000-00-00 00:00:00'),
(534, '649', 'San Bernardo', 11, '0000-00-00 00:00:00', '0000-00-00 00:00:00'),
(535, '653', 'San Cayetano', 11, '0000-00-00 00:00:00', '0000-00-00 00:00:00'),
(536, '658', 'San Francisco', 11, '0000-00-00 00:00:00', '0000-00-00 00:00:00'),
(537, '662', 'San Juan De Rio Seco', 11, '0000-00-00 00:00:00', '0000-00-00 00:00:00'),
(538, '718', 'Sasaima', 11, '0000-00-00 00:00:00', '0000-00-00 00:00:00'),
(539, '736', 'Sesquile', 11, '0000-00-00 00:00:00', '0000-00-00 00:00:00'),
(540, '740', 'Sibate', 11, '0000-00-00 00:00:00', '0000-00-00 00:00:00'),
(541, '743', 'Silvania', 11, '0000-00-00 00:00:00', '0000-00-00 00:00:00'),
(542, '745', 'Simijaca', 11, '0000-00-00 00:00:00', '0000-00-00 00:00:00'),
(543, '754', 'Soacha', 11, '0000-00-00 00:00:00', '0000-00-00 00:00:00'),
(544, '758', 'Sopo', 11, '0000-00-00 00:00:00', '0000-00-00 00:00:00'),
(545, '769', 'Subachoque', 11, '0000-00-00 00:00:00', '0000-00-00 00:00:00'),
(546, '772', 'Suesca', 11, '0000-00-00 00:00:00', '0000-00-00 00:00:00'),
(547, '777', 'Supata', 11, '0000-00-00 00:00:00', '0000-00-00 00:00:00'),
(548, '779', 'Susa', 11, '0000-00-00 00:00:00', '0000-00-00 00:00:00'),
(549, '781', 'Sutatausa', 11, '0000-00-00 00:00:00', '0000-00-00 00:00:00'),
(550, '785', 'Tabio', 11, '0000-00-00 00:00:00', '0000-00-00 00:00:00'),
(551, '793', 'Tausa', 11, '0000-00-00 00:00:00', '0000-00-00 00:00:00'),
(552, '797', 'Tena', 11, '0000-00-00 00:00:00', '0000-00-00 00:00:00'),
(553, '799', 'Tenjo', 11, '0000-00-00 00:00:00', '0000-00-00 00:00:00'),
(554, '805', 'Tibacuy', 11, '0000-00-00 00:00:00', '0000-00-00 00:00:00'),
(555, '807', 'Tibirita', 11, '0000-00-00 00:00:00', '0000-00-00 00:00:00'),
(556, '815', 'Tocaima', 11, '0000-00-00 00:00:00', '0000-00-00 00:00:00'),
(557, '817', 'Tocancipa', 11, '0000-00-00 00:00:00', '0000-00-00 00:00:00'),
(558, '823', 'Topaipi', 11, '0000-00-00 00:00:00', '0000-00-00 00:00:00'),
(559, '839', 'Ubala', 11, '0000-00-00 00:00:00', '0000-00-00 00:00:00'),
(560, '841', 'Ubaque', 11, '0000-00-00 00:00:00', '0000-00-00 00:00:00'),
(561, '843', 'Villa De San Diego De Ubate', 11, '0000-00-00 00:00:00', '0000-00-00 00:00:00'),
(562, '845', 'Une', 11, '0000-00-00 00:00:00', '0000-00-00 00:00:00'),
(563, '851', 'Utica', 11, '0000-00-00 00:00:00', '0000-00-00 00:00:00'),
(564, '862', 'Vergara', 11, '0000-00-00 00:00:00', '0000-00-00 00:00:00'),
(565, '867', 'Viani', 11, '0000-00-00 00:00:00', '0000-00-00 00:00:00'),
(566, '871', 'Villagomez', 11, '0000-00-00 00:00:00', '0000-00-00 00:00:00'),
(567, '873', 'Villapinzon', 11, '0000-00-00 00:00:00', '0000-00-00 00:00:00'),
(568, '875', 'Villeta', 11, '0000-00-00 00:00:00', '0000-00-00 00:00:00'),
(569, '878', 'Viota', 11, '0000-00-00 00:00:00', '0000-00-00 00:00:00'),
(570, '885', 'Yacopi', 11, '0000-00-00 00:00:00', '0000-00-00 00:00:00'),
(571, '898', 'Zipacon', 11, '0000-00-00 00:00:00', '0000-00-00 00:00:00'),
(572, '899', 'Zipaquira', 11, '0000-00-00 00:00:00', '0000-00-00 00:00:00'),
(573, '001', 'Quibdo', 12, '0000-00-00 00:00:00', '0000-00-00 00:00:00'),
(574, '006', 'Acandi', 12, '0000-00-00 00:00:00', '0000-00-00 00:00:00'),
(575, '025', 'Alto Baudo', 12, '0000-00-00 00:00:00', '0000-00-00 00:00:00'),
(576, '050', 'Atrato', 12, '0000-00-00 00:00:00', '0000-00-00 00:00:00'),
(577, '073', 'Bagado', 12, '0000-00-00 00:00:00', '0000-00-00 00:00:00'),
(578, '075', 'Bahia Solano', 12, '0000-00-00 00:00:00', '0000-00-00 00:00:00'),
(579, '077', 'Bajo Baudo', 12, '0000-00-00 00:00:00', '0000-00-00 00:00:00'),
(580, '099', 'Bojaya', 12, '0000-00-00 00:00:00', '0000-00-00 00:00:00'),
(581, '135', 'El Canton Del San Pablo', 12, '0000-00-00 00:00:00', '0000-00-00 00:00:00'),
(582, '150', 'Carmen Del Darien', 12, '0000-00-00 00:00:00', '0000-00-00 00:00:00'),
(583, '160', 'Certegui', 12, '0000-00-00 00:00:00', '0000-00-00 00:00:00'),
(584, '205', 'Condoto', 12, '0000-00-00 00:00:00', '0000-00-00 00:00:00'),
(585, '245', 'El Carmen De Atrato', 12, '0000-00-00 00:00:00', '0000-00-00 00:00:00'),
(586, '250', 'El Litoral Del San Juan', 12, '0000-00-00 00:00:00', '0000-00-00 00:00:00'),
(587, '361', 'Istmina', 12, '0000-00-00 00:00:00', '0000-00-00 00:00:00'),
(588, '372', 'Jurado', 12, '0000-00-00 00:00:00', '0000-00-00 00:00:00'),
(589, '413', 'Lloro', 12, '0000-00-00 00:00:00', '0000-00-00 00:00:00'),
(590, '425', 'Medio Atrato', 12, '0000-00-00 00:00:00', '0000-00-00 00:00:00'),
(591, '430', 'Medio Baudo', 12, '0000-00-00 00:00:00', '0000-00-00 00:00:00'),
(592, '450', 'Medio San Juan', 12, '0000-00-00 00:00:00', '0000-00-00 00:00:00'),
(593, '491', 'Novita', 12, '0000-00-00 00:00:00', '0000-00-00 00:00:00'),
(594, '495', 'Nuqui', 12, '0000-00-00 00:00:00', '0000-00-00 00:00:00'),
(595, '580', 'Rio Iro', 12, '0000-00-00 00:00:00', '0000-00-00 00:00:00'),
(596, '600', 'Rio Quito', 12, '0000-00-00 00:00:00', '0000-00-00 00:00:00'),
(597, '615', 'Riosucio', 12, '0000-00-00 00:00:00', '0000-00-00 00:00:00'),
(598, '660', 'San Jose Del Palmar', 12, '0000-00-00 00:00:00', '0000-00-00 00:00:00'),
(599, '745', 'Sipi', 12, '0000-00-00 00:00:00', '0000-00-00 00:00:00'),
(600, '787', 'Tado', 12, '0000-00-00 00:00:00', '0000-00-00 00:00:00'),
(601, '800', 'Unguia', 12, '0000-00-00 00:00:00', '0000-00-00 00:00:00'),
(602, '810', 'Union Panamericana', 12, '0000-00-00 00:00:00', '0000-00-00 00:00:00'),
(603, '001', 'Neiva', 13, '0000-00-00 00:00:00', '0000-00-00 00:00:00'),
(604, '006', 'Acevedo', 13, '0000-00-00 00:00:00', '0000-00-00 00:00:00'),
(605, '013', 'Agrado', 13, '0000-00-00 00:00:00', '0000-00-00 00:00:00'),
(606, '016', 'Aipe', 13, '0000-00-00 00:00:00', '0000-00-00 00:00:00'),
(607, '020', 'Algeciras', 13, '0000-00-00 00:00:00', '0000-00-00 00:00:00'),
(608, '026', 'Altamira', 13, '0000-00-00 00:00:00', '0000-00-00 00:00:00'),
(609, '078', 'Baraya', 13, '0000-00-00 00:00:00', '0000-00-00 00:00:00'),
(610, '132', 'Campoalegre', 13, '0000-00-00 00:00:00', '0000-00-00 00:00:00'),
(611, '206', 'Colombia', 13, '0000-00-00 00:00:00', '0000-00-00 00:00:00'),
(612, '244', 'Elias', 13, '0000-00-00 00:00:00', '0000-00-00 00:00:00'),
(613, '298', 'Garzon', 13, '0000-00-00 00:00:00', '0000-00-00 00:00:00'),
(614, '306', 'Gigante', 13, '0000-00-00 00:00:00', '0000-00-00 00:00:00'),
(615, '319', 'Guadalupe', 13, '0000-00-00 00:00:00', '0000-00-00 00:00:00'),
(616, '349', 'Hobo', 13, '0000-00-00 00:00:00', '0000-00-00 00:00:00'),
(617, '357', 'Iquira', 13, '0000-00-00 00:00:00', '0000-00-00 00:00:00'),
(618, '359', 'Isnos', 13, '0000-00-00 00:00:00', '0000-00-00 00:00:00'),
(619, '378', 'La Argentina', 13, '0000-00-00 00:00:00', '0000-00-00 00:00:00'),
(620, '396', 'La Plata', 13, '0000-00-00 00:00:00', '0000-00-00 00:00:00'),
(621, '483', 'Nataga', 13, '0000-00-00 00:00:00', '0000-00-00 00:00:00'),
(622, '503', 'Oporapa', 13, '0000-00-00 00:00:00', '0000-00-00 00:00:00'),
(623, '518', 'Paicol', 13, '0000-00-00 00:00:00', '0000-00-00 00:00:00'),
(624, '524', 'Palermo', 13, '0000-00-00 00:00:00', '0000-00-00 00:00:00'),
(625, '530', 'Palestina', 13, '0000-00-00 00:00:00', '0000-00-00 00:00:00'),
(626, '548', 'Pital', 13, '0000-00-00 00:00:00', '0000-00-00 00:00:00'),
(627, '551', 'Pitalito', 13, '0000-00-00 00:00:00', '0000-00-00 00:00:00'),
(628, '615', 'Rivera', 13, '0000-00-00 00:00:00', '0000-00-00 00:00:00'),
(629, '660', 'Saladoblanco', 13, '0000-00-00 00:00:00', '0000-00-00 00:00:00'),
(630, '668', 'San Agustin', 13, '0000-00-00 00:00:00', '0000-00-00 00:00:00'),
(631, '676', 'Santa Maria', 13, '0000-00-00 00:00:00', '0000-00-00 00:00:00'),
(632, '770', 'Suaza', 13, '0000-00-00 00:00:00', '0000-00-00 00:00:00'),
(633, '791', 'Tarqui', 13, '0000-00-00 00:00:00', '0000-00-00 00:00:00'),
(634, '797', 'Tesalia', 13, '0000-00-00 00:00:00', '0000-00-00 00:00:00'),
(635, '799', 'Tello', 13, '0000-00-00 00:00:00', '0000-00-00 00:00:00'),
(636, '801', 'Teruel', 13, '0000-00-00 00:00:00', '0000-00-00 00:00:00'),
(637, '807', 'Timana', 13, '0000-00-00 00:00:00', '0000-00-00 00:00:00'),
(638, '872', 'Villavieja', 13, '0000-00-00 00:00:00', '0000-00-00 00:00:00'),
(639, '885', 'Yaguara', 13, '0000-00-00 00:00:00', '0000-00-00 00:00:00'),
(640, '001', 'Riohacha', 14, '0000-00-00 00:00:00', '0000-00-00 00:00:00'),
(641, '035', 'Albania', 14, '0000-00-00 00:00:00', '0000-00-00 00:00:00'),
(642, '078', 'Barrancas', 14, '0000-00-00 00:00:00', '0000-00-00 00:00:00'),
(643, '090', 'Dibulla', 14, '0000-00-00 00:00:00', '0000-00-00 00:00:00'),
(644, '098', 'Distraccion', 14, '0000-00-00 00:00:00', '0000-00-00 00:00:00'),
(645, '110', 'El Molino', 14, '0000-00-00 00:00:00', '0000-00-00 00:00:00'),
(646, '279', 'Fonseca', 14, '0000-00-00 00:00:00', '0000-00-00 00:00:00'),
(647, '378', 'Hatonuevo', 14, '0000-00-00 00:00:00', '0000-00-00 00:00:00'),
(648, '420', 'La Jagua Del Pilar', 14, '0000-00-00 00:00:00', '0000-00-00 00:00:00'),
(649, '430', 'Maicao', 14, '0000-00-00 00:00:00', '0000-00-00 00:00:00'),
(650, '560', 'Manaure', 14, '0000-00-00 00:00:00', '0000-00-00 00:00:00'),
(651, '650', 'San Juan Del Cesar', 14, '0000-00-00 00:00:00', '0000-00-00 00:00:00'),
(652, '847', 'Uribia', 14, '0000-00-00 00:00:00', '0000-00-00 00:00:00'),
(653, '855', 'Urumita', 14, '0000-00-00 00:00:00', '0000-00-00 00:00:00'),
(654, '874', 'Villanueva', 14, '0000-00-00 00:00:00', '0000-00-00 00:00:00'),
(655, '001', 'Santa Marta', 15, '0000-00-00 00:00:00', '0000-00-00 00:00:00'),
(656, '030', 'Algarrobo', 15, '0000-00-00 00:00:00', '0000-00-00 00:00:00'),
(657, '053', 'Aracataca', 15, '0000-00-00 00:00:00', '0000-00-00 00:00:00'),
(658, '058', 'Ariguani', 15, '0000-00-00 00:00:00', '0000-00-00 00:00:00'),
(659, '161', 'Cerro San Antonio', 15, '0000-00-00 00:00:00', '0000-00-00 00:00:00'),
(660, '170', 'Chibolo', 15, '0000-00-00 00:00:00', '0000-00-00 00:00:00'),
(661, '189', 'Cienaga', 15, '0000-00-00 00:00:00', '0000-00-00 00:00:00'),
(662, '205', 'Concordia', 15, '0000-00-00 00:00:00', '0000-00-00 00:00:00'),
(663, '245', 'El Banco', 15, '0000-00-00 00:00:00', '0000-00-00 00:00:00'),
(664, '258', 'El Pinon', 15, '0000-00-00 00:00:00', '0000-00-00 00:00:00'),
(665, '268', 'El Reten', 15, '0000-00-00 00:00:00', '0000-00-00 00:00:00'),
(666, '288', 'Fundacion', 15, '0000-00-00 00:00:00', '0000-00-00 00:00:00'),
(667, '318', 'Guamal', 15, '0000-00-00 00:00:00', '0000-00-00 00:00:00'),
(668, '460', 'Nueva Granada', 15, '0000-00-00 00:00:00', '0000-00-00 00:00:00'),
(669, '541', 'Pedraza', 15, '0000-00-00 00:00:00', '0000-00-00 00:00:00'),
(670, '545', 'Pijino Del Carmen', 15, '0000-00-00 00:00:00', '0000-00-00 00:00:00'),
(671, '551', 'Pivijay', 15, '0000-00-00 00:00:00', '0000-00-00 00:00:00'),
(672, '555', 'Plato', 15, '0000-00-00 00:00:00', '0000-00-00 00:00:00'),
(673, '570', 'Puebloviejo', 15, '0000-00-00 00:00:00', '0000-00-00 00:00:00'),
(674, '605', 'Remolino', 15, '0000-00-00 00:00:00', '0000-00-00 00:00:00'),
(675, '660', 'Sabanas De San Angel', 15, '0000-00-00 00:00:00', '0000-00-00 00:00:00');
INSERT INTO `municipios` (`id`, `codigo`, `municipio`, `departamento_id`, `created_at`, `updated_at`) VALUES
(676, '675', 'Salamina', 15, '0000-00-00 00:00:00', '0000-00-00 00:00:00'),
(677, '692', 'San Sebastian De Buenavista', 15, '0000-00-00 00:00:00', '0000-00-00 00:00:00'),
(678, '703', 'San Zenon', 15, '0000-00-00 00:00:00', '0000-00-00 00:00:00'),
(679, '707', 'Santa Ana', 15, '0000-00-00 00:00:00', '0000-00-00 00:00:00'),
(680, '720', 'Santa Barbara De Pinto', 15, '0000-00-00 00:00:00', '0000-00-00 00:00:00'),
(681, '745', 'Sitionuevo', 15, '0000-00-00 00:00:00', '0000-00-00 00:00:00'),
(682, '798', 'Tenerife', 15, '0000-00-00 00:00:00', '0000-00-00 00:00:00'),
(683, '960', 'Zapayan', 15, '0000-00-00 00:00:00', '0000-00-00 00:00:00'),
(684, '980', 'Zona Bananera', 15, '0000-00-00 00:00:00', '0000-00-00 00:00:00'),
(685, '001', 'Villavicencio', 16, '0000-00-00 00:00:00', '0000-00-00 00:00:00'),
(686, '006', 'Acacias', 16, '0000-00-00 00:00:00', '0000-00-00 00:00:00'),
(687, '110', 'Barranca De Upia', 16, '0000-00-00 00:00:00', '0000-00-00 00:00:00'),
(688, '124', 'Cabuyaro', 16, '0000-00-00 00:00:00', '0000-00-00 00:00:00'),
(689, '150', 'Castilla La Nueva', 16, '0000-00-00 00:00:00', '0000-00-00 00:00:00'),
(690, '223', 'Cubarral', 16, '0000-00-00 00:00:00', '0000-00-00 00:00:00'),
(691, '226', 'Cumaral', 16, '0000-00-00 00:00:00', '0000-00-00 00:00:00'),
(692, '245', 'El Calvario', 16, '0000-00-00 00:00:00', '0000-00-00 00:00:00'),
(693, '251', 'El Castillo', 16, '0000-00-00 00:00:00', '0000-00-00 00:00:00'),
(694, '270', 'El Dorado', 16, '0000-00-00 00:00:00', '0000-00-00 00:00:00'),
(695, '287', 'Fuente De Oro', 16, '0000-00-00 00:00:00', '0000-00-00 00:00:00'),
(696, '313', 'Granada', 16, '0000-00-00 00:00:00', '0000-00-00 00:00:00'),
(697, '318', 'Guamal', 16, '0000-00-00 00:00:00', '0000-00-00 00:00:00'),
(698, '325', 'Mapiripan', 16, '0000-00-00 00:00:00', '0000-00-00 00:00:00'),
(699, '330', 'Mesetas', 16, '0000-00-00 00:00:00', '0000-00-00 00:00:00'),
(700, '350', 'La Macarena', 16, '0000-00-00 00:00:00', '0000-00-00 00:00:00'),
(701, '370', 'Uribe', 16, '0000-00-00 00:00:00', '0000-00-00 00:00:00'),
(702, '400', 'Lejanias', 16, '0000-00-00 00:00:00', '0000-00-00 00:00:00'),
(703, '450', 'Puerto Concordia', 16, '0000-00-00 00:00:00', '0000-00-00 00:00:00'),
(704, '568', 'Puerto Gaitan', 16, '0000-00-00 00:00:00', '0000-00-00 00:00:00'),
(705, '573', 'Puerto Lopez', 16, '0000-00-00 00:00:00', '0000-00-00 00:00:00'),
(706, '577', 'Puerto Lleras', 16, '0000-00-00 00:00:00', '0000-00-00 00:00:00'),
(707, '590', 'Puerto Rico', 16, '0000-00-00 00:00:00', '0000-00-00 00:00:00'),
(708, '606', 'Restrepo', 16, '0000-00-00 00:00:00', '0000-00-00 00:00:00'),
(709, '680', 'San Carlos De Guaroa', 16, '0000-00-00 00:00:00', '0000-00-00 00:00:00'),
(710, '683', 'San Juan De Arama', 16, '0000-00-00 00:00:00', '0000-00-00 00:00:00'),
(711, '686', 'San Juanito', 16, '0000-00-00 00:00:00', '0000-00-00 00:00:00'),
(712, '689', 'San Martin', 16, '0000-00-00 00:00:00', '0000-00-00 00:00:00'),
(713, '711', 'Vistahermosa', 16, '0000-00-00 00:00:00', '0000-00-00 00:00:00'),
(714, '001', 'Pasto', 17, '0000-00-00 00:00:00', '0000-00-00 00:00:00'),
(715, '019', 'Alban', 17, '0000-00-00 00:00:00', '0000-00-00 00:00:00'),
(716, '022', 'Aldana', 17, '0000-00-00 00:00:00', '0000-00-00 00:00:00'),
(717, '036', 'Ancuya', 17, '0000-00-00 00:00:00', '0000-00-00 00:00:00'),
(718, '051', 'Arboleda', 17, '0000-00-00 00:00:00', '0000-00-00 00:00:00'),
(719, '079', 'Barbacoas', 17, '0000-00-00 00:00:00', '0000-00-00 00:00:00'),
(720, '083', 'Belen', 17, '0000-00-00 00:00:00', '0000-00-00 00:00:00'),
(721, '110', 'Buesaco', 17, '0000-00-00 00:00:00', '0000-00-00 00:00:00'),
(722, '203', 'Colon', 17, '0000-00-00 00:00:00', '0000-00-00 00:00:00'),
(723, '207', 'Consaca', 17, '0000-00-00 00:00:00', '0000-00-00 00:00:00'),
(724, '210', 'Contadero', 17, '0000-00-00 00:00:00', '0000-00-00 00:00:00'),
(725, '215', 'Cordoba', 17, '0000-00-00 00:00:00', '0000-00-00 00:00:00'),
(726, '224', 'Cuaspud', 17, '0000-00-00 00:00:00', '0000-00-00 00:00:00'),
(727, '227', 'Cumbal', 17, '0000-00-00 00:00:00', '0000-00-00 00:00:00'),
(728, '233', 'Cumbitara', 17, '0000-00-00 00:00:00', '0000-00-00 00:00:00'),
(729, '240', 'Chachagsi', 17, '0000-00-00 00:00:00', '0000-00-00 00:00:00'),
(730, '250', 'El Charco', 17, '0000-00-00 00:00:00', '0000-00-00 00:00:00'),
(731, '254', 'El Penol', 17, '0000-00-00 00:00:00', '0000-00-00 00:00:00'),
(732, '256', 'El Rosario', 17, '0000-00-00 00:00:00', '0000-00-00 00:00:00'),
(733, '258', 'El Tablon De Gomez', 17, '0000-00-00 00:00:00', '0000-00-00 00:00:00'),
(734, '260', 'El Tambo', 17, '0000-00-00 00:00:00', '0000-00-00 00:00:00'),
(735, '287', 'Funes', 17, '0000-00-00 00:00:00', '0000-00-00 00:00:00'),
(736, '317', 'Guachucal', 17, '0000-00-00 00:00:00', '0000-00-00 00:00:00'),
(737, '320', 'Guaitarilla', 17, '0000-00-00 00:00:00', '0000-00-00 00:00:00'),
(738, '323', 'Gualmatan', 17, '0000-00-00 00:00:00', '0000-00-00 00:00:00'),
(739, '352', 'Iles', 17, '0000-00-00 00:00:00', '0000-00-00 00:00:00'),
(740, '354', 'Imues', 17, '0000-00-00 00:00:00', '0000-00-00 00:00:00'),
(741, '356', 'Ipiales', 17, '0000-00-00 00:00:00', '0000-00-00 00:00:00'),
(742, '378', 'La Cruz', 17, '0000-00-00 00:00:00', '0000-00-00 00:00:00'),
(743, '381', 'La Florida', 17, '0000-00-00 00:00:00', '0000-00-00 00:00:00'),
(744, '385', 'La Llanada', 17, '0000-00-00 00:00:00', '0000-00-00 00:00:00'),
(745, '390', 'La Tola', 17, '0000-00-00 00:00:00', '0000-00-00 00:00:00'),
(746, '399', 'La Union', 17, '0000-00-00 00:00:00', '0000-00-00 00:00:00'),
(747, '405', 'Leiva', 17, '0000-00-00 00:00:00', '0000-00-00 00:00:00'),
(748, '411', 'Linares', 17, '0000-00-00 00:00:00', '0000-00-00 00:00:00'),
(749, '418', 'Los Andes', 17, '0000-00-00 00:00:00', '0000-00-00 00:00:00'),
(750, '427', 'Magsi', 17, '0000-00-00 00:00:00', '0000-00-00 00:00:00'),
(751, '435', 'Mallama', 17, '0000-00-00 00:00:00', '0000-00-00 00:00:00'),
(752, '473', 'Mosquera', 17, '0000-00-00 00:00:00', '0000-00-00 00:00:00'),
(753, '480', 'Narino', 17, '0000-00-00 00:00:00', '0000-00-00 00:00:00'),
(754, '490', 'Olaya Herrera', 17, '0000-00-00 00:00:00', '0000-00-00 00:00:00'),
(755, '506', 'Ospina', 17, '0000-00-00 00:00:00', '0000-00-00 00:00:00'),
(756, '520', 'Francisco Pizarro', 17, '0000-00-00 00:00:00', '0000-00-00 00:00:00'),
(757, '540', 'Policarpa', 17, '0000-00-00 00:00:00', '0000-00-00 00:00:00'),
(758, '560', 'Potosi', 17, '0000-00-00 00:00:00', '0000-00-00 00:00:00'),
(759, '565', 'Providencia', 17, '0000-00-00 00:00:00', '0000-00-00 00:00:00'),
(760, '573', 'Puerres', 17, '0000-00-00 00:00:00', '0000-00-00 00:00:00'),
(761, '585', 'Pupiales', 17, '0000-00-00 00:00:00', '0000-00-00 00:00:00'),
(762, '612', 'Ricaurte', 17, '0000-00-00 00:00:00', '0000-00-00 00:00:00'),
(763, '621', 'Roberto Payan', 17, '0000-00-00 00:00:00', '0000-00-00 00:00:00'),
(764, '678', 'Samaniego', 17, '0000-00-00 00:00:00', '0000-00-00 00:00:00'),
(765, '683', 'Sandona', 17, '0000-00-00 00:00:00', '0000-00-00 00:00:00'),
(766, '685', 'San Bernardo', 17, '0000-00-00 00:00:00', '0000-00-00 00:00:00'),
(767, '687', 'San Lorenzo', 17, '0000-00-00 00:00:00', '0000-00-00 00:00:00'),
(768, '693', 'San Pablo', 17, '0000-00-00 00:00:00', '0000-00-00 00:00:00'),
(769, '694', 'San Pedro De Cartago', 17, '0000-00-00 00:00:00', '0000-00-00 00:00:00'),
(770, '696', 'Santa Barbara', 17, '0000-00-00 00:00:00', '0000-00-00 00:00:00'),
(771, '699', 'Santacruz', 17, '0000-00-00 00:00:00', '0000-00-00 00:00:00'),
(772, '720', 'Sapuyes', 17, '0000-00-00 00:00:00', '0000-00-00 00:00:00'),
(773, '786', 'Taminango', 17, '0000-00-00 00:00:00', '0000-00-00 00:00:00'),
(774, '788', 'Tangua', 17, '0000-00-00 00:00:00', '0000-00-00 00:00:00'),
(775, '835', 'San Andres De Tumaco', 17, '0000-00-00 00:00:00', '0000-00-00 00:00:00'),
(776, '838', 'Tuquerres', 17, '0000-00-00 00:00:00', '0000-00-00 00:00:00'),
(777, '885', 'Yacuanquer', 17, '0000-00-00 00:00:00', '0000-00-00 00:00:00'),
(778, '001', 'Cucuta', 18, '0000-00-00 00:00:00', '0000-00-00 00:00:00'),
(779, '003', 'Abrego', 18, '0000-00-00 00:00:00', '0000-00-00 00:00:00'),
(780, '051', 'Arboledas', 18, '0000-00-00 00:00:00', '0000-00-00 00:00:00'),
(781, '099', 'Bochalema', 18, '0000-00-00 00:00:00', '0000-00-00 00:00:00'),
(782, '109', 'Bucarasica', 18, '0000-00-00 00:00:00', '0000-00-00 00:00:00'),
(783, '125', 'Cacota', 18, '0000-00-00 00:00:00', '0000-00-00 00:00:00'),
(784, '128', 'Cachira', 18, '0000-00-00 00:00:00', '0000-00-00 00:00:00'),
(785, '172', 'Chinacota', 18, '0000-00-00 00:00:00', '0000-00-00 00:00:00'),
(786, '174', 'Chitaga', 18, '0000-00-00 00:00:00', '0000-00-00 00:00:00'),
(787, '206', 'Convencion', 18, '0000-00-00 00:00:00', '0000-00-00 00:00:00'),
(788, '223', 'Cucutilla', 18, '0000-00-00 00:00:00', '0000-00-00 00:00:00'),
(789, '239', 'Durania', 18, '0000-00-00 00:00:00', '0000-00-00 00:00:00'),
(790, '245', 'El Carmen', 18, '0000-00-00 00:00:00', '0000-00-00 00:00:00'),
(791, '250', 'El Tarra', 18, '0000-00-00 00:00:00', '0000-00-00 00:00:00'),
(792, '261', 'El Zulia', 18, '0000-00-00 00:00:00', '0000-00-00 00:00:00'),
(793, '313', 'Gramalote', 18, '0000-00-00 00:00:00', '0000-00-00 00:00:00'),
(794, '344', 'Hacari', 18, '0000-00-00 00:00:00', '0000-00-00 00:00:00'),
(795, '347', 'Herran', 18, '0000-00-00 00:00:00', '0000-00-00 00:00:00'),
(796, '377', 'Labateca', 18, '0000-00-00 00:00:00', '0000-00-00 00:00:00'),
(797, '385', 'La Esperanza', 18, '0000-00-00 00:00:00', '0000-00-00 00:00:00'),
(798, '398', 'La Playa', 18, '0000-00-00 00:00:00', '0000-00-00 00:00:00'),
(799, '405', 'Los Patios', 18, '0000-00-00 00:00:00', '0000-00-00 00:00:00'),
(800, '418', 'Lourdes', 18, '0000-00-00 00:00:00', '0000-00-00 00:00:00'),
(801, '480', 'Mutiscua', 18, '0000-00-00 00:00:00', '0000-00-00 00:00:00'),
(802, '498', 'Ocana', 18, '0000-00-00 00:00:00', '0000-00-00 00:00:00'),
(803, '518', 'Pamplona', 18, '0000-00-00 00:00:00', '0000-00-00 00:00:00'),
(804, '520', 'Pamplonita', 18, '0000-00-00 00:00:00', '0000-00-00 00:00:00'),
(805, '553', 'Puerto Santander', 18, '0000-00-00 00:00:00', '0000-00-00 00:00:00'),
(806, '599', 'Ragonvalia', 18, '0000-00-00 00:00:00', '0000-00-00 00:00:00'),
(807, '660', 'Salazar', 18, '0000-00-00 00:00:00', '0000-00-00 00:00:00'),
(808, '670', 'San Calixto', 18, '0000-00-00 00:00:00', '0000-00-00 00:00:00'),
(809, '673', 'San Cayetano', 18, '0000-00-00 00:00:00', '0000-00-00 00:00:00'),
(810, '680', 'Santiago', 18, '0000-00-00 00:00:00', '0000-00-00 00:00:00'),
(811, '720', 'Sardinata', 18, '0000-00-00 00:00:00', '0000-00-00 00:00:00'),
(812, '743', 'Silos', 18, '0000-00-00 00:00:00', '0000-00-00 00:00:00'),
(813, '800', 'Teorama', 18, '0000-00-00 00:00:00', '0000-00-00 00:00:00'),
(814, '810', 'Tibu', 18, '0000-00-00 00:00:00', '0000-00-00 00:00:00'),
(815, '820', 'Toledo', 18, '0000-00-00 00:00:00', '0000-00-00 00:00:00'),
(816, '871', 'Villa Caro', 18, '0000-00-00 00:00:00', '0000-00-00 00:00:00'),
(817, '874', 'Villa Del Rosario', 18, '0000-00-00 00:00:00', '0000-00-00 00:00:00'),
(818, '001', 'Armenia', 19, '0000-00-00 00:00:00', '0000-00-00 00:00:00'),
(819, '111', 'Buenavista', 19, '0000-00-00 00:00:00', '0000-00-00 00:00:00'),
(820, '130', 'Calarca', 19, '0000-00-00 00:00:00', '0000-00-00 00:00:00'),
(821, '190', 'Circasia', 19, '0000-00-00 00:00:00', '0000-00-00 00:00:00'),
(822, '212', 'Cordoba', 19, '0000-00-00 00:00:00', '0000-00-00 00:00:00'),
(823, '272', 'Filandia', 19, '0000-00-00 00:00:00', '0000-00-00 00:00:00'),
(824, '302', 'Genova', 19, '0000-00-00 00:00:00', '0000-00-00 00:00:00'),
(825, '401', 'La Tebaida', 19, '0000-00-00 00:00:00', '0000-00-00 00:00:00'),
(826, '470', 'Montenegro', 19, '0000-00-00 00:00:00', '0000-00-00 00:00:00'),
(827, '548', 'Pijao', 19, '0000-00-00 00:00:00', '0000-00-00 00:00:00'),
(828, '594', 'Quimbaya', 19, '0000-00-00 00:00:00', '0000-00-00 00:00:00'),
(829, '690', 'Salento', 19, '0000-00-00 00:00:00', '0000-00-00 00:00:00'),
(830, '001', 'Pereira', 20, '0000-00-00 00:00:00', '0000-00-00 00:00:00'),
(831, '045', 'Apia', 20, '0000-00-00 00:00:00', '0000-00-00 00:00:00'),
(832, '075', 'Balboa', 20, '0000-00-00 00:00:00', '0000-00-00 00:00:00'),
(833, '088', 'Belen De Umbria', 20, '0000-00-00 00:00:00', '0000-00-00 00:00:00'),
(834, '170', 'Dosquebradas', 20, '0000-00-00 00:00:00', '0000-00-00 00:00:00'),
(835, '318', 'Guatica', 20, '0000-00-00 00:00:00', '0000-00-00 00:00:00'),
(836, '383', 'La Celia', 20, '0000-00-00 00:00:00', '0000-00-00 00:00:00'),
(837, '400', 'La Virginia', 20, '0000-00-00 00:00:00', '0000-00-00 00:00:00'),
(838, '440', 'Marsella', 20, '0000-00-00 00:00:00', '0000-00-00 00:00:00'),
(839, '456', 'Mistrato', 20, '0000-00-00 00:00:00', '0000-00-00 00:00:00'),
(840, '572', 'Pueblo Rico', 20, '0000-00-00 00:00:00', '0000-00-00 00:00:00'),
(841, '594', 'Quinchia', 20, '0000-00-00 00:00:00', '0000-00-00 00:00:00'),
(842, '682', 'Santa Rosa De Cabal', 20, '0000-00-00 00:00:00', '0000-00-00 00:00:00'),
(843, '687', 'Santuario', 20, '0000-00-00 00:00:00', '0000-00-00 00:00:00'),
(844, '001', 'Bucaramanga', 21, '0000-00-00 00:00:00', '0000-00-00 00:00:00'),
(845, '013', 'Aguada', 21, '0000-00-00 00:00:00', '0000-00-00 00:00:00'),
(846, '020', 'Albania', 21, '0000-00-00 00:00:00', '0000-00-00 00:00:00'),
(847, '051', 'Aratoca', 21, '0000-00-00 00:00:00', '0000-00-00 00:00:00'),
(848, '077', 'Barbosa', 21, '0000-00-00 00:00:00', '0000-00-00 00:00:00'),
(849, '079', 'Barichara', 21, '0000-00-00 00:00:00', '0000-00-00 00:00:00'),
(850, '081', 'Barrancabermeja', 21, '0000-00-00 00:00:00', '0000-00-00 00:00:00'),
(851, '092', 'Betulia', 21, '0000-00-00 00:00:00', '0000-00-00 00:00:00'),
(852, '101', 'Bolivar', 21, '0000-00-00 00:00:00', '0000-00-00 00:00:00'),
(853, '121', 'Cabrera', 21, '0000-00-00 00:00:00', '0000-00-00 00:00:00'),
(854, '132', 'California', 21, '0000-00-00 00:00:00', '0000-00-00 00:00:00'),
(855, '147', 'Capitanejo', 21, '0000-00-00 00:00:00', '0000-00-00 00:00:00'),
(856, '152', 'Carcasi', 21, '0000-00-00 00:00:00', '0000-00-00 00:00:00'),
(857, '160', 'Cepita', 21, '0000-00-00 00:00:00', '0000-00-00 00:00:00'),
(858, '162', 'Cerrito', 21, '0000-00-00 00:00:00', '0000-00-00 00:00:00'),
(859, '167', 'Charala', 21, '0000-00-00 00:00:00', '0000-00-00 00:00:00'),
(860, '169', 'Charta', 21, '0000-00-00 00:00:00', '0000-00-00 00:00:00'),
(861, '176', 'Chima', 21, '0000-00-00 00:00:00', '0000-00-00 00:00:00'),
(862, '179', 'Chipata', 21, '0000-00-00 00:00:00', '0000-00-00 00:00:00'),
(863, '190', 'Cimitarra', 21, '0000-00-00 00:00:00', '0000-00-00 00:00:00'),
(864, '207', 'Concepcion', 21, '0000-00-00 00:00:00', '0000-00-00 00:00:00'),
(865, '209', 'Confines', 21, '0000-00-00 00:00:00', '0000-00-00 00:00:00'),
(866, '211', 'Contratacion', 21, '0000-00-00 00:00:00', '0000-00-00 00:00:00'),
(867, '217', 'Coromoro', 21, '0000-00-00 00:00:00', '0000-00-00 00:00:00'),
(868, '229', 'Curiti', 21, '0000-00-00 00:00:00', '0000-00-00 00:00:00'),
(869, '235', 'El Carmen De Chucuri', 21, '0000-00-00 00:00:00', '0000-00-00 00:00:00'),
(870, '245', 'El Guacamayo', 21, '0000-00-00 00:00:00', '0000-00-00 00:00:00'),
(871, '250', 'El Penon', 21, '0000-00-00 00:00:00', '0000-00-00 00:00:00'),
(872, '255', 'El Playon', 21, '0000-00-00 00:00:00', '0000-00-00 00:00:00'),
(873, '264', 'Encino', 21, '0000-00-00 00:00:00', '0000-00-00 00:00:00'),
(874, '266', 'Enciso', 21, '0000-00-00 00:00:00', '0000-00-00 00:00:00'),
(875, '271', 'Florian', 21, '0000-00-00 00:00:00', '0000-00-00 00:00:00'),
(876, '276', 'Floridablanca', 21, '0000-00-00 00:00:00', '0000-00-00 00:00:00'),
(877, '296', 'Galan', 21, '0000-00-00 00:00:00', '0000-00-00 00:00:00'),
(878, '298', 'Gambita', 21, '0000-00-00 00:00:00', '0000-00-00 00:00:00'),
(879, '307', 'Giron', 21, '0000-00-00 00:00:00', '0000-00-00 00:00:00'),
(880, '318', 'Guaca', 21, '0000-00-00 00:00:00', '0000-00-00 00:00:00'),
(881, '320', 'Guadalupe', 21, '0000-00-00 00:00:00', '0000-00-00 00:00:00'),
(882, '322', 'Guapota', 21, '0000-00-00 00:00:00', '0000-00-00 00:00:00'),
(883, '324', 'Guavata', 21, '0000-00-00 00:00:00', '0000-00-00 00:00:00'),
(884, '327', 'Gsepsa', 21, '0000-00-00 00:00:00', '0000-00-00 00:00:00'),
(885, '344', 'Hato', 21, '0000-00-00 00:00:00', '0000-00-00 00:00:00'),
(886, '368', 'Jesus Maria', 21, '0000-00-00 00:00:00', '0000-00-00 00:00:00'),
(887, '370', 'Jordan', 21, '0000-00-00 00:00:00', '0000-00-00 00:00:00'),
(888, '377', 'La Belleza', 21, '0000-00-00 00:00:00', '0000-00-00 00:00:00'),
(889, '385', 'Landazuri', 21, '0000-00-00 00:00:00', '0000-00-00 00:00:00'),
(890, '397', 'La Paz', 21, '0000-00-00 00:00:00', '0000-00-00 00:00:00'),
(891, '406', 'Lebrija', 21, '0000-00-00 00:00:00', '0000-00-00 00:00:00'),
(892, '418', 'Los Santos', 21, '0000-00-00 00:00:00', '0000-00-00 00:00:00'),
(893, '425', 'Macaravita', 21, '0000-00-00 00:00:00', '0000-00-00 00:00:00'),
(894, '432', 'Malaga', 21, '0000-00-00 00:00:00', '0000-00-00 00:00:00'),
(895, '444', 'Matanza', 21, '0000-00-00 00:00:00', '0000-00-00 00:00:00'),
(896, '464', 'Mogotes', 21, '0000-00-00 00:00:00', '0000-00-00 00:00:00'),
(897, '468', 'Molagavita', 21, '0000-00-00 00:00:00', '0000-00-00 00:00:00'),
(898, '498', 'Ocamonte', 21, '0000-00-00 00:00:00', '0000-00-00 00:00:00'),
(899, '500', 'Oiba', 21, '0000-00-00 00:00:00', '0000-00-00 00:00:00'),
(900, '502', 'Onzaga', 21, '0000-00-00 00:00:00', '0000-00-00 00:00:00'),
(901, '522', 'Palmar', 21, '0000-00-00 00:00:00', '0000-00-00 00:00:00'),
(902, '524', 'Palmas Del Socorro', 21, '0000-00-00 00:00:00', '0000-00-00 00:00:00'),
(903, '533', 'Paramo', 21, '0000-00-00 00:00:00', '0000-00-00 00:00:00'),
(904, '547', 'Piedecuesta', 21, '0000-00-00 00:00:00', '0000-00-00 00:00:00'),
(905, '549', 'Pinchote', 21, '0000-00-00 00:00:00', '0000-00-00 00:00:00'),
(906, '572', 'Puente Nacional', 21, '0000-00-00 00:00:00', '0000-00-00 00:00:00'),
(907, '573', 'Puerto Parra', 21, '0000-00-00 00:00:00', '0000-00-00 00:00:00'),
(908, '575', 'Puerto Wilches', 21, '0000-00-00 00:00:00', '0000-00-00 00:00:00'),
(909, '615', 'Rionegro', 21, '0000-00-00 00:00:00', '0000-00-00 00:00:00'),
(910, '655', 'Sabana De Torres', 21, '0000-00-00 00:00:00', '0000-00-00 00:00:00'),
(911, '669', 'San Andres', 21, '0000-00-00 00:00:00', '0000-00-00 00:00:00'),
(912, '673', 'San Benito', 21, '0000-00-00 00:00:00', '0000-00-00 00:00:00'),
(913, '679', 'San Gil', 21, '0000-00-00 00:00:00', '0000-00-00 00:00:00'),
(914, '682', 'San Joaquin', 21, '0000-00-00 00:00:00', '0000-00-00 00:00:00'),
(915, '684', 'San Jose De Miranda', 21, '0000-00-00 00:00:00', '0000-00-00 00:00:00'),
(916, '686', 'San Miguel', 21, '0000-00-00 00:00:00', '0000-00-00 00:00:00'),
(917, '689', 'San Vicente De Chucuri', 21, '0000-00-00 00:00:00', '0000-00-00 00:00:00'),
(918, '705', 'Santa Barbara', 21, '0000-00-00 00:00:00', '0000-00-00 00:00:00'),
(919, '720', 'Santa Helena Del Opon', 21, '0000-00-00 00:00:00', '0000-00-00 00:00:00'),
(920, '745', 'Simacota', 21, '0000-00-00 00:00:00', '0000-00-00 00:00:00'),
(921, '755', 'Socorro', 21, '0000-00-00 00:00:00', '0000-00-00 00:00:00'),
(922, '770', 'Suaita', 21, '0000-00-00 00:00:00', '0000-00-00 00:00:00'),
(923, '773', 'Sucre', 21, '0000-00-00 00:00:00', '0000-00-00 00:00:00'),
(924, '780', 'Surata', 21, '0000-00-00 00:00:00', '0000-00-00 00:00:00'),
(925, '820', 'Tona', 21, '0000-00-00 00:00:00', '0000-00-00 00:00:00'),
(926, '855', 'Valle De San Jose', 21, '0000-00-00 00:00:00', '0000-00-00 00:00:00'),
(927, '861', 'Velez', 21, '0000-00-00 00:00:00', '0000-00-00 00:00:00'),
(928, '867', 'Vetas', 21, '0000-00-00 00:00:00', '0000-00-00 00:00:00'),
(929, '872', 'Villanueva', 21, '0000-00-00 00:00:00', '0000-00-00 00:00:00'),
(930, '895', 'Zapatoca', 21, '0000-00-00 00:00:00', '0000-00-00 00:00:00'),
(931, '001', 'Sincelejo', 22, '0000-00-00 00:00:00', '0000-00-00 00:00:00'),
(932, '110', 'Buenavista', 22, '0000-00-00 00:00:00', '0000-00-00 00:00:00'),
(933, '124', 'Caimito', 22, '0000-00-00 00:00:00', '0000-00-00 00:00:00'),
(934, '204', 'Coloso', 22, '0000-00-00 00:00:00', '0000-00-00 00:00:00'),
(935, '215', 'Corozal', 22, '0000-00-00 00:00:00', '0000-00-00 00:00:00'),
(936, '221', 'Covenas', 22, '0000-00-00 00:00:00', '0000-00-00 00:00:00'),
(937, '230', 'Chalan', 22, '0000-00-00 00:00:00', '0000-00-00 00:00:00'),
(938, '233', 'El Roble', 22, '0000-00-00 00:00:00', '0000-00-00 00:00:00'),
(939, '235', 'Galeras', 22, '0000-00-00 00:00:00', '0000-00-00 00:00:00'),
(940, '265', 'Guaranda', 22, '0000-00-00 00:00:00', '0000-00-00 00:00:00'),
(941, '400', 'La Union', 22, '0000-00-00 00:00:00', '0000-00-00 00:00:00'),
(942, '418', 'Los Palmitos', 22, '0000-00-00 00:00:00', '0000-00-00 00:00:00'),
(943, '429', 'Majagual', 22, '0000-00-00 00:00:00', '0000-00-00 00:00:00'),
(944, '473', 'Morroa', 22, '0000-00-00 00:00:00', '0000-00-00 00:00:00'),
(945, '508', 'Ovejas', 22, '0000-00-00 00:00:00', '0000-00-00 00:00:00'),
(946, '523', 'Palmito', 22, '0000-00-00 00:00:00', '0000-00-00 00:00:00'),
(947, '670', 'Sampues', 22, '0000-00-00 00:00:00', '0000-00-00 00:00:00'),
(948, '678', 'San Benito Abad', 22, '0000-00-00 00:00:00', '0000-00-00 00:00:00'),
(949, '702', 'San Juan De Betulia', 22, '0000-00-00 00:00:00', '0000-00-00 00:00:00'),
(950, '708', 'San Marcos', 22, '0000-00-00 00:00:00', '0000-00-00 00:00:00'),
(951, '713', 'San Onofre', 22, '0000-00-00 00:00:00', '0000-00-00 00:00:00'),
(952, '717', 'San Pedro', 22, '0000-00-00 00:00:00', '0000-00-00 00:00:00'),
(953, '742', 'San Luis De Since', 22, '0000-00-00 00:00:00', '0000-00-00 00:00:00'),
(954, '771', 'Sucre', 22, '0000-00-00 00:00:00', '0000-00-00 00:00:00'),
(955, '820', 'Santiago De Tolu', 22, '0000-00-00 00:00:00', '0000-00-00 00:00:00'),
(956, '823', 'Tolu Viejo', 22, '0000-00-00 00:00:00', '0000-00-00 00:00:00'),
(957, '001', 'Ibague', 23, '0000-00-00 00:00:00', '0000-00-00 00:00:00'),
(958, '024', 'Alpujarra', 23, '0000-00-00 00:00:00', '0000-00-00 00:00:00'),
(959, '026', 'Alvarado', 23, '0000-00-00 00:00:00', '0000-00-00 00:00:00'),
(960, '030', 'Ambalema', 23, '0000-00-00 00:00:00', '0000-00-00 00:00:00'),
(961, '043', 'Anzoategui', 23, '0000-00-00 00:00:00', '0000-00-00 00:00:00'),
(962, '055', 'Armero', 23, '0000-00-00 00:00:00', '0000-00-00 00:00:00'),
(963, '067', 'Ataco', 23, '0000-00-00 00:00:00', '0000-00-00 00:00:00'),
(964, '124', 'Cajamarca', 23, '0000-00-00 00:00:00', '0000-00-00 00:00:00'),
(965, '148', 'Carmen De Apicala', 23, '0000-00-00 00:00:00', '0000-00-00 00:00:00'),
(966, '152', 'Casabianca', 23, '0000-00-00 00:00:00', '0000-00-00 00:00:00'),
(967, '168', 'Chaparral', 23, '0000-00-00 00:00:00', '0000-00-00 00:00:00'),
(968, '200', 'Coello', 23, '0000-00-00 00:00:00', '0000-00-00 00:00:00'),
(969, '217', 'Coyaima', 23, '0000-00-00 00:00:00', '0000-00-00 00:00:00'),
(970, '226', 'Cunday', 23, '0000-00-00 00:00:00', '0000-00-00 00:00:00'),
(971, '236', 'Dolores', 23, '0000-00-00 00:00:00', '0000-00-00 00:00:00'),
(972, '268', 'Espinal', 23, '0000-00-00 00:00:00', '0000-00-00 00:00:00'),
(973, '270', 'Falan', 23, '0000-00-00 00:00:00', '0000-00-00 00:00:00'),
(974, '275', 'Flandes', 23, '0000-00-00 00:00:00', '0000-00-00 00:00:00'),
(975, '283', 'Fresno', 23, '0000-00-00 00:00:00', '0000-00-00 00:00:00'),
(976, '319', 'Guamo', 23, '0000-00-00 00:00:00', '0000-00-00 00:00:00'),
(977, '347', 'Herveo', 23, '0000-00-00 00:00:00', '0000-00-00 00:00:00'),
(978, '349', 'Honda', 23, '0000-00-00 00:00:00', '0000-00-00 00:00:00'),
(979, '352', 'Icononzo', 23, '0000-00-00 00:00:00', '0000-00-00 00:00:00'),
(980, '408', 'Lerida', 23, '0000-00-00 00:00:00', '0000-00-00 00:00:00'),
(981, '411', 'Libano', 23, '0000-00-00 00:00:00', '0000-00-00 00:00:00'),
(982, '443', 'Mariquita', 23, '0000-00-00 00:00:00', '0000-00-00 00:00:00'),
(983, '449', 'Melgar', 23, '0000-00-00 00:00:00', '0000-00-00 00:00:00'),
(984, '461', 'Murillo', 23, '0000-00-00 00:00:00', '0000-00-00 00:00:00'),
(985, '483', 'Natagaima', 23, '0000-00-00 00:00:00', '0000-00-00 00:00:00'),
(986, '504', 'Ortega', 23, '0000-00-00 00:00:00', '0000-00-00 00:00:00'),
(987, '520', 'Palocabildo', 23, '0000-00-00 00:00:00', '0000-00-00 00:00:00'),
(988, '547', 'Piedras', 23, '0000-00-00 00:00:00', '0000-00-00 00:00:00'),
(989, '555', 'Planadas', 23, '0000-00-00 00:00:00', '0000-00-00 00:00:00'),
(990, '563', 'Prado', 23, '0000-00-00 00:00:00', '0000-00-00 00:00:00'),
(991, '585', 'Purificacion', 23, '0000-00-00 00:00:00', '0000-00-00 00:00:00'),
(992, '616', 'Rioblanco', 23, '0000-00-00 00:00:00', '0000-00-00 00:00:00'),
(993, '622', 'Roncesvalles', 23, '0000-00-00 00:00:00', '0000-00-00 00:00:00'),
(994, '624', 'Rovira', 23, '0000-00-00 00:00:00', '0000-00-00 00:00:00'),
(995, '671', 'Saldana', 23, '0000-00-00 00:00:00', '0000-00-00 00:00:00'),
(996, '675', 'San Antonio', 23, '0000-00-00 00:00:00', '0000-00-00 00:00:00'),
(997, '678', 'San Luis', 23, '0000-00-00 00:00:00', '0000-00-00 00:00:00'),
(998, '686', 'Santa Isabel', 23, '0000-00-00 00:00:00', '0000-00-00 00:00:00'),
(999, '770', 'Suarez', 23, '0000-00-00 00:00:00', '0000-00-00 00:00:00'),
(1000, '854', 'Valle De San Juan', 23, '0000-00-00 00:00:00', '0000-00-00 00:00:00'),
(1001, '861', 'Venadillo', 23, '0000-00-00 00:00:00', '0000-00-00 00:00:00'),
(1002, '870', 'Villahermosa', 23, '0000-00-00 00:00:00', '0000-00-00 00:00:00'),
(1003, '873', 'Villarrica', 23, '0000-00-00 00:00:00', '0000-00-00 00:00:00'),
(1004, '001', 'Cali', 24, '0000-00-00 00:00:00', '0000-00-00 00:00:00'),
(1005, '020', 'Alcala', 24, '0000-00-00 00:00:00', '0000-00-00 00:00:00'),
(1006, '036', 'Andalucia', 24, '0000-00-00 00:00:00', '0000-00-00 00:00:00'),
(1007, '041', 'Ansermanuevo', 24, '0000-00-00 00:00:00', '0000-00-00 00:00:00'),
(1008, '054', 'Argelia', 24, '0000-00-00 00:00:00', '0000-00-00 00:00:00'),
(1009, '100', 'Bolivar', 24, '0000-00-00 00:00:00', '0000-00-00 00:00:00'),
(1010, '109', 'Buenaventura', 24, '0000-00-00 00:00:00', '0000-00-00 00:00:00'),
(1011, '111', 'Guadalajara De Buga', 24, '0000-00-00 00:00:00', '0000-00-00 00:00:00'),
(1012, '113', 'Bugalagrande', 24, '0000-00-00 00:00:00', '0000-00-00 00:00:00'),
(1013, '122', 'Caicedonia', 24, '0000-00-00 00:00:00', '0000-00-00 00:00:00'),
(1014, '126', 'Calima', 24, '0000-00-00 00:00:00', '0000-00-00 00:00:00'),
(1015, '130', 'Candelaria', 24, '0000-00-00 00:00:00', '0000-00-00 00:00:00'),
(1016, '147', 'Cartago', 24, '0000-00-00 00:00:00', '0000-00-00 00:00:00'),
(1017, '233', 'Dagua', 24, '0000-00-00 00:00:00', '0000-00-00 00:00:00'),
(1018, '243', 'El Aguila', 24, '0000-00-00 00:00:00', '0000-00-00 00:00:00'),
(1019, '246', 'El Cairo', 24, '0000-00-00 00:00:00', '0000-00-00 00:00:00'),
(1020, '248', 'El Cerrito', 24, '0000-00-00 00:00:00', '0000-00-00 00:00:00'),
(1021, '250', 'El Dovio', 24, '0000-00-00 00:00:00', '0000-00-00 00:00:00'),
(1022, '275', 'Florida', 24, '0000-00-00 00:00:00', '0000-00-00 00:00:00'),
(1023, '306', 'Ginebra', 24, '0000-00-00 00:00:00', '0000-00-00 00:00:00'),
(1024, '318', 'Guacari', 24, '0000-00-00 00:00:00', '0000-00-00 00:00:00'),
(1025, '364', 'Jamundi', 24, '0000-00-00 00:00:00', '0000-00-00 00:00:00'),
(1026, '377', 'La Cumbre', 24, '0000-00-00 00:00:00', '0000-00-00 00:00:00'),
(1027, '400', 'La Union', 24, '0000-00-00 00:00:00', '0000-00-00 00:00:00'),
(1028, '403', 'La Victoria', 24, '0000-00-00 00:00:00', '0000-00-00 00:00:00'),
(1029, '497', 'Obando', 24, '0000-00-00 00:00:00', '0000-00-00 00:00:00'),
(1030, '520', 'Palmira', 24, '0000-00-00 00:00:00', '0000-00-00 00:00:00'),
(1031, '563', 'Pradera', 24, '0000-00-00 00:00:00', '0000-00-00 00:00:00'),
(1032, '606', 'Restrepo', 24, '0000-00-00 00:00:00', '0000-00-00 00:00:00'),
(1033, '616', 'Riofrio', 24, '0000-00-00 00:00:00', '0000-00-00 00:00:00'),
(1034, '622', 'Roldanillo', 24, '0000-00-00 00:00:00', '0000-00-00 00:00:00'),
(1035, '670', 'San Pedro', 24, '0000-00-00 00:00:00', '0000-00-00 00:00:00'),
(1036, '736', 'Sevilla', 24, '0000-00-00 00:00:00', '0000-00-00 00:00:00'),
(1037, '823', 'Toro', 24, '0000-00-00 00:00:00', '0000-00-00 00:00:00'),
(1038, '828', 'Trujillo', 24, '0000-00-00 00:00:00', '0000-00-00 00:00:00'),
(1039, '834', 'Tulua', 24, '0000-00-00 00:00:00', '0000-00-00 00:00:00'),
(1040, '845', 'Ulloa', 24, '0000-00-00 00:00:00', '0000-00-00 00:00:00'),
(1041, '863', 'Versalles', 24, '0000-00-00 00:00:00', '0000-00-00 00:00:00'),
(1042, '869', 'Vijes', 24, '0000-00-00 00:00:00', '0000-00-00 00:00:00'),
(1043, '890', 'Yotoco', 24, '0000-00-00 00:00:00', '0000-00-00 00:00:00'),
(1044, '892', 'Yumbo', 24, '0000-00-00 00:00:00', '0000-00-00 00:00:00'),
(1045, '895', 'Zarzal', 24, '0000-00-00 00:00:00', '0000-00-00 00:00:00'),
(1046, '001', 'Arauca', 25, '0000-00-00 00:00:00', '0000-00-00 00:00:00'),
(1047, '065', 'Arauquita', 25, '0000-00-00 00:00:00', '0000-00-00 00:00:00'),
(1048, '220', 'Cravo Norte', 25, '0000-00-00 00:00:00', '0000-00-00 00:00:00'),
(1049, '300', 'Fortul', 25, '0000-00-00 00:00:00', '0000-00-00 00:00:00'),
(1050, '591', 'Puerto Rondon', 25, '0000-00-00 00:00:00', '0000-00-00 00:00:00'),
(1051, '736', 'Saravena', 25, '0000-00-00 00:00:00', '0000-00-00 00:00:00'),
(1052, '794', 'Tame', 25, '0000-00-00 00:00:00', '0000-00-00 00:00:00'),
(1053, '001', 'Yopal', 26, '0000-00-00 00:00:00', '0000-00-00 00:00:00'),
(1054, '010', 'Aguazul', 26, '0000-00-00 00:00:00', '0000-00-00 00:00:00'),
(1055, '015', 'Chameza', 26, '0000-00-00 00:00:00', '0000-00-00 00:00:00'),
(1056, '125', 'Hato Corozal', 26, '0000-00-00 00:00:00', '0000-00-00 00:00:00'),
(1057, '136', 'La Salina', 26, '0000-00-00 00:00:00', '0000-00-00 00:00:00'),
(1058, '139', 'Mani', 26, '0000-00-00 00:00:00', '0000-00-00 00:00:00'),
(1059, '162', 'Monterrey', 26, '0000-00-00 00:00:00', '0000-00-00 00:00:00'),
(1060, '225', 'Nunchia', 26, '0000-00-00 00:00:00', '0000-00-00 00:00:00'),
(1061, '230', 'Orocue', 26, '0000-00-00 00:00:00', '0000-00-00 00:00:00'),
(1062, '250', 'Paz De Ariporo', 26, '0000-00-00 00:00:00', '0000-00-00 00:00:00'),
(1063, '263', 'Pore', 26, '0000-00-00 00:00:00', '0000-00-00 00:00:00'),
(1064, '279', 'Recetor', 26, '0000-00-00 00:00:00', '0000-00-00 00:00:00'),
(1065, '300', 'Sabanalarga', 26, '0000-00-00 00:00:00', '0000-00-00 00:00:00'),
(1066, '315', 'Sacama', 26, '0000-00-00 00:00:00', '0000-00-00 00:00:00'),
(1067, '325', 'San Luis De Palenque', 26, '0000-00-00 00:00:00', '0000-00-00 00:00:00'),
(1068, '400', 'Tamara', 26, '0000-00-00 00:00:00', '0000-00-00 00:00:00'),
(1069, '410', 'Tauramena', 26, '0000-00-00 00:00:00', '0000-00-00 00:00:00'),
(1070, '430', 'Trinidad', 26, '0000-00-00 00:00:00', '0000-00-00 00:00:00'),
(1071, '440', 'Villanueva', 26, '0000-00-00 00:00:00', '0000-00-00 00:00:00'),
(1072, '001', 'Mocoa', 27, '0000-00-00 00:00:00', '0000-00-00 00:00:00'),
(1073, '219', 'Colon', 27, '0000-00-00 00:00:00', '0000-00-00 00:00:00'),
(1074, '320', 'Orito', 27, '0000-00-00 00:00:00', '0000-00-00 00:00:00'),
(1075, '568', 'Puerto Asis', 27, '0000-00-00 00:00:00', '0000-00-00 00:00:00'),
(1076, '569', 'Puerto Caicedo', 27, '0000-00-00 00:00:00', '0000-00-00 00:00:00'),
(1077, '571', 'Puerto Guzman', 27, '0000-00-00 00:00:00', '0000-00-00 00:00:00'),
(1078, '573', 'Leguizamo', 27, '0000-00-00 00:00:00', '0000-00-00 00:00:00'),
(1079, '749', 'Sibundoy', 27, '0000-00-00 00:00:00', '0000-00-00 00:00:00'),
(1080, '755', 'San Francisco', 27, '0000-00-00 00:00:00', '0000-00-00 00:00:00'),
(1081, '757', 'San Miguel', 27, '0000-00-00 00:00:00', '0000-00-00 00:00:00'),
(1082, '760', 'Santiago', 27, '0000-00-00 00:00:00', '0000-00-00 00:00:00'),
(1083, '865', 'Valle Del Guamuez', 27, '0000-00-00 00:00:00', '0000-00-00 00:00:00'),
(1084, '885', 'Villagarzon', 27, '0000-00-00 00:00:00', '0000-00-00 00:00:00'),
(1085, '001', 'San Andres', 28, '0000-00-00 00:00:00', '0000-00-00 00:00:00'),
(1086, '564', 'Providencia', 28, '0000-00-00 00:00:00', '0000-00-00 00:00:00'),
(1087, '001', 'Leticia', 29, '0000-00-00 00:00:00', '0000-00-00 00:00:00'),
(1088, '263', 'El Encanto', 29, '0000-00-00 00:00:00', '0000-00-00 00:00:00'),
(1089, '405', 'La Chorrera', 29, '0000-00-00 00:00:00', '0000-00-00 00:00:00'),
(1090, '407', 'La Pedrera', 29, '0000-00-00 00:00:00', '0000-00-00 00:00:00'),
(1091, '430', 'La Victoria', 29, '0000-00-00 00:00:00', '0000-00-00 00:00:00'),
(1092, '460', 'Miriti - Parana', 29, '0000-00-00 00:00:00', '0000-00-00 00:00:00'),
(1093, '530', 'Puerto Alegria', 29, '0000-00-00 00:00:00', '0000-00-00 00:00:00'),
(1094, '536', 'Puerto Arica', 29, '0000-00-00 00:00:00', '0000-00-00 00:00:00'),
(1095, '540', 'Puerto Narino', 29, '0000-00-00 00:00:00', '0000-00-00 00:00:00'),
(1096, '669', 'Puerto Santander', 29, '0000-00-00 00:00:00', '0000-00-00 00:00:00'),
(1097, '798', 'Tarapaca', 29, '0000-00-00 00:00:00', '0000-00-00 00:00:00'),
(1098, '001', 'Inirida', 30, '0000-00-00 00:00:00', '0000-00-00 00:00:00'),
(1099, '343', 'Barranco Minas', 30, '0000-00-00 00:00:00', '0000-00-00 00:00:00'),
(1100, '663', 'Mapiripana', 30, '0000-00-00 00:00:00', '0000-00-00 00:00:00'),
(1101, '883', 'San Felipe', 30, '0000-00-00 00:00:00', '0000-00-00 00:00:00'),
(1102, '884', 'Puerto Colombia', 30, '0000-00-00 00:00:00', '0000-00-00 00:00:00'),
(1103, '885', 'La Guadalupe', 30, '0000-00-00 00:00:00', '0000-00-00 00:00:00'),
(1104, '886', 'Cacahual', 30, '0000-00-00 00:00:00', '0000-00-00 00:00:00'),
(1105, '887', 'Pana Pana', 30, '0000-00-00 00:00:00', '0000-00-00 00:00:00'),
(1106, '888', 'Morichal', 30, '0000-00-00 00:00:00', '0000-00-00 00:00:00'),
(1107, '001', 'San Jose Del Guaviare', 31, '0000-00-00 00:00:00', '0000-00-00 00:00:00'),
(1108, '015', 'Calamar', 31, '0000-00-00 00:00:00', '0000-00-00 00:00:00'),
(1109, '025', 'El Retorno', 31, '0000-00-00 00:00:00', '0000-00-00 00:00:00'),
(1110, '200', 'Miraflores', 31, '0000-00-00 00:00:00', '0000-00-00 00:00:00'),
(1111, '001', 'Mitu', 32, '0000-00-00 00:00:00', '0000-00-00 00:00:00'),
(1112, '161', 'Caruru', 32, '0000-00-00 00:00:00', '0000-00-00 00:00:00'),
(1113, '511', 'Pacoa', 32, '0000-00-00 00:00:00', '0000-00-00 00:00:00'),
(1114, '666', 'Taraira', 32, '0000-00-00 00:00:00', '0000-00-00 00:00:00'),
(1115, '777', 'Papunaua', 32, '0000-00-00 00:00:00', '0000-00-00 00:00:00'),
(1116, '889', 'Yavarate', 32, '0000-00-00 00:00:00', '0000-00-00 00:00:00'),
(1117, '001', 'Puerto Carreno', 33, '0000-00-00 00:00:00', '0000-00-00 00:00:00'),
(1118, '524', 'La Primavera', 33, '0000-00-00 00:00:00', '0000-00-00 00:00:00'),
(1119, '624', 'Santa Rosalia', 33, '0000-00-00 00:00:00', '0000-00-00 00:00:00'),
(1120, '773', 'Cumaribo', 33, '0000-00-00 00:00:00', '0000-00-00 00:00:00');

-- --------------------------------------------------------

--
-- Estructura de tabla para la tabla `password_resets`
--

CREATE TABLE `password_resets` (
  `email` varchar(50) COLLATE utf8mb4_unicode_ci NOT NULL,
  `token` varchar(255) COLLATE utf8mb4_unicode_ci NOT NULL,
  `created_at` timestamp NULL DEFAULT NULL
) ENGINE=InnoDB DEFAULT CHARSET=utf8mb4 COLLATE=utf8mb4_unicode_ci;

-- --------------------------------------------------------

--
-- Estructura de tabla para la tabla `producciones`
--

CREATE TABLE `producciones` (
  `id` int(10) UNSIGNED NOT NULL,
  `cantidad` int(11) NOT NULL,
  `periodo` date NOT NULL,
  `lote_id` int(10) UNSIGNED NOT NULL,
  `created_at` timestamp NULL DEFAULT NULL,
  `updated_at` timestamp NULL DEFAULT NULL
) ENGINE=InnoDB DEFAULT CHARSET=utf8mb4 COLLATE=utf8mb4_unicode_ci;

--
-- Volcado de datos para la tabla `producciones`
--

INSERT INTO `producciones` (`id`, `cantidad`, `periodo`, `lote_id`, `created_at`, `updated_at`) VALUES
(1, 4417, '2008-01-31', 1, '2018-10-16 06:10:46', '2018-10-16 06:10:46'),
(2, 2940, '2008-02-29', 1, '2018-10-16 06:10:46', '2018-10-16 06:10:46'),
(3, 4899, '2008-03-31', 1, '2018-10-16 06:10:46', '2018-10-16 06:10:46'),
(4, 2546, '2008-04-30', 1, '2018-10-16 06:10:46', '2018-10-16 06:10:46'),
(5, 1024, '2008-05-31', 1, '2018-10-16 06:10:46', '2018-10-16 06:10:46'),
(6, 1579, '2008-06-30', 1, '2018-10-16 06:10:46', '2018-10-16 06:10:46'),
(7, 1529, '2008-07-31', 1, '2018-10-16 06:10:46', '2018-10-16 06:10:46'),
(8, 1657, '2008-08-31', 1, '2018-10-16 06:10:46', '2018-10-16 06:10:46'),
(9, 3638, '2008-09-30', 1, '2018-10-16 06:10:46', '2018-10-16 06:10:46'),
(10, 19270, '2008-10-31', 1, '2018-10-16 06:10:46', '2018-10-16 06:10:46'),
(11, 28011, '2008-11-30', 1, '2018-10-16 06:10:46', '2018-10-16 06:10:46'),
(12, 7034, '2008-12-31', 1, '2018-10-16 06:10:46', '2018-10-16 06:10:46'),
(13, 3104, '2009-01-31', 1, '2018-10-16 06:10:46', '2018-10-16 06:10:46'),
(14, 322, '2009-02-28', 1, '2018-10-16 06:10:46', '2018-10-16 06:10:46'),
(15, 168, '2009-03-31', 1, '2018-10-16 06:10:46', '2018-10-16 06:10:46'),
(16, 2939, '2009-04-30', 1, '2018-10-16 06:10:46', '2018-10-16 06:10:46'),
(17, 895, '2009-05-31', 1, '2018-10-16 06:10:46', '2018-10-16 06:10:46'),
(18, 428, '2009-06-30', 1, '2018-10-16 06:10:46', '2018-10-16 06:10:46'),
(19, 1417, '2009-07-31', 1, '2018-10-16 06:10:46', '2018-10-16 06:10:46'),
(20, 4674, '2009-08-31', 1, '2018-10-16 06:10:46', '2018-10-16 06:10:46'),
(21, 8566, '2009-09-30', 1, '2018-10-16 06:10:46', '2018-10-16 06:10:46'),
(22, 13406, '2009-10-31', 1, '2018-10-16 06:10:46', '2018-10-16 06:10:46'),
(23, 5385, '2009-11-30', 1, '2018-10-16 06:10:46', '2018-10-16 06:10:46'),
(24, 1131, '2009-12-31', 1, '2018-10-16 06:10:46', '2018-10-16 06:10:46'),
(25, 0, '2010-01-31', 1, '2018-10-16 06:10:46', '2018-10-16 06:10:46'),
(26, 0, '2010-02-28', 1, '2018-10-16 06:10:46', '2018-10-16 06:10:46'),
(27, 0, '2010-03-31', 1, '2018-10-16 06:10:46', '2018-10-16 06:10:46'),
(28, 0, '2010-04-30', 1, '2018-10-16 06:10:46', '2018-10-16 06:10:46'),
(29, 0, '2010-05-31', 1, '2018-10-16 06:10:46', '2018-10-16 06:10:46'),
(30, 0, '2010-06-30', 1, '2018-10-16 06:10:46', '2018-10-16 06:10:46'),
(31, 0, '2010-07-31', 1, '2018-10-16 06:10:46', '2018-10-16 06:10:46'),
(32, 0, '2010-08-31', 1, '2018-10-16 06:10:46', '2018-10-16 06:10:46'),
(33, 0, '2010-09-30', 1, '2018-10-16 06:10:46', '2018-10-16 06:10:46'),
(34, 0, '2010-10-31', 1, '2018-10-16 06:10:46', '2018-10-16 06:10:46'),
(35, 0, '2010-11-30', 1, '2018-10-16 06:10:46', '2018-10-16 06:10:46'),
(36, 0, '2010-12-31', 1, '2018-10-16 06:10:46', '2018-10-16 06:10:46'),
(37, 0, '2011-01-31', 1, '2018-10-16 06:10:46', '2018-10-16 06:10:46'),
(38, 0, '2011-02-28', 1, '2018-10-16 06:10:46', '2018-10-16 06:10:46'),
(39, 0, '2011-03-31', 1, '2018-10-16 06:10:46', '2018-10-16 06:10:46'),
(40, 0, '2011-04-30', 1, '2018-10-16 06:10:46', '2018-10-16 06:10:46'),
(41, 0, '2011-05-31', 1, '2018-10-16 06:10:46', '2018-10-16 06:10:46'),
(42, 254, '2011-06-30', 1, '2018-10-16 06:10:46', '2018-10-16 06:10:46'),
(43, 148, '2011-07-31', 1, '2018-10-16 06:10:46', '2018-10-16 06:10:46'),
(44, 3038, '2011-08-31', 1, '2018-10-16 06:10:46', '2018-10-16 06:10:46'),
(45, 10814, '2011-09-30', 1, '2018-10-16 06:10:46', '2018-10-16 06:10:46'),
(46, 10648, '2011-10-31', 1, '2018-10-16 06:10:46', '2018-10-16 06:10:46'),
(47, 2925, '2011-11-30', 1, '2018-10-16 06:10:46', '2018-10-16 06:10:46'),
(48, 1285, '2011-12-31', 1, '2018-10-16 06:10:46', '2018-10-16 06:10:46'),
(49, 237, '2012-01-31', 1, '2018-10-16 06:10:46', '2018-10-16 06:10:46'),
(50, 2891, '2012-02-29', 1, '2018-10-16 06:10:46', '2018-10-16 06:10:46'),
(51, 2015, '2012-03-31', 1, '2018-10-16 06:10:46', '2018-10-16 06:10:46'),
(52, 927, '2012-04-30', 1, '2018-10-16 06:10:46', '2018-10-16 06:10:46'),
(53, 724, '2012-05-31', 1, '2018-10-16 06:10:46', '2018-10-16 06:10:46'),
(54, 839, '2012-06-30', 1, '2018-10-16 06:10:46', '2018-10-16 06:10:46'),
(55, 1432, '2012-07-31', 1, '2018-10-16 06:10:46', '2018-10-16 06:10:46'),
(56, 1171, '2012-08-31', 1, '2018-10-16 06:10:46', '2018-10-16 06:10:46'),
(57, 7024, '2012-09-30', 1, '2018-10-16 06:10:46', '2018-10-16 06:10:46'),
(58, 16298, '2012-10-31', 1, '2018-10-16 06:10:46', '2018-10-16 06:10:46'),
(59, 13469, '2012-11-30', 1, '2018-10-16 06:10:46', '2018-10-16 06:10:46'),
(60, 4282, '2012-12-31', 1, '2018-10-16 06:10:46', '2018-10-16 06:10:46'),
(61, 1651, '2013-01-31', 1, '2018-10-16 06:10:46', '2018-10-16 06:10:46'),
(62, 4467, '2013-02-28', 1, '2018-10-16 06:10:46', '2018-10-16 06:10:46'),
(63, 3477, '2013-03-31', 1, '2018-10-16 06:10:46', '2018-10-16 06:10:46'),
(64, 1199, '2013-04-30', 1, '2018-10-16 06:10:46', '2018-10-16 06:10:46'),
(65, 2166, '2013-05-31', 1, '2018-10-16 06:10:46', '2018-10-16 06:10:46'),
(66, 190, '2013-06-30', 1, '2018-10-16 06:10:46', '2018-10-16 06:10:46'),
(67, 2108, '2013-07-31', 1, '2018-10-16 06:10:46', '2018-10-16 06:10:46'),
(68, 8033, '2013-08-31', 1, '2018-10-16 06:10:46', '2018-10-16 06:10:46'),
(69, 5383, '2013-09-30', 1, '2018-10-16 06:10:46', '2018-10-16 06:10:46'),
(70, 4040, '2013-10-31', 1, '2018-10-16 06:10:46', '2018-10-16 06:10:46'),
(71, 18857, '2013-11-30', 1, '2018-10-16 06:10:46', '2018-10-16 06:10:46'),
(72, 6841, '2013-12-31', 1, '2018-10-16 06:10:46', '2018-10-16 06:10:46'),
(73, 4121, '2014-01-31', 1, '2018-10-16 06:10:46', '2018-10-16 06:10:46'),
(74, 1538, '2014-02-28', 1, '2018-10-16 06:10:46', '2018-10-16 06:10:46'),
(75, 2978, '2014-03-31', 1, '2018-10-16 06:10:46', '2018-10-16 06:10:46'),
(76, 1979, '2014-04-30', 1, '2018-10-16 06:10:46', '2018-10-16 06:10:46'),
(77, 1249, '2014-05-31', 1, '2018-10-16 06:10:46', '2018-10-16 06:10:46'),
(78, 722, '2014-06-30', 1, '2018-10-16 06:10:46', '2018-10-16 06:10:46'),
(79, 1808, '2014-07-31', 1, '2018-10-16 06:10:46', '2018-10-16 06:10:46'),
(80, 8365, '2014-08-31', 1, '2018-10-16 06:10:46', '2018-10-16 06:10:46'),
(81, 10245, '2014-09-30', 1, '2018-10-16 06:10:46', '2018-10-16 06:10:46'),
(82, 6025, '2014-10-31', 1, '2018-10-16 06:10:46', '2018-10-16 06:10:46'),
(83, 14083, '2014-11-30', 1, '2018-10-16 06:10:46', '2018-10-16 06:10:46'),
(84, 2598, '2014-12-31', 1, '2018-10-16 06:10:46', '2018-10-16 06:10:46'),
(85, 521, '2015-01-31', 1, '2018-10-16 06:10:46', '2018-10-16 06:10:46'),
(86, 0, '2015-02-28', 1, '2018-10-16 06:10:46', '2018-10-16 06:10:46'),
(87, 55, '2015-03-31', 1, '2018-10-16 06:10:46', '2018-10-16 06:10:46'),
(88, 0, '2015-04-30', 1, '2018-10-16 06:10:46', '2018-10-16 06:10:46'),
(89, 0, '2015-05-31', 1, '2018-10-16 06:10:46', '2018-10-16 06:10:46'),
(90, 0, '2015-06-30', 1, '2018-10-16 06:10:46', '2018-10-16 06:10:46'),
(91, 0, '2015-07-31', 1, '2018-10-16 06:10:46', '2018-10-16 06:10:46'),
(92, 0, '2015-08-31', 1, '2018-10-16 06:10:46', '2018-10-16 06:10:46'),
(93, 0, '2015-09-30', 1, '2018-10-16 06:10:46', '2018-10-16 06:10:46'),
(94, 0, '2015-10-31', 1, '2018-10-16 06:10:46', '2018-10-16 06:10:46'),
(95, 0, '2015-11-30', 1, '2018-10-16 06:10:46', '2018-10-16 06:10:46'),
(96, 0, '2015-12-31', 1, '2018-10-16 06:10:46', '2018-10-16 06:10:46'),
(97, 0, '2016-01-31', 1, '2018-10-16 06:10:46', '2018-10-16 06:10:46'),
(98, 0, '2016-02-29', 1, '2018-10-16 06:10:46', '2018-10-16 06:10:46'),
(99, 0, '2016-03-31', 1, '2018-10-16 06:10:46', '2018-10-16 06:10:46'),
(100, 0, '2016-04-30', 1, '2018-10-16 06:10:46', '2018-10-16 06:10:46'),
(101, 0, '2016-05-31', 1, '2018-10-16 06:10:46', '2018-10-16 06:10:46'),
(102, 0, '2016-06-30', 1, '2018-10-16 06:10:46', '2018-10-16 06:10:46'),
(103, 0, '2016-07-31', 1, '2018-10-16 06:10:46', '2018-10-16 06:10:46'),
(104, 0, '2016-08-31', 1, '2018-10-16 06:10:46', '2018-10-16 06:10:46'),
(105, 21354, '2016-09-30', 1, '2018-10-16 06:10:46', '2018-10-16 06:10:46'),
(106, 19621, '2016-10-31', 1, '2018-10-16 06:10:46', '2018-10-16 06:10:46'),
(107, 17437, '2016-11-30', 1, '2018-10-16 06:10:46', '2018-10-16 06:10:46'),
(108, 3780, '2016-12-31', 1, '2018-10-16 06:10:46', '2018-10-16 06:10:46'),
(109, 3047, '2017-01-31', 1, '2018-10-16 06:10:46', '2018-10-16 06:10:46'),
(110, 0, '2017-02-28', 1, '2018-10-16 06:10:46', '2018-10-16 06:10:46'),
(111, 0, '2017-03-31', 1, '2018-10-16 06:10:46', '2018-10-16 06:10:46'),
(112, 0, '2017-04-30', 1, '2018-10-16 06:10:46', '2018-10-16 06:10:46'),
(113, 0, '2017-05-31', 1, '2018-10-16 06:10:46', '2018-10-16 06:10:46'),
(114, 371, '2017-06-30', 1, '2018-10-16 06:10:46', '2018-10-16 06:10:46'),
(115, 1339, '2017-07-31', 1, '2018-10-16 06:10:46', '2018-10-16 06:10:46'),
(116, 2799, '2017-08-31', 1, '2018-10-16 06:10:46', '2018-10-16 06:10:46'),
(117, 18520, '2017-09-30', 1, '2018-10-16 06:10:46', '2018-10-16 06:10:46'),
(118, 9476, '2017-10-31', 1, '2018-10-16 06:10:46', '2018-10-16 06:10:46'),
(119, 3386, '2017-11-30', 1, '2018-10-16 06:10:46', '2018-10-16 06:10:46'),
(120, 1098, '2017-12-31', 1, '2018-10-16 06:10:46', '2018-10-16 06:10:46'),
(121, 4571, '2008-01-31', 2, '2018-10-16 06:10:46', '2018-10-16 06:10:46'),
(122, 5014, '2008-02-29', 2, '2018-10-16 06:10:46', '2018-10-16 06:10:46'),
(123, 2966, '2008-03-31', 2, '2018-10-16 06:10:46', '2018-10-16 06:10:46'),
(124, 3307, '2008-04-30', 2, '2018-10-16 06:10:46', '2018-10-16 06:10:46'),
(125, 1228, '2008-05-31', 2, '2018-10-16 06:10:46', '2018-10-16 06:10:46'),
(126, 1608, '2008-06-30', 2, '2018-10-16 06:10:46', '2018-10-16 06:10:46'),
(127, 1484, '2008-07-31', 2, '2018-10-16 06:10:46', '2018-10-16 06:10:46'),
(128, 844, '2008-08-31', 2, '2018-10-16 06:10:46', '2018-10-16 06:10:46'),
(129, 12123, '2008-09-30', 2, '2018-10-16 06:10:46', '2018-10-16 06:10:46'),
(130, 12246, '2008-10-31', 2, '2018-10-16 06:10:46', '2018-10-16 06:10:46'),
(131, 23350, '2008-11-30', 2, '2018-10-16 06:10:46', '2018-10-16 06:10:46'),
(132, 11060, '2008-12-31', 2, '2018-10-16 06:10:46', '2018-10-16 06:10:46'),
(133, 2615, '2009-01-31', 2, '2018-10-16 06:10:46', '2018-10-16 06:10:46'),
(134, 1279, '2009-02-28', 2, '2018-10-16 06:10:46', '2018-10-16 06:10:46'),
(135, 878, '2009-03-31', 2, '2018-10-16 06:10:46', '2018-10-16 06:10:46'),
(136, 3324, '2009-04-30', 2, '2018-10-16 06:10:46', '2018-10-16 06:10:46'),
(137, 1001, '2009-05-31', 2, '2018-10-16 06:10:46', '2018-10-16 06:10:46'),
(138, 522, '2009-06-30', 2, '2018-10-16 06:10:46', '2018-10-16 06:10:46'),
(139, 1426, '2009-07-31', 2, '2018-10-16 06:10:46', '2018-10-16 06:10:46'),
(140, 3495, '2009-08-31', 2, '2018-10-16 06:10:46', '2018-10-16 06:10:46'),
(141, 8869, '2009-09-30', 2, '2018-10-16 06:10:46', '2018-10-16 06:10:46'),
(142, 14098, '2009-10-31', 2, '2018-10-16 06:10:46', '2018-10-16 06:10:46'),
(143, 3851, '2009-11-30', 2, '2018-10-16 06:10:46', '2018-10-16 06:10:46'),
(144, 2815, '2009-12-31', 2, '2018-10-16 06:10:46', '2018-10-16 06:10:46'),
(145, 0, '2010-01-31', 2, '2018-10-16 06:10:46', '2018-10-16 06:10:46'),
(146, 0, '2010-02-28', 2, '2018-10-16 06:10:46', '2018-10-16 06:10:46'),
(147, 0, '2010-03-31', 2, '2018-10-16 06:10:46', '2018-10-16 06:10:46'),
(148, 0, '2010-04-30', 2, '2018-10-16 06:10:46', '2018-10-16 06:10:46'),
(149, 0, '2010-05-31', 2, '2018-10-16 06:10:46', '2018-10-16 06:10:46'),
(150, 0, '2010-06-30', 2, '2018-10-16 06:10:46', '2018-10-16 06:10:46'),
(151, 0, '2010-07-31', 2, '2018-10-16 06:10:46', '2018-10-16 06:10:46'),
(152, 0, '2010-08-31', 2, '2018-10-16 06:10:46', '2018-10-16 06:10:46'),
(153, 0, '2010-09-30', 2, '2018-10-16 06:10:46', '2018-10-16 06:10:46'),
(154, 0, '2010-10-31', 2, '2018-10-16 06:10:46', '2018-10-16 06:10:46'),
(155, 0, '2010-11-30', 2, '2018-10-16 06:10:46', '2018-10-16 06:10:46'),
(156, 0, '2010-12-31', 2, '2018-10-16 06:10:46', '2018-10-16 06:10:46'),
(157, 0, '2011-01-31', 2, '2018-10-16 06:10:46', '2018-10-16 06:10:46'),
(158, 0, '2011-02-28', 2, '2018-10-16 06:10:46', '2018-10-16 06:10:46'),
(159, 0, '2011-03-31', 2, '2018-10-16 06:10:46', '2018-10-16 06:10:46'),
(160, 0, '2011-04-30', 2, '2018-10-16 06:10:46', '2018-10-16 06:10:46'),
(161, 0, '2011-05-31', 2, '2018-10-16 06:10:46', '2018-10-16 06:10:46'),
(162, 209, '2011-06-30', 2, '2018-10-16 06:10:46', '2018-10-16 06:10:46'),
(163, 275, '2011-07-31', 2, '2018-10-16 06:10:46', '2018-10-16 06:10:46'),
(164, 2423, '2011-08-31', 2, '2018-10-16 06:10:46', '2018-10-16 06:10:46'),
(165, 3590, '2011-09-30', 2, '2018-10-16 06:10:46', '2018-10-16 06:10:46'),
(166, 19851, '2011-10-31', 2, '2018-10-16 06:10:46', '2018-10-16 06:10:46'),
(167, 2333, '2011-11-30', 2, '2018-10-16 06:10:46', '2018-10-16 06:10:46'),
(168, 1596, '2011-12-31', 2, '2018-10-16 06:10:46', '2018-10-16 06:10:46'),
(169, 891, '2012-01-31', 2, '2018-10-16 06:10:46', '2018-10-16 06:10:46'),
(170, 2701, '2012-02-29', 2, '2018-10-16 06:10:46', '2018-10-16 06:10:46'),
(171, 2455, '2012-03-31', 2, '2018-10-16 06:10:46', '2018-10-16 06:10:46'),
(172, 296, '2012-04-30', 2, '2018-10-16 06:10:46', '2018-10-16 06:10:46'),
(173, 1557, '2012-05-31', 2, '2018-10-16 06:10:46', '2018-10-16 06:10:46'),
(174, 1167, '2012-06-30', 2, '2018-10-16 06:10:46', '2018-10-16 06:10:46'),
(175, 1305, '2012-07-31', 2, '2018-10-16 06:10:46', '2018-10-16 06:10:46'),
(176, 3346, '2012-08-31', 2, '2018-10-16 06:10:46', '2018-10-16 06:10:46'),
(177, 6387, '2012-09-30', 2, '2018-10-16 06:10:46', '2018-10-16 06:10:46'),
(178, 11762, '2012-10-31', 2, '2018-10-16 06:10:46', '2018-10-16 06:10:46'),
(179, 13115, '2012-11-30', 2, '2018-10-16 06:10:46', '2018-10-16 06:10:46'),
(180, 2758, '2012-12-31', 2, '2018-10-16 06:10:46', '2018-10-16 06:10:46'),
(181, 1772, '2013-01-31', 2, '2018-10-16 06:10:46', '2018-10-16 06:10:46'),
(182, 6352, '2013-02-28', 2, '2018-10-16 06:10:46', '2018-10-16 06:10:46'),
(183, 3008, '2013-03-31', 2, '2018-10-16 06:10:46', '2018-10-16 06:10:46'),
(184, 2148, '2013-04-30', 2, '2018-10-16 06:10:46', '2018-10-16 06:10:46'),
(185, 2116, '2013-05-31', 2, '2018-10-16 06:10:46', '2018-10-16 06:10:46'),
(186, 198, '2013-06-30', 2, '2018-10-16 06:10:46', '2018-10-16 06:10:46'),
(187, 480, '2013-07-31', 2, '2018-10-16 06:10:46', '2018-10-16 06:10:46'),
(188, 4719, '2013-08-31', 2, '2018-10-16 06:10:46', '2018-10-16 06:10:46'),
(189, 6256, '2013-09-30', 2, '2018-10-16 06:10:46', '2018-10-16 06:10:46'),
(190, 9261, '2013-10-31', 2, '2018-10-16 06:10:46', '2018-10-16 06:10:46'),
(191, 13364, '2013-11-30', 2, '2018-10-16 06:10:46', '2018-10-16 06:10:46'),
(192, 10744, '2013-12-31', 2, '2018-10-16 06:10:46', '2018-10-16 06:10:46'),
(193, 6895, '2014-01-31', 2, '2018-10-16 06:10:46', '2018-10-16 06:10:46'),
(194, 4046, '2014-02-28', 2, '2018-10-16 06:10:46', '2018-10-16 06:10:46'),
(195, 7186, '2014-03-31', 2, '2018-10-16 06:10:46', '2018-10-16 06:10:46'),
(196, 2475, '2014-04-30', 2, '2018-10-16 06:10:46', '2018-10-16 06:10:46'),
(197, 1164, '2014-05-31', 2, '2018-10-16 06:10:46', '2018-10-16 06:10:46'),
(198, 475, '2014-06-30', 2, '2018-10-16 06:10:46', '2018-10-16 06:10:46'),
(199, 733, '2014-07-31', 2, '2018-10-16 06:10:46', '2018-10-16 06:10:46'),
(200, 6804, '2014-08-31', 2, '2018-10-16 06:10:46', '2018-10-16 06:10:46'),
(201, 16159, '2014-09-30', 2, '2018-10-16 06:10:46', '2018-10-16 06:10:46'),
(202, 16529, '2014-10-31', 2, '2018-10-16 06:10:46', '2018-10-16 06:10:46'),
(203, 12451, '2014-11-30', 2, '2018-10-16 06:10:46', '2018-10-16 06:10:46'),
(204, 4278, '2014-12-31', 2, '2018-10-16 06:10:46', '2018-10-16 06:10:46'),
(205, 2619, '2015-01-31', 2, '2018-10-16 06:10:46', '2018-10-16 06:10:46'),
(206, 0, '2015-02-28', 2, '2018-10-16 06:10:46', '2018-10-16 06:10:46'),
(207, 473, '2015-03-31', 2, '2018-10-16 06:10:46', '2018-10-16 06:10:46'),
(208, 0, '2015-04-30', 2, '2018-10-16 06:10:46', '2018-10-16 06:10:46'),
(209, 0, '2015-05-31', 2, '2018-10-16 06:10:46', '2018-10-16 06:10:46'),
(210, 0, '2015-06-30', 2, '2018-10-16 06:10:46', '2018-10-16 06:10:46'),
(211, 0, '2015-07-31', 2, '2018-10-16 06:10:46', '2018-10-16 06:10:46'),
(212, 0, '2015-08-31', 2, '2018-10-16 06:10:46', '2018-10-16 06:10:46'),
(213, 0, '2015-09-30', 2, '2018-10-16 06:10:46', '2018-10-16 06:10:46'),
(214, 0, '2015-10-31', 2, '2018-10-16 06:10:46', '2018-10-16 06:10:46'),
(215, 0, '2015-11-30', 2, '2018-10-16 06:10:46', '2018-10-16 06:10:46'),
(216, 0, '2015-12-31', 2, '2018-10-16 06:10:46', '2018-10-16 06:10:46'),
(217, 0, '2016-01-31', 2, '2018-10-16 06:10:46', '2018-10-16 06:10:46'),
(218, 0, '2016-02-29', 2, '2018-10-16 06:10:46', '2018-10-16 06:10:46'),
(219, 0, '2016-03-31', 2, '2018-10-16 06:10:46', '2018-10-16 06:10:46'),
(220, 0, '2016-04-30', 2, '2018-10-16 06:10:46', '2018-10-16 06:10:46'),
(221, 0, '2016-05-31', 2, '2018-10-16 06:10:46', '2018-10-16 06:10:46'),
(222, 0, '2016-06-30', 2, '2018-10-16 06:10:46', '2018-10-16 06:10:46'),
(223, 0, '2016-07-31', 2, '2018-10-16 06:10:46', '2018-10-16 06:10:46'),
(224, 0, '2016-08-31', 2, '2018-10-16 06:10:46', '2018-10-16 06:10:46'),
(225, 14817, '2016-09-30', 2, '2018-10-16 06:10:46', '2018-10-16 06:10:46'),
(226, 33061, '2016-10-31', 2, '2018-10-16 06:10:46', '2018-10-16 06:10:46'),
(227, 16470, '2016-11-30', 2, '2018-10-16 06:10:46', '2018-10-16 06:10:46'),
(228, 4279, '2016-12-31', 2, '2018-10-16 06:10:46', '2018-10-16 06:10:46'),
(229, 2111, '2017-01-31', 2, '2018-10-16 06:10:46', '2018-10-16 06:10:46'),
(230, 144, '2017-02-28', 2, '2018-10-16 06:10:46', '2018-10-16 06:10:46'),
(231, 87, '2017-03-31', 2, '2018-10-16 06:10:46', '2018-10-16 06:10:46'),
(232, 294, '2017-04-30', 2, '2018-10-16 06:10:46', '2018-10-16 06:10:46'),
(233, 109, '2017-05-31', 2, '2018-10-16 06:10:46', '2018-10-16 06:10:46'),
(234, 778, '2017-06-30', 2, '2018-10-16 06:10:46', '2018-10-16 06:10:46'),
(235, 1060, '2017-07-31', 2, '2018-10-16 06:10:46', '2018-10-16 06:10:46'),
(236, 4749, '2017-08-31', 2, '2018-10-16 06:10:46', '2018-10-16 06:10:46'),
(237, 16853, '2017-09-30', 2, '2018-10-16 06:10:46', '2018-10-16 06:10:46'),
(238, 9101, '2017-10-31', 2, '2018-10-16 06:10:46', '2018-10-16 06:10:46'),
(239, 1898, '2017-11-30', 2, '2018-10-16 06:10:46', '2018-10-16 06:10:46'),
(240, 1246, '2017-12-31', 2, '2018-10-16 06:10:46', '2018-10-16 06:10:46'),
(241, 0, '2008-01-31', 3, '2018-10-16 06:10:46', '2018-10-16 06:10:46'),
(242, 0, '2008-02-29', 3, '2018-10-16 06:10:46', '2018-10-16 06:10:46'),
(243, 0, '2008-03-31', 3, '2018-10-16 06:10:46', '2018-10-16 06:10:46'),
(244, 0, '2008-04-30', 3, '2018-10-16 06:10:46', '2018-10-16 06:10:46'),
(245, 0, '2008-05-31', 3, '2018-10-16 06:10:46', '2018-10-16 06:10:46'),
(246, 0, '2008-06-30', 3, '2018-10-16 06:10:46', '2018-10-16 06:10:46'),
(247, 0, '2008-07-31', 3, '2018-10-16 06:10:46', '2018-10-16 06:10:46'),
(248, 820, '2008-08-31', 3, '2018-10-16 06:10:46', '2018-10-16 06:10:46'),
(249, 4319, '2008-09-30', 3, '2018-10-16 06:10:46', '2018-10-16 06:10:46'),
(250, 13305, '2008-10-31', 3, '2018-10-16 06:10:46', '2018-10-16 06:10:46'),
(251, 9226, '2008-11-30', 3, '2018-10-16 06:10:46', '2018-10-16 06:10:46'),
(252, 2327, '2008-12-31', 3, '2018-10-16 06:10:46', '2018-10-16 06:10:46'),
(253, 1400, '2009-01-31', 3, '2018-10-16 06:10:46', '2018-10-16 06:10:46'),
(254, 825, '2009-02-28', 3, '2018-10-16 06:10:46', '2018-10-16 06:10:46'),
(255, 343, '2009-03-31', 3, '2018-10-16 06:10:46', '2018-10-16 06:10:46'),
(256, 1448, '2009-04-30', 3, '2018-10-16 06:10:46', '2018-10-16 06:10:46'),
(257, 4195, '2009-05-31', 3, '2018-10-16 06:10:46', '2018-10-16 06:10:46'),
(258, 1409, '2009-06-30', 3, '2018-10-16 06:10:46', '2018-10-16 06:10:46'),
(259, 2073, '2009-07-31', 3, '2018-10-16 06:10:46', '2018-10-16 06:10:46'),
(260, 6517, '2009-08-31', 3, '2018-10-16 06:10:46', '2018-10-16 06:10:46'),
(261, 7201, '2009-09-30', 3, '2018-10-16 06:10:46', '2018-10-16 06:10:46'),
(262, 10466, '2009-10-31', 3, '2018-10-16 06:10:46', '2018-10-16 06:10:46'),
(263, 9510, '2009-11-30', 3, '2018-10-16 06:10:46', '2018-10-16 06:10:46'),
(264, 4522, '2009-12-31', 3, '2018-10-16 06:10:46', '2018-10-16 06:10:46'),
(265, 3942, '2010-01-31', 3, '2018-10-16 06:10:46', '2018-10-16 06:10:46'),
(266, 2498, '2010-02-28', 3, '2018-10-16 06:10:46', '2018-10-16 06:10:46'),
(267, 9040, '2010-03-31', 3, '2018-10-16 06:10:46', '2018-10-16 06:10:46'),
(268, 8948, '2010-04-30', 3, '2018-10-16 06:10:46', '2018-10-16 06:10:46'),
(269, 4825, '2010-05-31', 3, '2018-10-16 06:10:46', '2018-10-16 06:10:46'),
(270, 518, '2010-06-30', 3, '2018-10-16 06:10:46', '2018-10-16 06:10:46'),
(271, 243, '2010-07-31', 3, '2018-10-16 06:10:46', '2018-10-16 06:10:46'),
(272, 3235, '2010-08-31', 3, '2018-10-16 06:10:46', '2018-10-16 06:10:46'),
(273, 7253, '2010-09-30', 3, '2018-10-16 06:10:46', '2018-10-16 06:10:46'),
(274, 15758, '2010-10-31', 3, '2018-10-16 06:10:46', '2018-10-16 06:10:46'),
(275, 22789, '2010-11-30', 3, '2018-10-16 06:10:46', '2018-10-16 06:10:46'),
(276, 4000, '2010-12-31', 3, '2018-10-16 06:10:46', '2018-10-16 06:10:46'),
(277, 4793, '2011-01-31', 3, '2018-10-16 06:10:46', '2018-10-16 06:10:46'),
(278, 2892, '2011-02-28', 3, '2018-10-16 06:10:46', '2018-10-16 06:10:46'),
(279, 1211, '2011-03-31', 3, '2018-10-16 06:10:46', '2018-10-16 06:10:46'),
(280, 946, '2011-04-30', 3, '2018-10-16 06:10:46', '2018-10-16 06:10:46'),
(281, 1404, '2011-05-31', 3, '2018-10-16 06:10:46', '2018-10-16 06:10:46'),
(282, 1261, '2011-06-30', 3, '2018-10-16 06:10:46', '2018-10-16 06:10:46'),
(283, 575, '2011-07-31', 3, '2018-10-16 06:10:46', '2018-10-16 06:10:46'),
(284, 6180, '2011-08-31', 3, '2018-10-16 06:10:46', '2018-10-16 06:10:46'),
(285, 10124, '2011-09-30', 3, '2018-10-16 06:10:46', '2018-10-16 06:10:46'),
(286, 12742, '2011-10-31', 3, '2018-10-16 06:10:46', '2018-10-16 06:10:46'),
(287, 6739, '2011-11-30', 3, '2018-10-16 06:10:46', '2018-10-16 06:10:46'),
(288, 2410, '2011-12-31', 3, '2018-10-16 06:10:46', '2018-10-16 06:10:46'),
(289, 2471, '2012-01-31', 3, '2018-10-16 06:10:46', '2018-10-16 06:10:46'),
(290, 4752, '2012-02-29', 3, '2018-10-16 06:10:46', '2018-10-16 06:10:46'),
(291, 3831, '2012-03-31', 3, '2018-10-16 06:10:46', '2018-10-16 06:10:46'),
(292, 1050, '2012-04-30', 3, '2018-10-16 06:10:46', '2018-10-16 06:10:46'),
(293, 839, '2012-05-31', 3, '2018-10-16 06:10:46', '2018-10-16 06:10:46'),
(294, 818, '2012-06-30', 3, '2018-10-16 06:10:46', '2018-10-16 06:10:46'),
(295, 1118, '2012-07-31', 3, '2018-10-16 06:10:46', '2018-10-16 06:10:46'),
(296, 4163, '2012-08-31', 3, '2018-10-16 06:10:46', '2018-10-16 06:10:46'),
(297, 4877, '2012-09-30', 3, '2018-10-16 06:10:46', '2018-10-16 06:10:46'),
(298, 14904, '2012-10-31', 3, '2018-10-16 06:10:46', '2018-10-16 06:10:46'),
(299, 8260, '2012-11-30', 3, '2018-10-16 06:10:46', '2018-10-16 06:10:46'),
(300, 0, '2012-12-31', 3, '2018-10-16 06:10:46', '2018-10-16 06:10:46'),
(301, 0, '2013-01-31', 3, '2018-10-16 06:10:46', '2018-10-16 06:10:46'),
(302, 0, '2013-02-28', 3, '2018-10-16 06:10:46', '2018-10-16 06:10:46'),
(303, 0, '2013-03-31', 3, '2018-10-16 06:10:46', '2018-10-16 06:10:46'),
(304, 0, '2013-04-30', 3, '2018-10-16 06:10:46', '2018-10-16 06:10:46'),
(305, 0, '2013-05-31', 3, '2018-10-16 06:10:46', '2018-10-16 06:10:46'),
(306, 0, '2013-06-30', 3, '2018-10-16 06:10:46', '2018-10-16 06:10:46'),
(307, 0, '2013-07-31', 3, '2018-10-16 06:10:46', '2018-10-16 06:10:46'),
(308, 0, '2013-08-31', 3, '2018-10-16 06:10:46', '2018-10-16 06:10:46'),
(309, 0, '2013-09-30', 3, '2018-10-16 06:10:46', '2018-10-16 06:10:46'),
(310, 0, '2013-10-31', 3, '2018-10-16 06:10:46', '2018-10-16 06:10:46'),
(311, 0, '2013-11-30', 3, '2018-10-16 06:10:46', '2018-10-16 06:10:46'),
(312, 0, '2013-12-31', 3, '2018-10-16 06:10:46', '2018-10-16 06:10:46'),
(313, 0, '2014-01-31', 3, '2018-10-16 06:10:46', '2018-10-16 06:10:46'),
(314, 0, '2014-02-28', 3, '2018-10-16 06:10:46', '2018-10-16 06:10:46'),
(315, 0, '2014-03-31', 3, '2018-10-16 06:10:46', '2018-10-16 06:10:46'),
(316, 522, '2014-04-30', 3, '2018-10-16 06:10:46', '2018-10-16 06:10:46'),
(317, 302, '2014-05-31', 3, '2018-10-16 06:10:46', '2018-10-16 06:10:46'),
(318, 482, '2014-06-30', 3, '2018-10-16 06:10:46', '2018-10-16 06:10:46'),
(319, 1936, '2014-07-31', 3, '2018-10-16 06:10:46', '2018-10-16 06:10:46'),
(320, 11141, '2014-08-31', 3, '2018-10-16 06:10:46', '2018-10-16 06:10:46'),
(321, 25643, '2014-09-30', 3, '2018-10-16 06:10:46', '2018-10-16 06:10:46'),
(322, 12535, '2014-10-31', 3, '2018-10-16 06:10:46', '2018-10-16 06:10:46'),
(323, 5698, '2014-11-30', 3, '2018-10-16 06:10:46', '2018-10-16 06:10:46'),
(324, 2360, '2014-12-31', 3, '2018-10-16 06:10:46', '2018-10-16 06:10:46'),
(325, 399, '2015-01-31', 3, '2018-10-16 06:10:46', '2018-10-16 06:10:46'),
(326, 959, '2015-02-28', 3, '2018-10-16 06:10:46', '2018-10-16 06:10:46'),
(327, 4396, '2015-03-31', 3, '2018-10-16 06:10:46', '2018-10-16 06:10:46'),
(328, 1435, '2015-04-30', 3, '2018-10-16 06:10:46', '2018-10-16 06:10:46'),
(329, 472, '2015-05-31', 3, '2018-10-16 06:10:46', '2018-10-16 06:10:46'),
(330, 446, '2015-06-30', 3, '2018-10-16 06:10:46', '2018-10-16 06:10:46'),
(331, 1723, '2015-07-31', 3, '2018-10-16 06:10:46', '2018-10-16 06:10:46'),
(332, 2150, '2015-08-31', 3, '2018-10-16 06:10:46', '2018-10-16 06:10:46'),
(333, 36359, '2015-09-30', 3, '2018-10-16 06:10:46', '2018-10-16 06:10:46'),
(334, 25172, '2015-10-31', 3, '2018-10-16 06:10:46', '2018-10-16 06:10:46'),
(335, 9221, '2015-11-30', 3, '2018-10-16 06:10:46', '2018-10-16 06:10:46'),
(336, 3372, '2015-12-31', 3, '2018-10-16 06:10:46', '2018-10-16 06:10:46'),
(337, 2064, '2016-01-31', 3, '2018-10-16 06:10:46', '2018-10-16 06:10:46'),
(338, 3215, '2016-02-29', 3, '2018-10-16 06:10:46', '2018-10-16 06:10:46'),
(339, 8858, '2016-03-31', 3, '2018-10-16 06:10:46', '2018-10-16 06:10:46'),
(340, 2006, '2016-04-30', 3, '2018-10-16 06:10:46', '2018-10-16 06:10:46'),
(341, 0, '2016-05-31', 3, '2018-10-16 06:10:46', '2018-10-16 06:10:46'),
(342, 0, '2016-06-30', 3, '2018-10-16 06:10:46', '2018-10-16 06:10:46'),
(343, 0, '2016-07-31', 3, '2018-10-16 06:10:46', '2018-10-16 06:10:46'),
(344, 0, '2016-08-31', 3, '2018-10-16 06:10:46', '2018-10-16 06:10:46'),
(345, 12995, '2016-09-30', 3, '2018-10-16 06:10:46', '2018-10-16 06:10:46'),
(346, 21775, '2016-10-31', 3, '2018-10-16 06:10:46', '2018-10-16 06:10:46'),
(347, 4818, '2016-11-30', 3, '2018-10-16 06:10:46', '2018-10-16 06:10:46'),
(348, 0, '2016-12-31', 3, '2018-10-16 06:10:46', '2018-10-16 06:10:46'),
(349, 0, '2017-01-31', 3, '2018-10-16 06:10:46', '2018-10-16 06:10:46'),
(350, 0, '2017-02-28', 3, '2018-10-16 06:10:46', '2018-10-16 06:10:46'),
(351, 0, '2017-03-31', 3, '2018-10-16 06:10:46', '2018-10-16 06:10:46'),
(352, 0, '2017-04-30', 3, '2018-10-16 06:10:46', '2018-10-16 06:10:46'),
(353, 0, '2017-05-31', 3, '2018-10-16 06:10:46', '2018-10-16 06:10:46'),
(354, 0, '2017-06-30', 3, '2018-10-16 06:10:46', '2018-10-16 06:10:46'),
(355, 0, '2017-07-31', 3, '2018-10-16 06:10:46', '2018-10-16 06:10:46'),
(356, 0, '2017-08-31', 3, '2018-10-16 06:10:46', '2018-10-16 06:10:46'),
(357, 0, '2017-09-30', 3, '2018-10-16 06:10:46', '2018-10-16 06:10:46'),
(358, 0, '2017-10-31', 3, '2018-10-16 06:10:46', '2018-10-16 06:10:46'),
(359, 0, '2017-11-30', 3, '2018-10-16 06:10:46', '2018-10-16 06:10:46'),
(360, 0, '2017-12-31', 3, '2018-10-16 06:10:46', '2018-10-16 06:10:46'),
(361, 15, '2008-01-31', 4, '2018-10-16 06:10:46', '2018-10-16 06:10:46'),
(362, 43, '2008-02-29', 4, '2018-10-16 06:10:46', '2018-10-16 06:10:46'),
(363, 164, '2008-03-31', 4, '2018-10-16 06:10:46', '2018-10-16 06:10:46'),
(364, 89, '2008-04-30', 4, '2018-10-16 06:10:46', '2018-10-16 06:10:46'),
(365, 100, '2008-05-31', 4, '2018-10-16 06:10:46', '2018-10-16 06:10:46'),
(366, 177, '2008-06-30', 4, '2018-10-16 06:10:46', '2018-10-16 06:10:46'),
(367, 122, '2008-07-31', 4, '2018-10-16 06:10:46', '2018-10-16 06:10:46'),
(368, 270, '2008-08-31', 4, '2018-10-16 06:10:46', '2018-10-16 06:10:46'),
(369, 523, '2008-09-30', 4, '2018-10-16 06:10:46', '2018-10-16 06:10:46'),
(370, 2200, '2008-10-31', 4, '2018-10-16 06:10:46', '2018-10-16 06:10:46'),
(371, 845, '2008-11-30', 4, '2018-10-16 06:10:46', '2018-10-16 06:10:46'),
(372, 250, '2008-12-31', 4, '2018-10-16 06:10:46', '2018-10-16 06:10:46'),
(373, 151, '2009-01-31', 4, '2018-10-16 06:10:46', '2018-10-16 06:10:46'),
(374, 170, '2009-02-28', 4, '2018-10-16 06:10:46', '2018-10-16 06:10:46'),
(375, 189, '2009-03-31', 4, '2018-10-16 06:10:46', '2018-10-16 06:10:46'),
(376, 84, '2009-04-30', 4, '2018-10-16 06:10:46', '2018-10-16 06:10:46'),
(377, 160, '2009-05-31', 4, '2018-10-16 06:10:46', '2018-10-16 06:10:46'),
(378, 242, '2009-06-30', 4, '2018-10-16 06:10:46', '2018-10-16 06:10:46'),
(379, 160, '2009-07-31', 4, '2018-10-16 06:10:46', '2018-10-16 06:10:46'),
(380, 546, '2009-08-31', 4, '2018-10-16 06:10:46', '2018-10-16 06:10:46'),
(381, 1453, '2009-09-30', 4, '2018-10-16 06:10:46', '2018-10-16 06:10:46'),
(382, 5460, '2009-10-31', 4, '2018-10-16 06:10:46', '2018-10-16 06:10:46'),
(383, 1222, '2009-11-30', 4, '2018-10-16 06:10:46', '2018-10-16 06:10:46'),
(384, 492, '2009-12-31', 4, '2018-10-16 06:10:46', '2018-10-16 06:10:46'),
(385, 1112, '2010-01-31', 4, '2018-10-16 06:10:46', '2018-10-16 06:10:46'),
(386, 3885, '2010-02-28', 4, '2018-10-16 06:10:46', '2018-10-16 06:10:46'),
(387, 954, '2010-03-31', 4, '2018-10-16 06:10:46', '2018-10-16 06:10:46'),
(388, 790, '2010-04-30', 4, '2018-10-16 06:10:46', '2018-10-16 06:10:46'),
(389, 374, '2010-05-31', 4, '2018-10-16 06:10:46', '2018-10-16 06:10:46'),
(390, 115, '2010-06-30', 4, '2018-10-16 06:10:46', '2018-10-16 06:10:46'),
(391, 83, '2010-07-31', 4, '2018-10-16 06:10:46', '2018-10-16 06:10:46'),
(392, 95, '2010-08-31', 4, '2018-10-16 06:10:46', '2018-10-16 06:10:46'),
(393, 976, '2010-09-30', 4, '2018-10-16 06:10:46', '2018-10-16 06:10:46'),
(394, 3105, '2010-10-31', 4, '2018-10-16 06:10:46', '2018-10-16 06:10:46'),
(395, 582, '2010-11-30', 4, '2018-10-16 06:10:46', '2018-10-16 06:10:46'),
(396, 1177, '2010-12-31', 4, '2018-10-16 06:10:46', '2018-10-16 06:10:46'),
(397, 259, '2011-01-31', 4, '2018-10-16 06:10:46', '2018-10-16 06:10:46'),
(398, 0, '2011-02-28', 4, '2018-10-16 06:10:46', '2018-10-16 06:10:46'),
(399, 0, '2011-03-31', 4, '2018-10-16 06:10:46', '2018-10-16 06:10:46'),
(400, 0, '2011-04-30', 4, '2018-10-16 06:10:46', '2018-10-16 06:10:46'),
(401, 0, '2011-05-31', 4, '2018-10-16 06:10:46', '2018-10-16 06:10:46'),
(402, 0, '2011-06-30', 4, '2018-10-16 06:10:46', '2018-10-16 06:10:46'),
(403, 0, '2011-07-31', 4, '2018-10-16 06:10:46', '2018-10-16 06:10:46'),
(404, 0, '2011-08-31', 4, '2018-10-16 06:10:46', '2018-10-16 06:10:46'),
(405, 0, '2011-09-30', 4, '2018-10-16 06:10:46', '2018-10-16 06:10:46'),
(406, 0, '2011-10-31', 4, '2018-10-16 06:10:46', '2018-10-16 06:10:46'),
(407, 0, '2011-11-30', 4, '2018-10-16 06:10:46', '2018-10-16 06:10:46'),
(408, 0, '2011-12-31', 4, '2018-10-16 06:10:46', '2018-10-16 06:10:46'),
(409, 0, '2012-01-31', 4, '2018-10-16 06:10:46', '2018-10-16 06:10:46'),
(410, 0, '2012-02-29', 4, '2018-10-16 06:10:46', '2018-10-16 06:10:46'),
(411, 0, '2012-03-31', 4, '2018-10-16 06:10:46', '2018-10-16 06:10:46'),
(412, 0, '2012-04-30', 4, '2018-10-16 06:10:46', '2018-10-16 06:10:46'),
(413, 0, '2012-05-31', 4, '2018-10-16 06:10:46', '2018-10-16 06:10:46'),
(414, 0, '2012-06-30', 4, '2018-10-16 06:10:46', '2018-10-16 06:10:46'),
(415, 0, '2012-07-31', 4, '2018-10-16 06:10:46', '2018-10-16 06:10:46'),
(416, 0, '2012-08-31', 4, '2018-10-16 06:10:46', '2018-10-16 06:10:46'),
(417, 277, '2012-09-30', 4, '2018-10-16 06:10:46', '2018-10-16 06:10:46'),
(418, 0, '2012-10-31', 4, '2018-10-16 06:10:46', '2018-10-16 06:10:46'),
(419, 204, '2012-11-30', 4, '2018-10-16 06:10:46', '2018-10-16 06:10:46'),
(420, 0, '2012-12-31', 4, '2018-10-16 06:10:46', '2018-10-16 06:10:46'),
(421, 0, '2013-01-31', 4, '2018-10-16 06:10:46', '2018-10-16 06:10:46'),
(422, 414, '2013-02-28', 4, '2018-10-16 06:10:46', '2018-10-16 06:10:46'),
(423, 124, '2013-03-31', 4, '2018-10-16 06:10:46', '2018-10-16 06:10:46'),
(424, 382, '2013-04-30', 4, '2018-10-16 06:10:46', '2018-10-16 06:10:46'),
(425, 795, '2013-05-31', 4, '2018-10-16 06:10:46', '2018-10-16 06:10:46'),
(426, 100, '2013-06-30', 4, '2018-10-16 06:10:46', '2018-10-16 06:10:46'),
(427, 159, '2013-07-31', 4, '2018-10-16 06:10:46', '2018-10-16 06:10:46'),
(428, 0, '2013-08-31', 4, '2018-10-16 06:10:46', '2018-10-16 06:10:46'),
(429, 1424, '2013-09-30', 4, '2018-10-16 06:10:46', '2018-10-16 06:10:46'),
(430, 521, '2013-10-31', 4, '2018-10-16 06:10:46', '2018-10-16 06:10:46'),
(431, 677, '2013-11-30', 4, '2018-10-16 06:10:46', '2018-10-16 06:10:46'),
(432, 1907, '2013-12-31', 4, '2018-10-16 06:10:46', '2018-10-16 06:10:46'),
(433, 215, '2014-01-31', 4, '2018-10-16 06:10:46', '2018-10-16 06:10:46'),
(434, 341, '2014-02-28', 4, '2018-10-16 06:10:46', '2018-10-16 06:10:46'),
(435, 337, '2014-03-31', 4, '2018-10-16 06:10:46', '2018-10-16 06:10:46'),
(436, 1316, '2014-04-30', 4, '2018-10-16 06:10:46', '2018-10-16 06:10:46'),
(437, 229, '2014-05-31', 4, '2018-10-16 06:10:46', '2018-10-16 06:10:46'),
(438, 211, '2014-06-30', 4, '2018-10-16 06:10:46', '2018-10-16 06:10:46'),
(439, 307, '2014-07-31', 4, '2018-10-16 06:10:46', '2018-10-16 06:10:46'),
(440, 1931, '2014-08-31', 4, '2018-10-16 06:10:46', '2018-10-16 06:10:46'),
(441, 1713, '2014-09-30', 4, '2018-10-16 06:10:46', '2018-10-16 06:10:46'),
(442, 1614, '2014-10-31', 4, '2018-10-16 06:10:46', '2018-10-16 06:10:46'),
(443, 693, '2014-11-30', 4, '2018-10-16 06:10:46', '2018-10-16 06:10:46'),
(444, 818, '2014-12-31', 4, '2018-10-16 06:10:46', '2018-10-16 06:10:46'),
(445, 170, '2015-01-31', 4, '2018-10-16 06:10:46', '2018-10-16 06:10:46'),
(446, 145, '2015-02-28', 4, '2018-10-16 06:10:46', '2018-10-16 06:10:46'),
(447, 1755, '2015-03-31', 4, '2018-10-16 06:10:46', '2018-10-16 06:10:46'),
(448, 741, '2015-04-30', 4, '2018-10-16 06:10:46', '2018-10-16 06:10:46'),
(449, 368, '2015-05-31', 4, '2018-10-16 06:10:46', '2018-10-16 06:10:46'),
(450, 190, '2015-06-30', 4, '2018-10-16 06:10:46', '2018-10-16 06:10:46'),
(451, 174, '2015-07-31', 4, '2018-10-16 06:10:46', '2018-10-16 06:10:46'),
(452, 0, '2015-08-31', 4, '2018-10-16 06:10:46', '2018-10-16 06:10:46'),
(453, 5161, '2015-09-30', 4, '2018-10-16 06:10:46', '2018-10-16 06:10:46'),
(454, 0, '2015-10-31', 4, '2018-10-16 06:10:46', '2018-10-16 06:10:46'),
(455, 2400, '2015-11-30', 4, '2018-10-16 06:10:46', '2018-10-16 06:10:46'),
(456, 252, '2015-12-31', 4, '2018-10-16 06:10:46', '2018-10-16 06:10:46'),
(457, 205, '2016-01-31', 4, '2018-10-16 06:10:46', '2018-10-16 06:10:46'),
(458, 0, '2016-02-29', 4, '2018-10-16 06:10:46', '2018-10-16 06:10:46'),
(459, 0, '2016-03-31', 4, '2018-10-16 06:10:46', '2018-10-16 06:10:46'),
(460, 0, '2016-04-30', 4, '2018-10-16 06:10:46', '2018-10-16 06:10:46'),
(461, 0, '2016-05-31', 4, '2018-10-16 06:10:46', '2018-10-16 06:10:46'),
(462, 0, '2016-06-30', 4, '2018-10-16 06:10:46', '2018-10-16 06:10:46'),
(463, 0, '2016-07-31', 4, '2018-10-16 06:10:46', '2018-10-16 06:10:46'),
(464, 0, '2016-08-31', 4, '2018-10-16 06:10:46', '2018-10-16 06:10:46'),
(465, 0, '2016-09-30', 4, '2018-10-16 06:10:46', '2018-10-16 06:10:46'),
(466, 0, '2016-10-31', 4, '2018-10-16 06:10:46', '2018-10-16 06:10:46'),
(467, 0, '2016-11-30', 4, '2018-10-16 06:10:46', '2018-10-16 06:10:46'),
(468, 0, '2016-12-31', 4, '2018-10-16 06:10:46', '2018-10-16 06:10:46'),
(469, 0, '2017-01-31', 4, '2018-10-16 06:10:46', '2018-10-16 06:10:46'),
(470, 0, '2017-02-28', 4, '2018-10-16 06:10:46', '2018-10-16 06:10:46'),
(471, 0, '2017-03-31', 4, '2018-10-16 06:10:46', '2018-10-16 06:10:46'),
(472, 0, '2017-04-30', 4, '2018-10-16 06:10:46', '2018-10-16 06:10:46'),
(473, 0, '2017-05-31', 4, '2018-10-16 06:10:46', '2018-10-16 06:10:46'),
(474, 0, '2017-06-30', 4, '2018-10-16 06:10:46', '2018-10-16 06:10:46'),
(475, 0, '2017-07-31', 4, '2018-10-16 06:10:46', '2018-10-16 06:10:46'),
(476, 0, '2017-08-31', 4, '2018-10-16 06:10:46', '2018-10-16 06:10:46'),
(477, 0, '2017-09-30', 4, '2018-10-16 06:10:46', '2018-10-16 06:10:46'),
(478, 0, '2017-10-31', 4, '2018-10-16 06:10:46', '2018-10-16 06:10:46'),
(479, 0, '2017-11-30', 4, '2018-10-16 06:10:46', '2018-10-16 06:10:46'),
(480, 0, '2017-12-31', 4, '2018-10-16 06:10:46', '2018-10-16 06:10:46'),
(481, 0, '2008-01-31', 5, '2018-10-16 06:10:46', '2018-10-16 06:10:46'),
(482, 0, '2008-02-29', 5, '2018-10-16 06:10:46', '2018-10-16 06:10:46'),
(483, 0, '2008-03-31', 5, '2018-10-16 06:10:46', '2018-10-16 06:10:46'),
(484, 0, '2008-04-30', 5, '2018-10-16 06:10:46', '2018-10-16 06:10:46'),
(485, 0, '2008-05-31', 5, '2018-10-16 06:10:46', '2018-10-16 06:10:46'),
(486, 0, '2008-06-30', 5, '2018-10-16 06:10:46', '2018-10-16 06:10:46'),
(487, 0, '2008-07-31', 5, '2018-10-16 06:10:46', '2018-10-16 06:10:46'),
(488, 0, '2008-08-31', 5, '2018-10-16 06:10:46', '2018-10-16 06:10:46'),
(489, 0, '2008-09-30', 5, '2018-10-16 06:10:46', '2018-10-16 06:10:46'),
(490, 0, '2008-10-31', 5, '2018-10-16 06:10:46', '2018-10-16 06:10:46'),
(491, 0, '2008-11-30', 5, '2018-10-16 06:10:46', '2018-10-16 06:10:46'),
(492, 0, '2008-12-31', 5, '2018-10-16 06:10:46', '2018-10-16 06:10:46'),
(493, 0, '2009-01-31', 5, '2018-10-16 06:10:46', '2018-10-16 06:10:46'),
(494, 0, '2009-02-28', 5, '2018-10-16 06:10:46', '2018-10-16 06:10:46'),
(495, 0, '2009-03-31', 5, '2018-10-16 06:10:46', '2018-10-16 06:10:46'),
(496, 0, '2009-04-30', 5, '2018-10-16 06:10:46', '2018-10-16 06:10:46'),
(497, 0, '2009-05-31', 5, '2018-10-16 06:10:46', '2018-10-16 06:10:46'),
(498, 0, '2009-06-30', 5, '2018-10-16 06:10:46', '2018-10-16 06:10:46'),
(499, 125, '2009-07-31', 5, '2018-10-16 06:10:46', '2018-10-16 06:10:46'),
(500, 227, '2009-08-31', 5, '2018-10-16 06:10:46', '2018-10-16 06:10:46'),
(501, 2477, '2009-09-30', 5, '2018-10-16 06:10:46', '2018-10-16 06:10:46'),
(502, 2525, '2009-10-31', 5, '2018-10-16 06:10:46', '2018-10-16 06:10:46'),
(503, 5748, '2009-11-30', 5, '2018-10-16 06:10:46', '2018-10-16 06:10:46'),
(504, 1197, '2009-12-31', 5, '2018-10-16 06:10:46', '2018-10-16 06:10:46'),
(505, 2776, '2010-01-31', 5, '2018-10-16 06:10:46', '2018-10-16 06:10:46'),
(506, 591, '2010-02-28', 5, '2018-10-16 06:10:46', '2018-10-16 06:10:46'),
(507, 1492, '2010-03-31', 5, '2018-10-16 06:10:46', '2018-10-16 06:10:46'),
(508, 1815, '2010-04-30', 5, '2018-10-16 06:10:46', '2018-10-16 06:10:46'),
(509, 1853, '2010-05-31', 5, '2018-10-16 06:10:46', '2018-10-16 06:10:46'),
(510, 420, '2010-06-30', 5, '2018-10-16 06:10:46', '2018-10-16 06:10:46'),
(511, 219, '2010-07-31', 5, '2018-10-16 06:10:46', '2018-10-16 06:10:46'),
(512, 918, '2010-08-31', 5, '2018-10-16 06:10:46', '2018-10-16 06:10:46'),
(513, 3914, '2010-09-30', 5, '2018-10-16 06:10:46', '2018-10-16 06:10:46'),
(514, 12586, '2010-10-31', 5, '2018-10-16 06:10:46', '2018-10-16 06:10:46'),
(515, 9692, '2010-11-30', 5, '2018-10-16 06:10:46', '2018-10-16 06:10:46'),
(516, 5644, '2010-12-31', 5, '2018-10-16 06:10:46', '2018-10-16 06:10:46'),
(517, 1647, '2011-01-31', 5, '2018-10-16 06:10:46', '2018-10-16 06:10:46'),
(518, 944, '2011-02-28', 5, '2018-10-16 06:10:46', '2018-10-16 06:10:46'),
(519, 279, '2011-03-31', 5, '2018-10-16 06:10:46', '2018-10-16 06:10:46'),
(520, 165, '2011-04-30', 5, '2018-10-16 06:10:46', '2018-10-16 06:10:46'),
(521, 0, '2011-05-31', 5, '2018-10-16 06:10:46', '2018-10-16 06:10:46'),
(522, 204, '2011-06-30', 5, '2018-10-16 06:10:46', '2018-10-16 06:10:46'),
(523, 260, '2011-07-31', 5, '2018-10-16 06:10:46', '2018-10-16 06:10:46'),
(524, 1633, '2011-08-31', 5, '2018-10-16 06:10:46', '2018-10-16 06:10:46'),
(525, 7507, '2011-09-30', 5, '2018-10-16 06:10:46', '2018-10-16 06:10:46'),
(526, 4550, '2011-10-31', 5, '2018-10-16 06:10:46', '2018-10-16 06:10:46'),
(527, 2312, '2011-11-30', 5, '2018-10-16 06:10:46', '2018-10-16 06:10:46'),
(528, 1997, '2011-12-31', 5, '2018-10-16 06:10:46', '2018-10-16 06:10:46'),
(529, 333, '2012-01-31', 5, '2018-10-16 06:10:46', '2018-10-16 06:10:46'),
(530, 363, '2012-02-29', 5, '2018-10-16 06:10:46', '2018-10-16 06:10:46'),
(531, 1448, '2012-03-31', 5, '2018-10-16 06:10:46', '2018-10-16 06:10:46'),
(532, 1989, '2012-04-30', 5, '2018-10-16 06:10:46', '2018-10-16 06:10:46'),
(533, 285, '2012-05-31', 5, '2018-10-16 06:10:46', '2018-10-16 06:10:46'),
(534, 656, '2012-06-30', 5, '2018-10-16 06:10:46', '2018-10-16 06:10:46'),
(535, 1167, '2012-07-31', 5, '2018-10-16 06:10:46', '2018-10-16 06:10:46'),
(536, 887, '2012-08-31', 5, '2018-10-16 06:10:46', '2018-10-16 06:10:46'),
(537, 5982, '2012-09-30', 5, '2018-10-16 06:10:46', '2018-10-16 06:10:46'),
(538, 5294, '2012-10-31', 5, '2018-10-16 06:10:46', '2018-10-16 06:10:46'),
(539, 3383, '2012-11-30', 5, '2018-10-16 06:10:46', '2018-10-16 06:10:46'),
(540, 1573, '2012-12-31', 5, '2018-10-16 06:10:46', '2018-10-16 06:10:46'),
(541, 1444, '2013-01-31', 5, '2018-10-16 06:10:46', '2018-10-16 06:10:46'),
(542, 2260, '2013-02-28', 5, '2018-10-16 06:10:46', '2018-10-16 06:10:46'),
(543, 598, '2013-03-31', 5, '2018-10-16 06:10:46', '2018-10-16 06:10:46'),
(544, 879, '2013-04-30', 5, '2018-10-16 06:10:46', '2018-10-16 06:10:46'),
(545, 387, '2013-05-31', 5, '2018-10-16 06:10:46', '2018-10-16 06:10:46'),
(546, 155, '2013-06-30', 5, '2018-10-16 06:10:46', '2018-10-16 06:10:46'),
(547, 1109, '2013-07-31', 5, '2018-10-16 06:10:46', '2018-10-16 06:10:46'),
(548, 2308, '2013-08-31', 5, '2018-10-16 06:10:46', '2018-10-16 06:10:46'),
(549, 3069, '2013-09-30', 5, '2018-10-16 06:10:46', '2018-10-16 06:10:46'),
(550, 3577, '2013-10-31', 5, '2018-10-16 06:10:46', '2018-10-16 06:10:46'),
(551, 5152, '2013-11-30', 5, '2018-10-16 06:10:46', '2018-10-16 06:10:46'),
(552, 3175, '2013-12-31', 5, '2018-10-16 06:10:46', '2018-10-16 06:10:46'),
(553, 1671, '2014-01-31', 5, '2018-10-16 06:10:46', '2018-10-16 06:10:46'),
(554, 86, '2014-02-28', 5, '2018-10-16 06:10:46', '2018-10-16 06:10:46'),
(555, 0, '2014-03-31', 5, '2018-10-16 06:10:46', '2018-10-16 06:10:46'),
(556, 0, '2014-04-30', 5, '2018-10-16 06:10:46', '2018-10-16 06:10:46'),
(557, 0, '2014-05-31', 5, '2018-10-16 06:10:46', '2018-10-16 06:10:46'),
(558, 0, '2014-06-30', 5, '2018-10-16 06:10:46', '2018-10-16 06:10:46'),
(559, 0, '2014-07-31', 5, '2018-10-16 06:10:46', '2018-10-16 06:10:46'),
(560, 0, '2014-08-31', 5, '2018-10-16 06:10:46', '2018-10-16 06:10:46'),
(561, 0, '2014-09-30', 5, '2018-10-16 06:10:46', '2018-10-16 06:10:46'),
(562, 0, '2014-10-31', 5, '2018-10-16 06:10:46', '2018-10-16 06:10:46'),
(563, 0, '2014-11-30', 5, '2018-10-16 06:10:46', '2018-10-16 06:10:46'),
(564, 0, '2014-12-31', 5, '2018-10-16 06:10:46', '2018-10-16 06:10:46'),
(565, 0, '2015-01-31', 5, '2018-10-16 06:10:46', '2018-10-16 06:10:46'),
(566, 0, '2015-02-28', 5, '2018-10-16 06:10:46', '2018-10-16 06:10:46'),
(567, 0, '2015-03-31', 5, '2018-10-16 06:10:46', '2018-10-16 06:10:46'),
(568, 0, '2015-04-30', 5, '2018-10-16 06:10:46', '2018-10-16 06:10:46'),
(569, 0, '2015-05-31', 5, '2018-10-16 06:10:46', '2018-10-16 06:10:46'),
(570, 74, '2015-06-30', 5, '2018-10-16 06:10:46', '2018-10-16 06:10:46'),
(571, 0, '2015-07-31', 5, '2018-10-16 06:10:46', '2018-10-16 06:10:46'),
(572, 271, '2015-08-31', 5, '2018-10-16 06:10:46', '2018-10-16 06:10:46'),
(573, 5966, '2015-09-30', 5, '2018-10-16 06:10:46', '2018-10-16 06:10:46'),
(574, 9893, '2015-10-31', 5, '2018-10-16 06:10:46', '2018-10-16 06:10:46'),
(575, 11227, '2015-11-30', 5, '2018-10-16 06:10:46', '2018-10-16 06:10:46'),
(576, 1678, '2015-12-31', 5, '2018-10-16 06:10:46', '2018-10-16 06:10:46'),
(577, 493, '2016-01-31', 5, '2018-10-16 06:10:46', '2018-10-16 06:10:46'),
(578, 819, '2016-02-29', 5, '2018-10-16 06:10:46', '2018-10-16 06:10:46'),
(579, 221, '2016-03-31', 5, '2018-10-16 06:10:46', '2018-10-16 06:10:46'),
(580, 602, '2016-04-30', 5, '2018-10-16 06:10:46', '2018-10-16 06:10:46'),
(581, 0, '2016-05-31', 5, '2018-10-16 06:10:46', '2018-10-16 06:10:46'),
(582, 0, '2016-06-30', 5, '2018-10-16 06:10:46', '2018-10-16 06:10:46'),
(583, 0, '2016-07-31', 5, '2018-10-16 06:10:46', '2018-10-16 06:10:46'),
(584, 0, '2016-08-31', 5, '2018-10-16 06:10:46', '2018-10-16 06:10:46'),
(585, 10106, '2016-09-30', 5, '2018-10-16 06:10:46', '2018-10-16 06:10:46'),
(586, 10997, '2016-10-31', 5, '2018-10-16 06:10:46', '2018-10-16 06:10:46'),
(587, 7867, '2016-11-30', 5, '2018-10-16 06:10:46', '2018-10-16 06:10:46'),
(588, 1308, '2016-12-31', 5, '2018-10-16 06:10:46', '2018-10-16 06:10:46'),
(589, 501, '2017-01-31', 5, '2018-10-16 06:10:46', '2018-10-16 06:10:46'),
(590, 413, '2017-02-28', 5, '2018-10-16 06:10:46', '2018-10-16 06:10:46'),
(591, 623, '2017-03-31', 5, '2018-10-16 06:10:46', '2018-10-16 06:10:46'),
(592, 677, '2017-04-30', 5, '2018-10-16 06:10:46', '2018-10-16 06:10:46'),
(593, 580, '2017-05-31', 5, '2018-10-16 06:10:46', '2018-10-16 06:10:46'),
(594, 408, '2017-06-30', 5, '2018-10-16 06:10:46', '2018-10-16 06:10:46'),
(595, 373, '2017-07-31', 5, '2018-10-16 06:10:46', '2018-10-16 06:10:46'),
(596, 2320, '2017-08-31', 5, '2018-10-16 06:10:46', '2018-10-16 06:10:46'),
(597, 8666, '2017-09-30', 5, '2018-10-16 06:10:46', '2018-10-16 06:10:46'),
(598, 7433, '2017-10-31', 5, '2018-10-16 06:10:46', '2018-10-16 06:10:46'),
(599, 3987, '2017-11-30', 5, '2018-10-16 06:10:46', '2018-10-16 06:10:46'),
(600, 713, '2017-12-31', 5, '2018-10-16 06:10:46', '2018-10-16 06:10:46'),
(601, 3804, '2008-01-31', 6, '2018-10-16 06:10:46', '2018-10-16 06:10:46'),
(602, 2487, '2008-02-29', 6, '2018-10-16 06:10:46', '2018-10-16 06:10:46'),
(603, 1872, '2008-03-31', 6, '2018-10-16 06:10:46', '2018-10-16 06:10:46'),
(604, 2320, '2008-04-30', 6, '2018-10-16 06:10:46', '2018-10-16 06:10:46'),
(605, 658, '2008-05-31', 6, '2018-10-16 06:10:46', '2018-10-16 06:10:46'),
(606, 380, '2008-06-30', 6, '2018-10-16 06:10:46', '2018-10-16 06:10:46'),
(607, 1396, '2008-07-31', 6, '2018-10-16 06:10:46', '2018-10-16 06:10:46'),
(608, 951, '2008-08-31', 6, '2018-10-16 06:10:46', '2018-10-16 06:10:46'),
(609, 23064, '2008-09-30', 6, '2018-10-16 06:10:46', '2018-10-16 06:10:46'),
(610, 40566, '2008-10-31', 6, '2018-10-16 06:10:46', '2018-10-16 06:10:46'),
(611, 36034, '2008-11-30', 6, '2018-10-16 06:10:46', '2018-10-16 06:10:46'),
(612, 16152, '2008-12-31', 6, '2018-10-16 06:10:46', '2018-10-16 06:10:46'),
(613, 6691, '2009-01-31', 6, '2018-10-16 06:10:46', '2018-10-16 06:10:46'),
(614, 3190, '2009-02-28', 6, '2018-10-16 06:10:46', '2018-10-16 06:10:46'),
(615, 1909, '2009-03-31', 6, '2018-10-16 06:10:46', '2018-10-16 06:10:46'),
(616, 1742, '2009-04-30', 6, '2018-10-16 06:10:46', '2018-10-16 06:10:46'),
(617, 3164, '2009-05-31', 6, '2018-10-16 06:10:46', '2018-10-16 06:10:46'),
(618, 944, '2009-06-30', 6, '2018-10-16 06:10:46', '2018-10-16 06:10:46'),
(619, 2307, '2009-07-31', 6, '2018-10-16 06:10:46', '2018-10-16 06:10:46'),
(620, 5457, '2009-08-31', 6, '2018-10-16 06:10:46', '2018-10-16 06:10:46'),
(621, 23981, '2009-09-30', 6, '2018-10-16 06:10:46', '2018-10-16 06:10:46'),
(622, 40765, '2009-10-31', 6, '2018-10-16 06:10:46', '2018-10-16 06:10:46'),
(623, 30903, '2009-11-30', 6, '2018-10-16 06:10:46', '2018-10-16 06:10:46'),
(624, 9053, '2009-12-31', 6, '2018-10-16 06:10:46', '2018-10-16 06:10:46'),
(625, 5960, '2010-01-31', 6, '2018-10-16 06:10:46', '2018-10-16 06:10:46'),
(626, 7452, '2010-02-28', 6, '2018-10-16 06:10:46', '2018-10-16 06:10:46'),
(627, 8334, '2010-03-31', 6, '2018-10-16 06:10:46', '2018-10-16 06:10:46'),
(628, 4565, '2010-04-30', 6, '2018-10-16 06:10:46', '2018-10-16 06:10:46'),
(629, 587, '2010-05-31', 6, '2018-10-16 06:10:46', '2018-10-16 06:10:46'),
(630, 641, '2010-06-30', 6, '2018-10-16 06:10:46', '2018-10-16 06:10:46'),
(631, 1308, '2010-07-31', 6, '2018-10-16 06:10:46', '2018-10-16 06:10:46'),
(632, 2664, '2010-08-31', 6, '2018-10-16 06:10:46', '2018-10-16 06:10:46'),
(633, 6075, '2010-09-30', 6, '2018-10-16 06:10:46', '2018-10-16 06:10:46'),
(634, 68417, '2010-10-31', 6, '2018-10-16 06:10:46', '2018-10-16 06:10:46'),
(635, 19391, '2010-11-30', 6, '2018-10-16 06:10:46', '2018-10-16 06:10:46'),
(636, 6204, '2010-12-31', 6, '2018-10-16 06:10:46', '2018-10-16 06:10:46'),
(637, 3557, '2011-01-31', 6, '2018-10-16 06:10:46', '2018-10-16 06:10:46'),
(638, 0, '2011-02-28', 6, '2018-10-16 06:10:46', '2018-10-16 06:10:46'),
(639, 0, '2011-03-31', 6, '2018-10-16 06:10:46', '2018-10-16 06:10:46'),
(640, 0, '2011-04-30', 6, '2018-10-16 06:10:46', '2018-10-16 06:10:46'),
(641, 0, '2011-05-31', 6, '2018-10-16 06:10:46', '2018-10-16 06:10:46'),
(642, 91, '2011-06-30', 6, '2018-10-16 06:10:46', '2018-10-16 06:10:46'),
(643, 1348, '2011-07-31', 6, '2018-10-16 06:10:46', '2018-10-16 06:10:46'),
(644, 3879, '2011-08-31', 6, '2018-10-16 06:10:46', '2018-10-16 06:10:46'),
(645, 28226, '2011-09-30', 6, '2018-10-16 06:10:46', '2018-10-16 06:10:46'),
(646, 10462, '2011-10-31', 6, '2018-10-16 06:10:46', '2018-10-16 06:10:46'),
(647, 8408, '2011-11-30', 6, '2018-10-16 06:10:46', '2018-10-16 06:10:46'),
(648, 2067, '2011-12-31', 6, '2018-10-16 06:10:46', '2018-10-16 06:10:46'),
(649, 0, '2012-01-31', 6, '2018-10-16 06:10:46', '2018-10-16 06:10:46'),
(650, 0, '2012-02-29', 6, '2018-10-16 06:10:46', '2018-10-16 06:10:46'),
(651, 0, '2012-03-31', 6, '2018-10-16 06:10:46', '2018-10-16 06:10:46'),
(652, 0, '2012-04-30', 6, '2018-10-16 06:10:46', '2018-10-16 06:10:46'),
(653, 0, '2012-05-31', 6, '2018-10-16 06:10:46', '2018-10-16 06:10:46'),
(654, 0, '2012-06-30', 6, '2018-10-16 06:10:46', '2018-10-16 06:10:46'),
(655, 0, '2012-07-31', 6, '2018-10-16 06:10:46', '2018-10-16 06:10:46'),
(656, 0, '2012-08-31', 6, '2018-10-16 06:10:46', '2018-10-16 06:10:46'),
(657, 0, '2012-09-30', 6, '2018-10-16 06:10:46', '2018-10-16 06:10:46'),
(658, 663, '2012-10-31', 6, '2018-10-16 06:10:46', '2018-10-16 06:10:46'),
(659, 354, '2012-11-30', 6, '2018-10-16 06:10:46', '2018-10-16 06:10:46'),
(660, 0, '2012-12-31', 6, '2018-10-16 06:10:46', '2018-10-16 06:10:46'),
(661, 0, '2013-01-31', 6, '2018-10-16 06:10:46', '2018-10-16 06:10:46'),
(662, 201, '2013-02-28', 6, '2018-10-16 06:10:46', '2018-10-16 06:10:46'),
(663, 192, '2013-03-31', 6, '2018-10-16 06:10:46', '2018-10-16 06:10:46'),
(664, 452, '2013-04-30', 6, '2018-10-16 06:10:46', '2018-10-16 06:10:46'),
(665, 505, '2013-05-31', 6, '2018-10-16 06:10:46', '2018-10-16 06:10:46'),
(666, 99, '2013-06-30', 6, '2018-10-16 06:10:46', '2018-10-16 06:10:46'),
(667, 334, '2013-07-31', 6, '2018-10-16 06:10:46', '2018-10-16 06:10:46'),
(668, 8787, '2013-08-31', 6, '2018-10-16 06:10:46', '2018-10-16 06:10:46'),
(669, 31713, '2013-09-30', 6, '2018-10-16 06:10:46', '2018-10-16 06:10:46'),
(670, 18037, '2013-10-31', 6, '2018-10-16 06:10:46', '2018-10-16 06:10:46'),
(671, 20298, '2013-11-30', 6, '2018-10-16 06:10:46', '2018-10-16 06:10:46'),
(672, 11745, '2013-12-31', 6, '2018-10-16 06:10:46', '2018-10-16 06:10:46'),
(673, 1319, '2014-01-31', 6, '2018-10-16 06:10:46', '2018-10-16 06:10:46'),
(674, 2030, '2014-02-28', 6, '2018-10-16 06:10:46', '2018-10-16 06:10:46'),
(675, 3078, '2014-03-31', 6, '2018-10-16 06:10:46', '2018-10-16 06:10:46'),
(676, 4892, '2014-04-30', 6, '2018-10-16 06:10:46', '2018-10-16 06:10:46'),
(677, 2012, '2014-05-31', 6, '2018-10-16 06:10:46', '2018-10-16 06:10:46'),
(678, 1396, '2014-06-30', 6, '2018-10-16 06:10:46', '2018-10-16 06:10:46'),
(679, 5365, '2014-07-31', 6, '2018-10-16 06:10:46', '2018-10-16 06:10:46'),
(680, 30656, '2014-08-31', 6, '2018-10-16 06:10:46', '2018-10-16 06:10:46'),
(681, 17510, '2014-09-30', 6, '2018-10-16 06:10:46', '2018-10-16 06:10:46'),
(682, 21148, '2014-10-31', 6, '2018-10-16 06:10:46', '2018-10-16 06:10:46'),
(683, 19472, '2014-11-30', 6, '2018-10-16 06:10:46', '2018-10-16 06:10:46'),
(684, 5251, '2014-12-31', 6, '2018-10-16 06:10:46', '2018-10-16 06:10:46'),
(685, 1229, '2015-01-31', 6, '2018-10-16 06:10:46', '2018-10-16 06:10:46');
INSERT INTO `producciones` (`id`, `cantidad`, `periodo`, `lote_id`, `created_at`, `updated_at`) VALUES
(686, 3550, '2015-02-28', 6, '2018-10-16 06:10:46', '2018-10-16 06:10:46'),
(687, 9602, '2015-03-31', 6, '2018-10-16 06:10:46', '2018-10-16 06:10:46'),
(688, 3931, '2015-04-30', 6, '2018-10-16 06:10:46', '2018-10-16 06:10:46'),
(689, 922, '2015-05-31', 6, '2018-10-16 06:10:46', '2018-10-16 06:10:46'),
(690, 389, '2015-06-30', 6, '2018-10-16 06:10:46', '2018-10-16 06:10:46'),
(691, 2057, '2015-07-31', 6, '2018-10-16 06:10:46', '2018-10-16 06:10:46'),
(692, 8453, '2015-08-31', 6, '2018-10-16 06:10:46', '2018-10-16 06:10:46'),
(693, 33100, '2015-09-30', 6, '2018-10-16 06:10:46', '2018-10-16 06:10:46'),
(694, 31296, '2015-10-31', 6, '2018-10-16 06:10:46', '2018-10-16 06:10:46'),
(695, 16348, '2015-11-30', 6, '2018-10-16 06:10:46', '2018-10-16 06:10:46'),
(696, 2973, '2015-12-31', 6, '2018-10-16 06:10:46', '2018-10-16 06:10:46'),
(697, 5861, '2016-01-31', 6, '2018-10-16 06:10:46', '2018-10-16 06:10:46'),
(698, 1368, '2016-02-29', 6, '2018-10-16 06:10:46', '2018-10-16 06:10:46'),
(699, 0, '2016-03-31', 6, '2018-10-16 06:10:46', '2018-10-16 06:10:46'),
(700, 0, '2016-04-30', 6, '2018-10-16 06:10:46', '2018-10-16 06:10:46'),
(701, 0, '2016-05-31', 6, '2018-10-16 06:10:46', '2018-10-16 06:10:46'),
(702, 0, '2016-06-30', 6, '2018-10-16 06:10:46', '2018-10-16 06:10:46'),
(703, 0, '2016-07-31', 6, '2018-10-16 06:10:46', '2018-10-16 06:10:46'),
(704, 0, '2016-08-31', 6, '2018-10-16 06:10:46', '2018-10-16 06:10:46'),
(705, 0, '2016-09-30', 6, '2018-10-16 06:10:46', '2018-10-16 06:10:46'),
(706, 0, '2016-10-31', 6, '2018-10-16 06:10:46', '2018-10-16 06:10:46'),
(707, 0, '2016-11-30', 6, '2018-10-16 06:10:46', '2018-10-16 06:10:46'),
(708, 0, '2016-12-31', 6, '2018-10-16 06:10:46', '2018-10-16 06:10:46'),
(709, 0, '2017-01-31', 6, '2018-10-16 06:10:46', '2018-10-16 06:10:46'),
(710, 0, '2017-02-28', 6, '2018-10-16 06:10:46', '2018-10-16 06:10:46'),
(711, 0, '2017-03-31', 6, '2018-10-16 06:10:46', '2018-10-16 06:10:46'),
(712, 0, '2017-04-30', 6, '2018-10-16 06:10:46', '2018-10-16 06:10:46'),
(713, 73, '2017-05-31', 6, '2018-10-16 06:10:46', '2018-10-16 06:10:46'),
(714, 462, '2017-06-30', 6, '2018-10-16 06:10:46', '2018-10-16 06:10:46'),
(715, 694, '2017-07-31', 6, '2018-10-16 06:10:46', '2018-10-16 06:10:46'),
(716, 3273, '2017-08-31', 6, '2018-10-16 06:10:46', '2018-10-16 06:10:46'),
(717, 29863, '2017-09-30', 6, '2018-10-16 06:10:46', '2018-10-16 06:10:46'),
(718, 34793, '2017-10-31', 6, '2018-10-16 06:10:46', '2018-10-16 06:10:46'),
(719, 16178, '2017-11-30', 6, '2018-10-16 06:10:46', '2018-10-16 06:10:46'),
(720, 6668, '2017-12-31', 6, '2018-10-16 06:10:46', '2018-10-16 06:10:46'),
(721, 0, '2008-01-31', 7, '2018-10-16 06:10:46', '2018-10-16 06:10:46'),
(722, 0, '2008-02-29', 7, '2018-10-16 06:10:46', '2018-10-16 06:10:46'),
(723, 0, '2008-03-31', 7, '2018-10-16 06:10:46', '2018-10-16 06:10:46'),
(724, 0, '2008-04-30', 7, '2018-10-16 06:10:46', '2018-10-16 06:10:46'),
(725, 0, '2008-05-31', 7, '2018-10-16 06:10:46', '2018-10-16 06:10:46'),
(726, 0, '2008-06-30', 7, '2018-10-16 06:10:46', '2018-10-16 06:10:46'),
(727, 0, '2008-07-31', 7, '2018-10-16 06:10:46', '2018-10-16 06:10:46'),
(728, 0, '2008-08-31', 7, '2018-10-16 06:10:46', '2018-10-16 06:10:46'),
(729, 0, '2008-09-30', 7, '2018-10-16 06:10:46', '2018-10-16 06:10:46'),
(730, 0, '2008-10-31', 7, '2018-10-16 06:10:46', '2018-10-16 06:10:46'),
(731, 0, '2008-11-30', 7, '2018-10-16 06:10:46', '2018-10-16 06:10:46'),
(732, 0, '2008-12-31', 7, '2018-10-16 06:10:46', '2018-10-16 06:10:46'),
(733, 0, '2009-01-31', 7, '2018-10-16 06:10:46', '2018-10-16 06:10:46'),
(734, 0, '2009-02-28', 7, '2018-10-16 06:10:46', '2018-10-16 06:10:46'),
(735, 0, '2009-03-31', 7, '2018-10-16 06:10:46', '2018-10-16 06:10:46'),
(736, 0, '2009-04-30', 7, '2018-10-16 06:10:46', '2018-10-16 06:10:46'),
(737, 0, '2009-05-31', 7, '2018-10-16 06:10:46', '2018-10-16 06:10:46'),
(738, 0, '2009-06-30', 7, '2018-10-16 06:10:46', '2018-10-16 06:10:46'),
(739, 274, '2009-07-31', 7, '2018-10-16 06:10:46', '2018-10-16 06:10:46'),
(740, 598, '2009-08-31', 7, '2018-10-16 06:10:46', '2018-10-16 06:10:46'),
(741, 3050, '2009-09-30', 7, '2018-10-16 06:10:46', '2018-10-16 06:10:46'),
(742, 3264, '2009-10-31', 7, '2018-10-16 06:10:46', '2018-10-16 06:10:46'),
(743, 7694, '2009-11-30', 7, '2018-10-16 06:10:46', '2018-10-16 06:10:46'),
(744, 2222, '2009-12-31', 7, '2018-10-16 06:10:46', '2018-10-16 06:10:46'),
(745, 2197, '2010-01-31', 7, '2018-10-16 06:10:46', '2018-10-16 06:10:46'),
(746, 1243, '2010-02-28', 7, '2018-10-16 06:10:46', '2018-10-16 06:10:46'),
(747, 2773, '2010-03-31', 7, '2018-10-16 06:10:46', '2018-10-16 06:10:46'),
(748, 1306, '2010-04-30', 7, '2018-10-16 06:10:46', '2018-10-16 06:10:46'),
(749, 1492, '2010-05-31', 7, '2018-10-16 06:10:46', '2018-10-16 06:10:46'),
(750, 609, '2010-06-30', 7, '2018-10-16 06:10:46', '2018-10-16 06:10:46'),
(751, 913, '2010-07-31', 7, '2018-10-16 06:10:46', '2018-10-16 06:10:46'),
(752, 1382, '2010-08-31', 7, '2018-10-16 06:10:46', '2018-10-16 06:10:46'),
(753, 1517, '2010-09-30', 7, '2018-10-16 06:10:46', '2018-10-16 06:10:46'),
(754, 6670, '2010-10-31', 7, '2018-10-16 06:10:46', '2018-10-16 06:10:46'),
(755, 17733, '2010-11-30', 7, '2018-10-16 06:10:46', '2018-10-16 06:10:46'),
(756, 5779, '2010-12-31', 7, '2018-10-16 06:10:46', '2018-10-16 06:10:46'),
(757, 5530, '2011-01-31', 7, '2018-10-16 06:10:46', '2018-10-16 06:10:46'),
(758, 670, '2011-02-28', 7, '2018-10-16 06:10:46', '2018-10-16 06:10:46'),
(759, 348, '2011-03-31', 7, '2018-10-16 06:10:46', '2018-10-16 06:10:46'),
(760, 352, '2011-04-30', 7, '2018-10-16 06:10:46', '2018-10-16 06:10:46'),
(761, 1234, '2011-05-31', 7, '2018-10-16 06:10:46', '2018-10-16 06:10:46'),
(762, 800, '2011-06-30', 7, '2018-10-16 06:10:46', '2018-10-16 06:10:46'),
(763, 575, '2011-07-31', 7, '2018-10-16 06:10:46', '2018-10-16 06:10:46'),
(764, 4096, '2011-08-31', 7, '2018-10-16 06:10:46', '2018-10-16 06:10:46'),
(765, 10902, '2011-09-30', 7, '2018-10-16 06:10:46', '2018-10-16 06:10:46'),
(766, 6669, '2011-10-31', 7, '2018-10-16 06:10:46', '2018-10-16 06:10:46'),
(767, 3971, '2011-11-30', 7, '2018-10-16 06:10:46', '2018-10-16 06:10:46'),
(768, 2331, '2011-12-31', 7, '2018-10-16 06:10:46', '2018-10-16 06:10:46'),
(769, 723, '2012-01-31', 7, '2018-10-16 06:10:46', '2018-10-16 06:10:46'),
(770, 845, '2012-02-29', 7, '2018-10-16 06:10:46', '2018-10-16 06:10:46'),
(771, 1426, '2012-03-31', 7, '2018-10-16 06:10:46', '2018-10-16 06:10:46'),
(772, 1033, '2012-04-30', 7, '2018-10-16 06:10:46', '2018-10-16 06:10:46'),
(773, 1586, '2012-05-31', 7, '2018-10-16 06:10:46', '2018-10-16 06:10:46'),
(774, 1047, '2012-06-30', 7, '2018-10-16 06:10:46', '2018-10-16 06:10:46'),
(775, 1309, '2012-07-31', 7, '2018-10-16 06:10:46', '2018-10-16 06:10:46'),
(776, 1772, '2012-08-31', 7, '2018-10-16 06:10:46', '2018-10-16 06:10:46'),
(777, 8166, '2012-09-30', 7, '2018-10-16 06:10:46', '2018-10-16 06:10:46'),
(778, 6848, '2012-10-31', 7, '2018-10-16 06:10:46', '2018-10-16 06:10:46'),
(779, 4207, '2012-11-30', 7, '2018-10-16 06:10:46', '2018-10-16 06:10:46'),
(780, 2015, '2012-12-31', 7, '2018-10-16 06:10:46', '2018-10-16 06:10:46'),
(781, 2700, '2013-01-31', 7, '2018-10-16 06:10:46', '2018-10-16 06:10:46'),
(782, 3166, '2013-02-28', 7, '2018-10-16 06:10:46', '2018-10-16 06:10:46'),
(783, 0, '2013-03-31', 7, '2018-10-16 06:10:46', '2018-10-16 06:10:46'),
(784, 0, '2013-04-30', 7, '2018-10-16 06:10:46', '2018-10-16 06:10:46'),
(785, 0, '2013-05-31', 7, '2018-10-16 06:10:46', '2018-10-16 06:10:46'),
(786, 0, '2013-06-30', 7, '2018-10-16 06:10:46', '2018-10-16 06:10:46'),
(787, 0, '2013-07-31', 7, '2018-10-16 06:10:46', '2018-10-16 06:10:46'),
(788, 0, '2013-08-31', 7, '2018-10-16 06:10:46', '2018-10-16 06:10:46'),
(789, 0, '2013-09-30', 7, '2018-10-16 06:10:46', '2018-10-16 06:10:46'),
(790, 0, '2013-10-31', 7, '2018-10-16 06:10:46', '2018-10-16 06:10:46'),
(791, 0, '2013-11-30', 7, '2018-10-16 06:10:46', '2018-10-16 06:10:46'),
(792, 0, '2013-12-31', 7, '2018-10-16 06:10:46', '2018-10-16 06:10:46'),
(793, 0, '2014-01-31', 7, '2018-10-16 06:10:46', '2018-10-16 06:10:46'),
(794, 0, '2014-02-28', 7, '2018-10-16 06:10:46', '2018-10-16 06:10:46'),
(795, 0, '2014-03-31', 7, '2018-10-16 06:10:46', '2018-10-16 06:10:46'),
(796, 0, '2014-04-30', 7, '2018-10-16 06:10:46', '2018-10-16 06:10:46'),
(797, 0, '2014-05-31', 7, '2018-10-16 06:10:46', '2018-10-16 06:10:46'),
(798, 0, '2014-06-30', 7, '2018-10-16 06:10:46', '2018-10-16 06:10:46'),
(799, 0, '2014-07-31', 7, '2018-10-16 06:10:46', '2018-10-16 06:10:46'),
(800, 0, '2014-08-31', 7, '2018-10-16 06:10:46', '2018-10-16 06:10:46'),
(801, 432, '2014-09-30', 7, '2018-10-16 06:10:46', '2018-10-16 06:10:46'),
(802, 1143, '2014-10-31', 7, '2018-10-16 06:10:46', '2018-10-16 06:10:46'),
(803, 351, '2014-11-30', 7, '2018-10-16 06:10:46', '2018-10-16 06:10:46'),
(804, 1523, '2014-12-31', 7, '2018-10-16 06:10:46', '2018-10-16 06:10:46'),
(805, 399, '2015-01-31', 7, '2018-10-16 06:10:46', '2018-10-16 06:10:46'),
(806, 2328, '2015-02-28', 7, '2018-10-16 06:10:46', '2018-10-16 06:10:46'),
(807, 6670, '2015-03-31', 7, '2018-10-16 06:10:46', '2018-10-16 06:10:46'),
(808, 1983, '2015-04-30', 7, '2018-10-16 06:10:46', '2018-10-16 06:10:46'),
(809, 488, '2015-05-31', 7, '2018-10-16 06:10:46', '2018-10-16 06:10:46'),
(810, 149, '2015-06-30', 7, '2018-10-16 06:10:46', '2018-10-16 06:10:46'),
(811, 451, '2015-07-31', 7, '2018-10-16 06:10:46', '2018-10-16 06:10:46'),
(812, 0, '2015-08-31', 7, '2018-10-16 06:10:46', '2018-10-16 06:10:46'),
(813, 10087, '2015-09-30', 7, '2018-10-16 06:10:46', '2018-10-16 06:10:46'),
(814, 9172, '2015-10-31', 7, '2018-10-16 06:10:46', '2018-10-16 06:10:46'),
(815, 7336, '2015-11-30', 7, '2018-10-16 06:10:46', '2018-10-16 06:10:46'),
(816, 2372, '2015-12-31', 7, '2018-10-16 06:10:46', '2018-10-16 06:10:46'),
(817, 2619, '2016-01-31', 7, '2018-10-16 06:10:46', '2018-10-16 06:10:46'),
(818, 3635, '2016-02-29', 7, '2018-10-16 06:10:46', '2018-10-16 06:10:46'),
(819, 2771, '2016-03-31', 7, '2018-10-16 06:10:46', '2018-10-16 06:10:46'),
(820, 1606, '2016-04-30', 7, '2018-10-16 06:10:46', '2018-10-16 06:10:46'),
(821, 0, '2016-05-31', 7, '2018-10-16 06:10:46', '2018-10-16 06:10:46'),
(822, 0, '2016-06-30', 7, '2018-10-16 06:10:46', '2018-10-16 06:10:46'),
(823, 0, '2016-07-31', 7, '2018-10-16 06:10:46', '2018-10-16 06:10:46'),
(824, 0, '2016-08-31', 7, '2018-10-16 06:10:46', '2018-10-16 06:10:46'),
(825, 15222, '2016-09-30', 7, '2018-10-16 06:10:46', '2018-10-16 06:10:46'),
(826, 12863, '2016-10-31', 7, '2018-10-16 06:10:46', '2018-10-16 06:10:46'),
(827, 8874, '2016-11-30', 7, '2018-10-16 06:10:46', '2018-10-16 06:10:46'),
(828, 1863, '2016-12-31', 7, '2018-10-16 06:10:46', '2018-10-16 06:10:46'),
(829, 145, '2017-01-31', 7, '2018-10-16 06:10:46', '2018-10-16 06:10:46'),
(830, 841, '2017-02-28', 7, '2018-10-16 06:10:46', '2018-10-16 06:10:46'),
(831, 3382, '2017-03-31', 7, '2018-10-16 06:10:46', '2018-10-16 06:10:46'),
(832, 2802, '2017-04-30', 7, '2018-10-16 06:10:46', '2018-10-16 06:10:46'),
(833, 1550, '2017-05-31', 7, '2018-10-16 06:10:46', '2018-10-16 06:10:46'),
(834, 1015, '2017-06-30', 7, '2018-10-16 06:10:46', '2018-10-16 06:10:46'),
(835, 1060, '2017-07-31', 7, '2018-10-16 06:10:46', '2018-10-16 06:10:46'),
(836, 2900, '2017-08-31', 7, '2018-10-16 06:10:46', '2018-10-16 06:10:46'),
(837, 6369, '2017-09-30', 7, '2018-10-16 06:10:46', '2018-10-16 06:10:46'),
(838, 7717, '2017-10-31', 7, '2018-10-16 06:10:46', '2018-10-16 06:10:46'),
(839, 2360, '2017-11-30', 7, '2018-10-16 06:10:46', '2018-10-16 06:10:46'),
(840, 415, '2017-12-31', 7, '2018-10-16 06:10:46', '2018-10-16 06:10:46'),
(841, 0, '2008-01-31', 8, '2018-10-16 06:10:46', '2018-10-16 06:10:46'),
(842, 0, '2008-02-29', 8, '2018-10-16 06:10:46', '2018-10-16 06:10:46'),
(843, 0, '2008-03-31', 8, '2018-10-16 06:10:46', '2018-10-16 06:10:46'),
(844, 0, '2008-04-30', 8, '2018-10-16 06:10:46', '2018-10-16 06:10:46'),
(845, 0, '2008-05-31', 8, '2018-10-16 06:10:46', '2018-10-16 06:10:46'),
(846, 0, '2008-06-30', 8, '2018-10-16 06:10:46', '2018-10-16 06:10:46'),
(847, 0, '2008-07-31', 8, '2018-10-16 06:10:46', '2018-10-16 06:10:46'),
(848, 0, '2008-08-31', 8, '2018-10-16 06:10:46', '2018-10-16 06:10:46'),
(849, 0, '2008-09-30', 8, '2018-10-16 06:10:46', '2018-10-16 06:10:46'),
(850, 0, '2008-10-31', 8, '2018-10-16 06:10:46', '2018-10-16 06:10:46'),
(851, 0, '2008-11-30', 8, '2018-10-16 06:10:46', '2018-10-16 06:10:46'),
(852, 0, '2008-12-31', 8, '2018-10-16 06:10:46', '2018-10-16 06:10:46'),
(853, 0, '2009-01-31', 8, '2018-10-16 06:10:46', '2018-10-16 06:10:46'),
(854, 0, '2009-02-28', 8, '2018-10-16 06:10:46', '2018-10-16 06:10:46'),
(855, 0, '2009-03-31', 8, '2018-10-16 06:10:46', '2018-10-16 06:10:46'),
(856, 0, '2009-04-30', 8, '2018-10-16 06:10:46', '2018-10-16 06:10:46'),
(857, 0, '2009-05-31', 8, '2018-10-16 06:10:46', '2018-10-16 06:10:46'),
(858, 125, '2009-06-30', 8, '2018-10-16 06:10:46', '2018-10-16 06:10:46'),
(859, 420, '2009-07-31', 8, '2018-10-16 06:10:46', '2018-10-16 06:10:46'),
(860, 1328, '2009-08-31', 8, '2018-10-16 06:10:46', '2018-10-16 06:10:46'),
(861, 9141, '2009-09-30', 8, '2018-10-16 06:10:46', '2018-10-16 06:10:46'),
(862, 7749, '2009-10-31', 8, '2018-10-16 06:10:46', '2018-10-16 06:10:46'),
(863, 6273, '2009-11-30', 8, '2018-10-16 06:10:46', '2018-10-16 06:10:46'),
(864, 4303, '2009-12-31', 8, '2018-10-16 06:10:46', '2018-10-16 06:10:46'),
(865, 2427, '2010-01-31', 8, '2018-10-16 06:10:46', '2018-10-16 06:10:46'),
(866, 1746, '2010-02-28', 8, '2018-10-16 06:10:46', '2018-10-16 06:10:46'),
(867, 3058, '2010-03-31', 8, '2018-10-16 06:10:46', '2018-10-16 06:10:46'),
(868, 1852, '2010-04-30', 8, '2018-10-16 06:10:46', '2018-10-16 06:10:46'),
(869, 1679, '2010-05-31', 8, '2018-10-16 06:10:46', '2018-10-16 06:10:46'),
(870, 508, '2010-06-30', 8, '2018-10-16 06:10:46', '2018-10-16 06:10:46'),
(871, 588, '2010-07-31', 8, '2018-10-16 06:10:46', '2018-10-16 06:10:46'),
(872, 2561, '2010-08-31', 8, '2018-10-16 06:10:46', '2018-10-16 06:10:46'),
(873, 6682, '2010-09-30', 8, '2018-10-16 06:10:46', '2018-10-16 06:10:46'),
(874, 21221, '2010-10-31', 8, '2018-10-16 06:10:46', '2018-10-16 06:10:46'),
(875, 25144, '2010-11-30', 8, '2018-10-16 06:10:46', '2018-10-16 06:10:46'),
(876, 13296, '2010-12-31', 8, '2018-10-16 06:10:46', '2018-10-16 06:10:46'),
(877, 4159, '2011-01-31', 8, '2018-10-16 06:10:46', '2018-10-16 06:10:46'),
(878, 1216, '2011-02-28', 8, '2018-10-16 06:10:46', '2018-10-16 06:10:46'),
(879, 374, '2011-03-31', 8, '2018-10-16 06:10:46', '2018-10-16 06:10:46'),
(880, 397, '2011-04-30', 8, '2018-10-16 06:10:46', '2018-10-16 06:10:46'),
(881, 971, '2011-05-31', 8, '2018-10-16 06:10:46', '2018-10-16 06:10:46'),
(882, 0, '2011-06-30', 8, '2018-10-16 06:10:46', '2018-10-16 06:10:46'),
(883, 661, '2011-07-31', 8, '2018-10-16 06:10:46', '2018-10-16 06:10:46'),
(884, 5411, '2011-08-31', 8, '2018-10-16 06:10:46', '2018-10-16 06:10:46'),
(885, 9928, '2011-09-30', 8, '2018-10-16 06:10:46', '2018-10-16 06:10:46'),
(886, 15446, '2011-10-31', 8, '2018-10-16 06:10:46', '2018-10-16 06:10:46'),
(887, 1751, '2011-11-30', 8, '2018-10-16 06:10:46', '2018-10-16 06:10:46'),
(888, 1666, '2011-12-31', 8, '2018-10-16 06:10:46', '2018-10-16 06:10:46'),
(889, 1037, '2012-01-31', 8, '2018-10-16 06:10:46', '2018-10-16 06:10:46'),
(890, 1570, '2012-02-29', 8, '2018-10-16 06:10:46', '2018-10-16 06:10:46'),
(891, 3029, '2012-03-31', 8, '2018-10-16 06:10:46', '2018-10-16 06:10:46'),
(892, 1455, '2012-04-30', 8, '2018-10-16 06:10:46', '2018-10-16 06:10:46'),
(893, 1363, '2012-05-31', 8, '2018-10-16 06:10:46', '2018-10-16 06:10:46'),
(894, 1023, '2012-06-30', 8, '2018-10-16 06:10:46', '2018-10-16 06:10:46'),
(895, 828, '2012-07-31', 8, '2018-10-16 06:10:46', '2018-10-16 06:10:46'),
(896, 5457, '2012-08-31', 8, '2018-10-16 06:10:46', '2018-10-16 06:10:46'),
(897, 9080, '2012-09-30', 8, '2018-10-16 06:10:46', '2018-10-16 06:10:46'),
(898, 9109, '2012-10-31', 8, '2018-10-16 06:10:46', '2018-10-16 06:10:46'),
(899, 3050, '2012-11-30', 8, '2018-10-16 06:10:46', '2018-10-16 06:10:46'),
(900, 1853, '2012-12-31', 8, '2018-10-16 06:10:46', '2018-10-16 06:10:46'),
(901, 3240, '2013-01-31', 8, '2018-10-16 06:10:46', '2018-10-16 06:10:46'),
(902, 4929, '2013-02-28', 8, '2018-10-16 06:10:46', '2018-10-16 06:10:46'),
(903, 805, '2013-03-31', 8, '2018-10-16 06:10:46', '2018-10-16 06:10:46'),
(904, 968, '2013-04-30', 8, '2018-10-16 06:10:46', '2018-10-16 06:10:46'),
(905, 283, '2013-05-31', 8, '2018-10-16 06:10:46', '2018-10-16 06:10:46'),
(906, 147, '2013-06-30', 8, '2018-10-16 06:10:46', '2018-10-16 06:10:46'),
(907, 852, '2013-07-31', 8, '2018-10-16 06:10:46', '2018-10-16 06:10:46'),
(908, 3529, '2013-08-31', 8, '2018-10-16 06:10:46', '2018-10-16 06:10:46'),
(909, 4882, '2013-09-30', 8, '2018-10-16 06:10:46', '2018-10-16 06:10:46'),
(910, 6661, '2013-10-31', 8, '2018-10-16 06:10:46', '2018-10-16 06:10:46'),
(911, 7456, '2013-11-30', 8, '2018-10-16 06:10:46', '2018-10-16 06:10:46'),
(912, 5542, '2013-12-31', 8, '2018-10-16 06:10:46', '2018-10-16 06:10:46'),
(913, 1250, '2014-01-31', 8, '2018-10-16 06:10:46', '2018-10-16 06:10:46'),
(914, 0, '2014-02-28', 8, '2018-10-16 06:10:46', '2018-10-16 06:10:46'),
(915, 0, '2014-03-31', 8, '2018-10-16 06:10:46', '2018-10-16 06:10:46'),
(916, 0, '2014-04-30', 8, '2018-10-16 06:10:46', '2018-10-16 06:10:46'),
(917, 0, '2014-05-31', 8, '2018-10-16 06:10:46', '2018-10-16 06:10:46'),
(918, 0, '2014-06-30', 8, '2018-10-16 06:10:46', '2018-10-16 06:10:46'),
(919, 0, '2014-07-31', 8, '2018-10-16 06:10:46', '2018-10-16 06:10:46'),
(920, 0, '2014-08-31', 8, '2018-10-16 06:10:46', '2018-10-16 06:10:46'),
(921, 0, '2014-09-30', 8, '2018-10-16 06:10:46', '2018-10-16 06:10:46'),
(922, 0, '2014-10-31', 8, '2018-10-16 06:10:46', '2018-10-16 06:10:46'),
(923, 0, '2014-11-30', 8, '2018-10-16 06:10:46', '2018-10-16 06:10:46'),
(924, 0, '2014-12-31', 8, '2018-10-16 06:10:46', '2018-10-16 06:10:46'),
(925, 0, '2015-01-31', 8, '2018-10-16 06:10:46', '2018-10-16 06:10:46'),
(926, 0, '2015-02-28', 8, '2018-10-16 06:10:46', '2018-10-16 06:10:46'),
(927, 0, '2015-03-31', 8, '2018-10-16 06:10:46', '2018-10-16 06:10:46'),
(928, 0, '2015-04-30', 8, '2018-10-16 06:10:46', '2018-10-16 06:10:46'),
(929, 0, '2015-05-31', 8, '2018-10-16 06:10:46', '2018-10-16 06:10:46'),
(930, 152, '2015-06-30', 8, '2018-10-16 06:10:46', '2018-10-16 06:10:46'),
(931, 0, '2015-07-31', 8, '2018-10-16 06:10:46', '2018-10-16 06:10:46'),
(932, 871, '2015-08-31', 8, '2018-10-16 06:10:46', '2018-10-16 06:10:46'),
(933, 17127, '2015-09-30', 8, '2018-10-16 06:10:46', '2018-10-16 06:10:46'),
(934, 21041, '2015-10-31', 8, '2018-10-16 06:10:46', '2018-10-16 06:10:46'),
(935, 10744, '2015-11-30', 8, '2018-10-16 06:10:46', '2018-10-16 06:10:46'),
(936, 818, '2015-12-31', 8, '2018-10-16 06:10:46', '2018-10-16 06:10:46'),
(937, 394, '2016-01-31', 8, '2018-10-16 06:10:46', '2018-10-16 06:10:46'),
(938, 959, '2016-02-29', 8, '2018-10-16 06:10:46', '2018-10-16 06:10:46'),
(939, 54, '2016-03-31', 8, '2018-10-16 06:10:46', '2018-10-16 06:10:46'),
(940, 110, '2016-04-30', 8, '2018-10-16 06:10:46', '2018-10-16 06:10:46'),
(941, 0, '2016-05-31', 8, '2018-10-16 06:10:46', '2018-10-16 06:10:46'),
(942, 0, '2016-06-30', 8, '2018-10-16 06:10:46', '2018-10-16 06:10:46'),
(943, 0, '2016-07-31', 8, '2018-10-16 06:10:46', '2018-10-16 06:10:46'),
(944, 741, '2016-08-31', 8, '2018-10-16 06:10:46', '2018-10-16 06:10:46'),
(945, 20851, '2016-09-30', 8, '2018-10-16 06:10:46', '2018-10-16 06:10:46'),
(946, 18023, '2016-10-31', 8, '2018-10-16 06:10:46', '2018-10-16 06:10:46'),
(947, 6795, '2016-11-30', 8, '2018-10-16 06:10:46', '2018-10-16 06:10:46'),
(948, 188, '2016-12-31', 8, '2018-10-16 06:10:46', '2018-10-16 06:10:46'),
(949, 0, '2017-01-31', 8, '2018-10-16 06:10:46', '2018-10-16 06:10:46'),
(950, 0, '2017-02-28', 8, '2018-10-16 06:10:46', '2018-10-16 06:10:46'),
(951, 0, '2017-03-31', 8, '2018-10-16 06:10:46', '2018-10-16 06:10:46'),
(952, 0, '2017-04-30', 8, '2018-10-16 06:10:46', '2018-10-16 06:10:46'),
(953, 0, '2017-05-31', 8, '2018-10-16 06:10:46', '2018-10-16 06:10:46'),
(954, 0, '2017-06-30', 8, '2018-10-16 06:10:46', '2018-10-16 06:10:46'),
(955, 0, '2017-07-31', 8, '2018-10-16 06:10:46', '2018-10-16 06:10:46'),
(956, 0, '2017-08-31', 8, '2018-10-16 06:10:46', '2018-10-16 06:10:46'),
(957, 2034, '2017-09-30', 8, '2018-10-16 06:10:46', '2018-10-16 06:10:46'),
(958, 0, '2017-10-31', 8, '2018-10-16 06:10:46', '2018-10-16 06:10:46'),
(959, 0, '2017-11-30', 8, '2018-10-16 06:10:46', '2018-10-16 06:10:46'),
(960, 0, '2017-12-31', 8, '2018-10-16 06:10:46', '2018-10-16 06:10:46'),
(961, 0, '2008-01-31', 9, '2018-10-16 06:10:46', '2018-10-16 06:10:46'),
(962, 0, '2008-02-29', 9, '2018-10-16 06:10:46', '2018-10-16 06:10:46'),
(963, 0, '2008-03-31', 9, '2018-10-16 06:10:46', '2018-10-16 06:10:46'),
(964, 0, '2008-04-30', 9, '2018-10-16 06:10:46', '2018-10-16 06:10:46'),
(965, 0, '2008-05-31', 9, '2018-10-16 06:10:46', '2018-10-16 06:10:46'),
(966, 0, '2008-06-30', 9, '2018-10-16 06:10:46', '2018-10-16 06:10:46'),
(967, 0, '2008-07-31', 9, '2018-10-16 06:10:46', '2018-10-16 06:10:46'),
(968, 100, '2008-08-31', 9, '2018-10-16 06:10:46', '2018-10-16 06:10:46'),
(969, 2798, '2008-09-30', 9, '2018-10-16 06:10:46', '2018-10-16 06:10:46'),
(970, 1844, '2008-10-31', 9, '2018-10-16 06:10:46', '2018-10-16 06:10:46'),
(971, 3434, '2008-11-30', 9, '2018-10-16 06:10:46', '2018-10-16 06:10:46'),
(972, 1390, '2008-12-31', 9, '2018-10-16 06:10:46', '2018-10-16 06:10:46'),
(973, 200, '2009-01-31', 9, '2018-10-16 06:10:46', '2018-10-16 06:10:46'),
(974, 292, '2009-02-28', 9, '2018-10-16 06:10:46', '2018-10-16 06:10:46'),
(975, 305, '2009-03-31', 9, '2018-10-16 06:10:46', '2018-10-16 06:10:46'),
(976, 170, '2009-04-30', 9, '2018-10-16 06:10:46', '2018-10-16 06:10:46'),
(977, 400, '2009-05-31', 9, '2018-10-16 06:10:46', '2018-10-16 06:10:46'),
(978, 472, '2009-06-30', 9, '2018-10-16 06:10:46', '2018-10-16 06:10:46'),
(979, 901, '2009-07-31', 9, '2018-10-16 06:10:46', '2018-10-16 06:10:46'),
(980, 2839, '2009-08-31', 9, '2018-10-16 06:10:46', '2018-10-16 06:10:46'),
(981, 0, '2009-09-30', 9, '2018-10-16 06:10:46', '2018-10-16 06:10:46'),
(982, 2001, '2009-10-31', 9, '2018-10-16 06:10:46', '2018-10-16 06:10:46'),
(983, 1186, '2009-11-30', 9, '2018-10-16 06:10:46', '2018-10-16 06:10:46'),
(984, 1171, '2009-12-31', 9, '2018-10-16 06:10:46', '2018-10-16 06:10:46'),
(985, 813, '2010-01-31', 9, '2018-10-16 06:10:46', '2018-10-16 06:10:46'),
(986, 1222, '2010-02-28', 9, '2018-10-16 06:10:46', '2018-10-16 06:10:46'),
(987, 2179, '2010-03-31', 9, '2018-10-16 06:10:46', '2018-10-16 06:10:46'),
(988, 805, '2010-04-30', 9, '2018-10-16 06:10:46', '2018-10-16 06:10:46'),
(989, 952, '2010-05-31', 9, '2018-10-16 06:10:46', '2018-10-16 06:10:46'),
(990, 596, '2010-06-30', 9, '2018-10-16 06:10:46', '2018-10-16 06:10:46'),
(991, 220, '2010-07-31', 9, '2018-10-16 06:10:46', '2018-10-16 06:10:46'),
(992, 1700, '2010-08-31', 9, '2018-10-16 06:10:46', '2018-10-16 06:10:46'),
(993, 1074, '2010-09-30', 9, '2018-10-16 06:10:46', '2018-10-16 06:10:46'),
(994, 3974, '2010-10-31', 9, '2018-10-16 06:10:46', '2018-10-16 06:10:46'),
(995, 8775, '2010-11-30', 9, '2018-10-16 06:10:46', '2018-10-16 06:10:46'),
(996, 1334, '2010-12-31', 9, '2018-10-16 06:10:46', '2018-10-16 06:10:46'),
(997, 2022, '2011-01-31', 9, '2018-10-16 06:10:46', '2018-10-16 06:10:46'),
(998, 0, '2011-02-28', 9, '2018-10-16 06:10:46', '2018-10-16 06:10:46'),
(999, 419, '2011-03-31', 9, '2018-10-16 06:10:46', '2018-10-16 06:10:46'),
(1000, 262, '2011-04-30', 9, '2018-10-16 06:10:46', '2018-10-16 06:10:46'),
(1001, 677, '2011-05-31', 9, '2018-10-16 06:10:46', '2018-10-16 06:10:46'),
(1002, 256, '2011-06-30', 9, '2018-10-16 06:10:46', '2018-10-16 06:10:46'),
(1003, 243, '2011-07-31', 9, '2018-10-16 06:10:46', '2018-10-16 06:10:46'),
(1004, 864, '2011-08-31', 9, '2018-10-16 06:10:46', '2018-10-16 06:10:46'),
(1005, 5334, '2011-09-30', 9, '2018-10-16 06:10:46', '2018-10-16 06:10:46'),
(1006, 2715, '2011-10-31', 9, '2018-10-16 06:10:46', '2018-10-16 06:10:46'),
(1007, 1126, '2011-11-30', 9, '2018-10-16 06:10:46', '2018-10-16 06:10:46'),
(1008, 721, '2011-12-31', 9, '2018-10-16 06:10:46', '2018-10-16 06:10:46'),
(1009, 0, '2012-01-31', 9, '2018-10-16 06:10:46', '2018-10-16 06:10:46'),
(1010, 0, '2012-02-29', 9, '2018-10-16 06:10:46', '2018-10-16 06:10:46'),
(1011, 0, '2012-03-31', 9, '2018-10-16 06:10:46', '2018-10-16 06:10:46'),
(1012, 0, '2012-04-30', 9, '2018-10-16 06:10:46', '2018-10-16 06:10:46'),
(1013, 0, '2012-05-31', 9, '2018-10-16 06:10:46', '2018-10-16 06:10:46'),
(1014, 0, '2012-06-30', 9, '2018-10-16 06:10:46', '2018-10-16 06:10:46'),
(1015, 0, '2012-07-31', 9, '2018-10-16 06:10:46', '2018-10-16 06:10:46'),
(1016, 0, '2012-08-31', 9, '2018-10-16 06:10:46', '2018-10-16 06:10:46'),
(1017, 0, '2012-09-30', 9, '2018-10-16 06:10:46', '2018-10-16 06:10:46'),
(1018, 0, '2012-10-31', 9, '2018-10-16 06:10:46', '2018-10-16 06:10:46'),
(1019, 0, '2012-11-30', 9, '2018-10-16 06:10:46', '2018-10-16 06:10:46'),
(1020, 0, '2012-12-31', 9, '2018-10-16 06:10:46', '2018-10-16 06:10:46'),
(1021, 0, '2013-01-31', 9, '2018-10-16 06:10:46', '2018-10-16 06:10:46'),
(1022, 0, '2013-02-28', 9, '2018-10-16 06:10:46', '2018-10-16 06:10:46'),
(1023, 0, '2013-03-31', 9, '2018-10-16 06:10:46', '2018-10-16 06:10:46'),
(1024, 0, '2013-04-30', 9, '2018-10-16 06:10:46', '2018-10-16 06:10:46'),
(1025, 0, '2013-05-31', 9, '2018-10-16 06:10:46', '2018-10-16 06:10:46'),
(1026, 0, '2013-06-30', 9, '2018-10-16 06:10:46', '2018-10-16 06:10:46'),
(1027, 0, '2013-07-31', 9, '2018-10-16 06:10:46', '2018-10-16 06:10:46'),
(1028, 0, '2013-08-31', 9, '2018-10-16 06:10:46', '2018-10-16 06:10:46'),
(1029, 0, '2013-09-30', 9, '2018-10-16 06:10:46', '2018-10-16 06:10:46'),
(1030, 0, '2013-10-31', 9, '2018-10-16 06:10:46', '2018-10-16 06:10:46'),
(1031, 149, '2013-11-30', 9, '2018-10-16 06:10:46', '2018-10-16 06:10:46'),
(1032, 244, '2013-12-31', 9, '2018-10-16 06:10:46', '2018-10-16 06:10:46'),
(1033, 0, '2014-01-31', 9, '2018-10-16 06:10:46', '2018-10-16 06:10:46'),
(1034, 348, '2014-02-28', 9, '2018-10-16 06:10:46', '2018-10-16 06:10:46'),
(1035, 1968, '2014-03-31', 9, '2018-10-16 06:10:46', '2018-10-16 06:10:46'),
(1036, 1347, '2014-04-30', 9, '2018-10-16 06:10:46', '2018-10-16 06:10:46'),
(1037, 972, '2014-05-31', 9, '2018-10-16 06:10:46', '2018-10-16 06:10:46'),
(1038, 994, '2014-06-30', 9, '2018-10-16 06:10:46', '2018-10-16 06:10:46'),
(1039, 624, '2014-07-31', 9, '2018-10-16 06:10:46', '2018-10-16 06:10:46'),
(1040, 2512, '2014-08-31', 9, '2018-10-16 06:10:46', '2018-10-16 06:10:46'),
(1041, 2134, '2014-09-30', 9, '2018-10-16 06:10:46', '2018-10-16 06:10:46'),
(1042, 3259, '2014-10-31', 9, '2018-10-16 06:10:46', '2018-10-16 06:10:46'),
(1043, 1444, '2014-11-30', 9, '2018-10-16 06:10:46', '2018-10-16 06:10:46'),
(1044, 903, '2014-12-31', 9, '2018-10-16 06:10:46', '2018-10-16 06:10:46'),
(1045, 257, '2015-01-31', 9, '2018-10-16 06:10:46', '2018-10-16 06:10:46'),
(1046, 992, '2015-02-28', 9, '2018-10-16 06:10:46', '2018-10-16 06:10:46'),
(1047, 4082, '2015-03-31', 9, '2018-10-16 06:10:46', '2018-10-16 06:10:46'),
(1048, 1624, '2015-04-30', 9, '2018-10-16 06:10:46', '2018-10-16 06:10:46'),
(1049, 849, '2015-05-31', 9, '2018-10-16 06:10:46', '2018-10-16 06:10:46'),
(1050, 126, '2015-06-30', 9, '2018-10-16 06:10:46', '2018-10-16 06:10:46'),
(1051, 631, '2015-07-31', 9, '2018-10-16 06:10:46', '2018-10-16 06:10:46'),
(1052, 1099, '2015-08-31', 9, '2018-10-16 06:10:46', '2018-10-16 06:10:46'),
(1053, 6031, '2015-09-30', 9, '2018-10-16 06:10:46', '2018-10-16 06:10:46'),
(1054, 4056, '2015-10-31', 9, '2018-10-16 06:10:46', '2018-10-16 06:10:46'),
(1055, 2615, '2015-11-30', 9, '2018-10-16 06:10:46', '2018-10-16 06:10:46'),
(1056, 1039, '2015-12-31', 9, '2018-10-16 06:10:46', '2018-10-16 06:10:46'),
(1057, 1544, '2016-01-31', 9, '2018-10-16 06:10:46', '2018-10-16 06:10:46'),
(1058, 1117, '2016-02-29', 9, '2018-10-16 06:10:46', '2018-10-16 06:10:46'),
(1059, 4171, '2016-03-31', 9, '2018-10-16 06:10:46', '2018-10-16 06:10:46'),
(1060, 1247, '2016-04-30', 9, '2018-10-16 06:10:46', '2018-10-16 06:10:46'),
(1061, 0, '2016-05-31', 9, '2018-10-16 06:10:46', '2018-10-16 06:10:46'),
(1062, 0, '2016-06-30', 9, '2018-10-16 06:10:46', '2018-10-16 06:10:46'),
(1063, 0, '2016-07-31', 9, '2018-10-16 06:10:46', '2018-10-16 06:10:46'),
(1064, 0, '2016-08-31', 9, '2018-10-16 06:10:46', '2018-10-16 06:10:46'),
(1065, 0, '2016-09-30', 9, '2018-10-16 06:10:46', '2018-10-16 06:10:46'),
(1066, 0, '2016-10-31', 9, '2018-10-16 06:10:46', '2018-10-16 06:10:46'),
(1067, 0, '2016-11-30', 9, '2018-10-16 06:10:46', '2018-10-16 06:10:46'),
(1068, 0, '2016-12-31', 9, '2018-10-16 06:10:46', '2018-10-16 06:10:46'),
(1069, 0, '2017-01-31', 9, '2018-10-16 06:10:46', '2018-10-16 06:10:46'),
(1070, 0, '2017-02-28', 9, '2018-10-16 06:10:46', '2018-10-16 06:10:46'),
(1071, 0, '2017-03-31', 9, '2018-10-16 06:10:46', '2018-10-16 06:10:46'),
(1072, 0, '2017-04-30', 9, '2018-10-16 06:10:46', '2018-10-16 06:10:46'),
(1073, 0, '2017-05-31', 9, '2018-10-16 06:10:46', '2018-10-16 06:10:46'),
(1074, 0, '2017-06-30', 9, '2018-10-16 06:10:46', '2018-10-16 06:10:46'),
(1075, 0, '2017-07-31', 9, '2018-10-16 06:10:46', '2018-10-16 06:10:46'),
(1076, 0, '2017-08-31', 9, '2018-10-16 06:10:46', '2018-10-16 06:10:46'),
(1077, 0, '2017-09-30', 9, '2018-10-16 06:10:46', '2018-10-16 06:10:46'),
(1078, 0, '2017-10-31', 9, '2018-10-16 06:10:46', '2018-10-16 06:10:46'),
(1079, 0, '2017-11-30', 9, '2018-10-16 06:10:46', '2018-10-16 06:10:46'),
(1080, 0, '2017-12-31', 9, '2018-10-16 06:10:46', '2018-10-16 06:10:46'),
(1081, 1234, '2008-01-31', 10, '2018-10-16 06:10:46', '2018-10-16 06:10:46'),
(1082, 3953, '2008-02-29', 10, '2018-10-16 06:10:46', '2018-10-16 06:10:46'),
(1083, 2166, '2008-03-31', 10, '2018-10-16 06:10:46', '2018-10-16 06:10:46'),
(1084, 1791, '2008-04-30', 10, '2018-10-16 06:10:46', '2018-10-16 06:10:46'),
(1085, 425, '2008-05-31', 10, '2018-10-16 06:10:46', '2018-10-16 06:10:46'),
(1086, 647, '2008-06-30', 10, '2018-10-16 06:10:46', '2018-10-16 06:10:46'),
(1087, 564, '2008-07-31', 10, '2018-10-16 06:10:46', '2018-10-16 06:10:46'),
(1088, 795, '2008-08-31', 10, '2018-10-16 06:10:46', '2018-10-16 06:10:46'),
(1089, 7470, '2008-09-30', 10, '2018-10-16 06:10:46', '2018-10-16 06:10:46'),
(1090, 6587, '2008-10-31', 10, '2018-10-16 06:10:46', '2018-10-16 06:10:46'),
(1091, 9085, '2008-11-30', 10, '2018-10-16 06:10:46', '2018-10-16 06:10:46'),
(1092, 5590, '2008-12-31', 10, '2018-10-16 06:10:46', '2018-10-16 06:10:46'),
(1093, 1976, '2009-01-31', 10, '2018-10-16 06:10:46', '2018-10-16 06:10:46'),
(1094, 1158, '2009-02-28', 10, '2018-10-16 06:10:46', '2018-10-16 06:10:46'),
(1095, 756, '2009-03-31', 10, '2018-10-16 06:10:46', '2018-10-16 06:10:46'),
(1096, 1092, '2009-04-30', 10, '2018-10-16 06:10:46', '2018-10-16 06:10:46'),
(1097, 875, '2009-05-31', 10, '2018-10-16 06:10:46', '2018-10-16 06:10:46'),
(1098, 502, '2009-06-30', 10, '2018-10-16 06:10:46', '2018-10-16 06:10:46'),
(1099, 371, '2009-07-31', 10, '2018-10-16 06:10:46', '2018-10-16 06:10:46'),
(1100, 3295, '2009-08-31', 10, '2018-10-16 06:10:46', '2018-10-16 06:10:46'),
(1101, 6660, '2009-09-30', 10, '2018-10-16 06:10:46', '2018-10-16 06:10:46'),
(1102, 10633, '2009-10-31', 10, '2018-10-16 06:10:46', '2018-10-16 06:10:46'),
(1103, 4496, '2009-11-30', 10, '2018-10-16 06:10:46', '2018-10-16 06:10:46'),
(1104, 3910, '2009-12-31', 10, '2018-10-16 06:10:46', '2018-10-16 06:10:46'),
(1105, 0, '2010-01-31', 10, '2018-10-16 06:10:46', '2018-10-16 06:10:46'),
(1106, 441, '2010-02-28', 10, '2018-10-16 06:10:46', '2018-10-16 06:10:46'),
(1107, 88, '2010-03-31', 10, '2018-10-16 06:10:46', '2018-10-16 06:10:46'),
(1108, 371, '2010-04-30', 10, '2018-10-16 06:10:46', '2018-10-16 06:10:46'),
(1109, 509, '2010-05-31', 10, '2018-10-16 06:10:46', '2018-10-16 06:10:46'),
(1110, 156, '2010-06-30', 10, '2018-10-16 06:10:46', '2018-10-16 06:10:46'),
(1111, 47, '2010-07-31', 10, '2018-10-16 06:10:46', '2018-10-16 06:10:46'),
(1112, 479, '2010-08-31', 10, '2018-10-16 06:10:46', '2018-10-16 06:10:46'),
(1113, 954, '2010-09-30', 10, '2018-10-16 06:10:46', '2018-10-16 06:10:46'),
(1114, 6561, '2010-10-31', 10, '2018-10-16 06:10:46', '2018-10-16 06:10:46'),
(1115, 3047, '2010-11-30', 10, '2018-10-16 06:10:46', '2018-10-16 06:10:46'),
(1116, 1417, '2010-12-31', 10, '2018-10-16 06:10:46', '2018-10-16 06:10:46'),
(1117, 918, '2011-01-31', 10, '2018-10-16 06:10:46', '2018-10-16 06:10:46'),
(1118, 0, '2011-02-28', 10, '2018-10-16 06:10:46', '2018-10-16 06:10:46'),
(1119, 208, '2011-03-31', 10, '2018-10-16 06:10:46', '2018-10-16 06:10:46'),
(1120, 158, '2011-04-30', 10, '2018-10-16 06:10:46', '2018-10-16 06:10:46'),
(1121, 177, '2011-05-31', 10, '2018-10-16 06:10:46', '2018-10-16 06:10:46'),
(1122, 184, '2011-06-30', 10, '2018-10-16 06:10:46', '2018-10-16 06:10:46'),
(1123, 686, '2011-07-31', 10, '2018-10-16 06:10:46', '2018-10-16 06:10:46'),
(1124, 3837, '2011-08-31', 10, '2018-10-16 06:10:46', '2018-10-16 06:10:46'),
(1125, 12686, '2011-09-30', 10, '2018-10-16 06:10:46', '2018-10-16 06:10:46'),
(1126, 4994, '2011-10-31', 10, '2018-10-16 06:10:46', '2018-10-16 06:10:46'),
(1127, 2027, '2011-11-30', 10, '2018-10-16 06:10:46', '2018-10-16 06:10:46'),
(1128, 198, '2011-12-31', 10, '2018-10-16 06:10:46', '2018-10-16 06:10:46'),
(1129, 384, '2012-01-31', 10, '2018-10-16 06:10:46', '2018-10-16 06:10:46'),
(1130, 553, '2012-02-29', 10, '2018-10-16 06:10:46', '2018-10-16 06:10:46'),
(1131, 1410, '2012-03-31', 10, '2018-10-16 06:10:46', '2018-10-16 06:10:46'),
(1132, 1517, '2012-04-30', 10, '2018-10-16 06:10:46', '2018-10-16 06:10:46'),
(1133, 541, '2012-05-31', 10, '2018-10-16 06:10:46', '2018-10-16 06:10:46'),
(1134, 651, '2012-06-30', 10, '2018-10-16 06:10:46', '2018-10-16 06:10:46'),
(1135, 362, '2012-07-31', 10, '2018-10-16 06:10:46', '2018-10-16 06:10:46'),
(1136, 1592, '2012-08-31', 10, '2018-10-16 06:10:46', '2018-10-16 06:10:46'),
(1137, 5446, '2012-09-30', 10, '2018-10-16 06:10:46', '2018-10-16 06:10:46'),
(1138, 5934, '2012-10-31', 10, '2018-10-16 06:10:46', '2018-10-16 06:10:46'),
(1139, 5796, '2012-11-30', 10, '2018-10-16 06:10:46', '2018-10-16 06:10:46'),
(1140, 1546, '2012-12-31', 10, '2018-10-16 06:10:46', '2018-10-16 06:10:46'),
(1141, 1265, '2013-01-31', 10, '2018-10-16 06:10:46', '2018-10-16 06:10:46'),
(1142, 2969, '2013-02-28', 10, '2018-10-16 06:10:46', '2018-10-16 06:10:46'),
(1143, 2176, '2013-03-31', 10, '2018-10-16 06:10:46', '2018-10-16 06:10:46'),
(1144, 864, '2013-04-30', 10, '2018-10-16 06:10:46', '2018-10-16 06:10:46'),
(1145, 939, '2013-05-31', 10, '2018-10-16 06:10:46', '2018-10-16 06:10:46'),
(1146, 411, '2013-06-30', 10, '2018-10-16 06:10:46', '2018-10-16 06:10:46'),
(1147, 575, '2013-07-31', 10, '2018-10-16 06:10:46', '2018-10-16 06:10:46'),
(1148, 2308, '2013-08-31', 10, '2018-10-16 06:10:46', '2018-10-16 06:10:46'),
(1149, 4303, '2013-09-30', 10, '2018-10-16 06:10:46', '2018-10-16 06:10:46'),
(1150, 6026, '2013-10-31', 10, '2018-10-16 06:10:46', '2018-10-16 06:10:46'),
(1151, 4998, '2013-11-30', 10, '2018-10-16 06:10:46', '2018-10-16 06:10:46'),
(1152, 4893, '2013-12-31', 10, '2018-10-16 06:10:46', '2018-10-16 06:10:46'),
(1153, 2730, '2014-01-31', 10, '2018-10-16 06:10:46', '2018-10-16 06:10:46'),
(1154, 2020, '2014-02-28', 10, '2018-10-16 06:10:46', '2018-10-16 06:10:46'),
(1155, 4359, '2014-03-31', 10, '2018-10-16 06:10:46', '2018-10-16 06:10:46'),
(1156, 1758, '2014-04-30', 10, '2018-10-16 06:10:46', '2018-10-16 06:10:46'),
(1157, 806, '2014-05-31', 10, '2018-10-16 06:10:46', '2018-10-16 06:10:46'),
(1158, 442, '2014-06-30', 10, '2018-10-16 06:10:46', '2018-10-16 06:10:46'),
(1159, 1831, '2014-07-31', 10, '2018-10-16 06:10:46', '2018-10-16 06:10:46'),
(1160, 6886, '2014-08-31', 10, '2018-10-16 06:10:46', '2018-10-16 06:10:46'),
(1161, 5946, '2014-09-30', 10, '2018-10-16 06:10:46', '2018-10-16 06:10:46'),
(1162, 4156, '2014-10-31', 10, '2018-10-16 06:10:46', '2018-10-16 06:10:46'),
(1163, 3250, '2014-11-30', 10, '2018-10-16 06:10:46', '2018-10-16 06:10:46'),
(1164, 1353, '2014-12-31', 10, '2018-10-16 06:10:46', '2018-10-16 06:10:46'),
(1165, 0, '2015-01-31', 10, '2018-10-16 06:10:46', '2018-10-16 06:10:46'),
(1166, 0, '2015-02-28', 10, '2018-10-16 06:10:46', '2018-10-16 06:10:46'),
(1167, 232, '2015-03-31', 10, '2018-10-16 06:10:46', '2018-10-16 06:10:46'),
(1168, 0, '2015-04-30', 10, '2018-10-16 06:10:46', '2018-10-16 06:10:46'),
(1169, 0, '2015-05-31', 10, '2018-10-16 06:10:46', '2018-10-16 06:10:46'),
(1170, 0, '2015-06-30', 10, '2018-10-16 06:10:46', '2018-10-16 06:10:46'),
(1171, 0, '2015-07-31', 10, '2018-10-16 06:10:46', '2018-10-16 06:10:46'),
(1172, 0, '2015-08-31', 10, '2018-10-16 06:10:46', '2018-10-16 06:10:46'),
(1173, 0, '2015-09-30', 10, '2018-10-16 06:10:46', '2018-10-16 06:10:46'),
(1174, 0, '2015-10-31', 10, '2018-10-16 06:10:46', '2018-10-16 06:10:46'),
(1175, 0, '2015-11-30', 10, '2018-10-16 06:10:46', '2018-10-16 06:10:46'),
(1176, 0, '2015-12-31', 10, '2018-10-16 06:10:46', '2018-10-16 06:10:46'),
(1177, 0, '2016-01-31', 10, '2018-10-16 06:10:46', '2018-10-16 06:10:46'),
(1178, 0, '2016-02-29', 10, '2018-10-16 06:10:46', '2018-10-16 06:10:46'),
(1179, 0, '2016-03-31', 10, '2018-10-16 06:10:46', '2018-10-16 06:10:46'),
(1180, 0, '2016-04-30', 10, '2018-10-16 06:10:46', '2018-10-16 06:10:46'),
(1181, 0, '2016-05-31', 10, '2018-10-16 06:10:46', '2018-10-16 06:10:46'),
(1182, 0, '2016-06-30', 10, '2018-10-16 06:10:46', '2018-10-16 06:10:46'),
(1183, 0, '2016-07-31', 10, '2018-10-16 06:10:46', '2018-10-16 06:10:46'),
(1184, 0, '2016-08-31', 10, '2018-10-16 06:10:46', '2018-10-16 06:10:46'),
(1185, 13128, '2016-09-30', 10, '2018-10-16 06:10:46', '2018-10-16 06:10:46'),
(1186, 15452, '2016-10-31', 10, '2018-10-16 06:10:46', '2018-10-16 06:10:46'),
(1187, 5731, '2016-11-30', 10, '2018-10-16 06:10:46', '2018-10-16 06:10:46'),
(1188, 3789, '2016-12-31', 10, '2018-10-16 06:10:46', '2018-10-16 06:10:46'),
(1189, 417, '2017-01-31', 10, '2018-10-16 06:10:46', '2018-10-16 06:10:46'),
(1190, 162, '2017-02-28', 10, '2018-10-16 06:10:46', '2018-10-16 06:10:46'),
(1191, 226, '2017-03-31', 10, '2018-10-16 06:10:46', '2018-10-16 06:10:46'),
(1192, 6, '2017-04-30', 10, '2018-10-16 06:10:46', '2018-10-16 06:10:46'),
(1193, 81, '2017-05-31', 10, '2018-10-16 06:10:46', '2018-10-16 06:10:46'),
(1194, 206, '2017-06-30', 10, '2018-10-16 06:10:46', '2018-10-16 06:10:46'),
(1195, 889, '2017-07-31', 10, '2018-10-16 06:10:46', '2018-10-16 06:10:46'),
(1196, 1424, '2017-08-31', 10, '2018-10-16 06:10:46', '2018-10-16 06:10:46'),
(1197, 9653, '2017-09-30', 10, '2018-10-16 06:10:46', '2018-10-16 06:10:46'),
(1198, 4731, '2017-10-31', 10, '2018-10-16 06:10:46', '2018-10-16 06:10:46'),
(1199, 2710, '2017-11-30', 10, '2018-10-16 06:10:46', '2018-10-16 06:10:46'),
(1200, 0, '2017-12-31', 10, '2018-10-16 06:10:46', '2018-10-16 06:10:46'),
(1214, 1250, '2010-01-05', 1, NULL, NULL),
(1215, 345, '2011-02-06', 1, NULL, NULL),
(1216, 4567, '2012-03-09', 1, NULL, NULL),
(1217, 5371, '2013-04-10', 1, NULL, NULL),
(1218, 7029, '2014-05-12', 1, NULL, NULL),
(1219, 8688, '2012-01-09', 1, NULL, NULL),
(1220, 10346, '2016-01-10', 1, NULL, NULL);

-- --------------------------------------------------------

--
-- Estructura de tabla para la tabla `propiedades`
--

CREATE TABLE `propiedades` (
  `id` int(10) UNSIGNED NOT NULL,
  `material` varchar(255) COLLATE utf8mb4_unicode_ci NOT NULL,
  `unidad` varchar(255) COLLATE utf8mb4_unicode_ci DEFAULT NULL,
  `created_at` timestamp NULL DEFAULT NULL,
  `updated_at` timestamp NULL DEFAULT NULL
) ENGINE=InnoDB DEFAULT CHARSET=utf8mb4 COLLATE=utf8mb4_unicode_ci;

--
-- Volcado de datos para la tabla `propiedades`
--

INSERT INTO `propiedades` (`id`, `material`, `unidad`, `created_at`, `updated_at`) VALUES
(2, 'MOrg', '%', '2018-10-16 06:10:48', '2018-10-16 06:10:48'),
(3, 'K', 'me/100gm', '2018-10-16 06:10:48', '2018-10-16 06:10:48'),
(4, 'Ca', 'me/100gm', '2018-10-16 06:10:48', '2018-10-16 06:10:48'),
(5, 'Mg', 'me/100gm', '2018-10-16 06:10:48', '2018-10-16 06:10:48'),
(6, 'P', 'ppm', '2018-10-16 06:10:48', '2018-10-16 06:10:48'),
(7, 'Al', 'me/100gm', '2018-10-16 06:10:48', '2018-10-16 06:10:48'),
(9, 'Ph', NULL, '2018-11-29 06:20:49', '2018-11-29 06:20:49');

-- --------------------------------------------------------

--
-- Estructura de tabla para la tabla `users`
--

CREATE TABLE `users` (
  `id` int(10) UNSIGNED NOT NULL,
  `name` varchar(255) COLLATE utf8mb4_unicode_ci NOT NULL,
  `email` varchar(50) COLLATE utf8mb4_unicode_ci NOT NULL,
  `email_verified_at` timestamp NULL DEFAULT NULL,
  `password` varchar(255) COLLATE utf8mb4_unicode_ci NOT NULL,
  `tipo` enum('adm','usu') COLLATE utf8mb4_unicode_ci NOT NULL,
  `remember_token` varchar(100) COLLATE utf8mb4_unicode_ci DEFAULT NULL,
  `created_at` timestamp NULL DEFAULT NULL,
  `updated_at` timestamp NULL DEFAULT NULL
) ENGINE=InnoDB DEFAULT CHARSET=utf8mb4 COLLATE=utf8mb4_unicode_ci;

--
-- Volcado de datos para la tabla `users`
--

INSERT INTO `users` (`id`, `name`, `email`, `email_verified_at`, `password`, `tipo`, `remember_token`, `created_at`, `updated_at`) VALUES
(1, 'Alvaro Castaño Lopez', 'alvarocastano6@gmail.com', NULL, '$2y$10$EbkBCvep.EZVWijKu550huRbcWB2citj5dwyOw6BQDBWAIbdHV9HO', 'adm', 'jqUVFfmW8GeLGH8lKmi3fayvVKZfue4zwqdt5B4zoR3YAOOULfRlSS1cI7CQ', '2018-10-16 06:04:41', '2018-10-29 05:38:20'),
(2, 'Alvaro Castaño', 'alvaro.castanol@autonoma.edu.co', NULL, '$2y$10$3WZLq3/WcCuCAKdnYrXIseSya6HxCKgVYJk9oDa2vbPx/97vDECV.', 'usu', 'qb3Y6mw74V2HdVNEaEvzRRplsZI7mVzzC4AdpGC0hEBZ5qIW8jVBDPsl5iH0', '2018-10-16 06:05:01', '2018-10-16 06:05:01'),
(3, 'Yoshik', 'marques72@example.com', NULL, '$2y$10$exKX5zKfZhRHFyc9WexdaOJUpqw1IcvMykvXDhc6Vf/wn89L0E4aO', 'usu', 'VxcghiZqNj', '2018-10-16 06:10:45', '2018-10-29 05:37:13'),
(4, 'Willow', 'ppfeffer@example.org', NULL, '$2y$10$eqCCW4wo26Nj4BEg7xdSM.KEBOrASwVvPo8QrEdM7AzAeQZJtEPwi', 'usu', 'QLlnleXAD4', '2018-10-16 06:10:45', '2018-10-16 06:10:45'),
(5, 'Kellie', 'mazie20@example.net', NULL, '$2y$10$u6sYS7GkI9fwtGgoivAKpe3H98XLTv6pWe1TYM/m9WyVpQFJErOcW', 'adm', 'iilfK7RmLw', '2018-10-16 06:10:45', '2018-10-16 06:10:45'),
(6, 'Robyn Hood', 'pboyle@example.org', NULL, '$2y$10$ckIV1fPSm4PNjTrZNieW4OSslfX6lqGE/I21zI6deERmglAZAieP.', 'adm', 'Mnntj50FnU', '2018-10-16 06:10:46', '2018-11-04 05:16:19');

-- --------------------------------------------------------

--
-- Estructura de tabla para la tabla `variedades`
--

CREATE TABLE `variedades` (
  `id` int(10) UNSIGNED NOT NULL,
  `variedad` varchar(100) COLLATE utf8mb4_unicode_ci NOT NULL,
  `descripcion` text COLLATE utf8mb4_unicode_ci,
  `created_at` timestamp NULL DEFAULT NULL,
  `updated_at` timestamp NULL DEFAULT NULL
) ENGINE=InnoDB DEFAULT CHARSET=utf8mb4 COLLATE=utf8mb4_unicode_ci;

--
-- Volcado de datos para la tabla `variedades`
--

INSERT INTO `variedades` (`id`, `variedad`, `descripcion`, `created_at`, `updated_at`) VALUES
(1, 'Robusta', NULL, '2018-10-16 06:10:46', '2018-10-16 06:10:46'),
(2, 'Arabica', NULL, '2018-10-16 06:10:46', '2018-10-16 06:10:46'),
(3, 'Colombia', NULL, '2018-10-16 06:10:46', '2018-10-16 06:10:46'),
(4, 'Castillo', 'La mejor produccion', '2018-10-16 06:10:46', '2018-11-04 05:22:12');

--
-- Índices para tablas volcadas
--

--
-- Indices de la tabla `cultivos`
--
ALTER TABLE `cultivos`
  ADD PRIMARY KEY (`id`),
  ADD UNIQUE KEY `cultivos_cultivo_unique` (`cultivo`);

--
-- Indices de la tabla `cultivo_finca`
--
ALTER TABLE `cultivo_finca`
  ADD PRIMARY KEY (`id`),
  ADD KEY `cultivo_finca_finca_id_foreign` (`finca_id`),
  ADD KEY `cultivo_finca_cultivo_id_foreign` (`cultivo_id`);

--
-- Indices de la tabla `departamentos`
--
ALTER TABLE `departamentos`
  ADD PRIMARY KEY (`id`),
  ADD UNIQUE KEY `departamentos_codigo_unique` (`codigo`),
  ADD UNIQUE KEY `departamentos_departamento_unique` (`departamento`);

--
-- Indices de la tabla `estados_fisicos`
--
ALTER TABLE `estados_fisicos`
  ADD PRIMARY KEY (`id`),
  ADD KEY `estados_fisicos_lote_id_foreign` (`lote_id`);

--
-- Indices de la tabla `fincas`
--
ALTER TABLE `fincas`
  ADD PRIMARY KEY (`id`);

--
-- Indices de la tabla `finca_user`
--
ALTER TABLE `finca_user`
  ADD PRIMARY KEY (`id`),
  ADD KEY `finca_user_user_id_foreign` (`user_id`),
  ADD KEY `finca_user_finca_id_foreign` (`finca_id`);

--
-- Indices de la tabla `grupos_labores`
--
ALTER TABLE `grupos_labores`
  ADD PRIMARY KEY (`id`),
  ADD UNIQUE KEY `grupos_labores_nombre_unique` (`nombre`);

--
-- Indices de la tabla `insumos`
--
ALTER TABLE `insumos`
  ADD PRIMARY KEY (`id`),
  ADD KEY `insumos_lote_id_foreign` (`lote_id`),
  ADD KEY `insumos_grupo_labor_id_foreign` (`grupo_labor_id`);

--
-- Indices de la tabla `labores`
--
ALTER TABLE `labores`
  ADD PRIMARY KEY (`id`),
  ADD KEY `grupo_lote_grupo_labor_id_foreign` (`grupo_labor_id`),
  ADD KEY `grupo_lote_lote_id_foreign` (`lote_id`);

--
-- Indices de la tabla `lotes`
--
ALTER TABLE `lotes`
  ADD PRIMARY KEY (`id`),
  ADD UNIQUE KEY `lotes_codigo_unique` (`codigo`),
  ADD KEY `lotes_cultivo_id_foreign` (`cultivo_id`),
  ADD KEY `lotes_variedad_id_foreign` (`variedad_id`),
  ADD KEY `lotes_finca_id_foreign` (`finca_id`) USING BTREE;

--
-- Indices de la tabla `lote_propiedad`
--
ALTER TABLE `lote_propiedad`
  ADD PRIMARY KEY (`id`),
  ADD KEY `lote_propiedad_lote_id_foreign` (`lote_id`),
  ADD KEY `lote_propiedad_propiedad_id_foreign` (`propiedad_id`);

--
-- Indices de la tabla `migrations`
--
ALTER TABLE `migrations`
  ADD PRIMARY KEY (`id`);

--
-- Indices de la tabla `municipios`
--
ALTER TABLE `municipios`
  ADD PRIMARY KEY (`id`),
  ADD KEY `municipios_departamento_id_foreign` (`departamento_id`);

--
-- Indices de la tabla `password_resets`
--
ALTER TABLE `password_resets`
  ADD KEY `password_resets_email_index` (`email`);

--
-- Indices de la tabla `producciones`
--
ALTER TABLE `producciones`
  ADD PRIMARY KEY (`id`),
  ADD KEY `producciones_lote_id_foreign` (`lote_id`);

--
-- Indices de la tabla `propiedades`
--
ALTER TABLE `propiedades`
  ADD PRIMARY KEY (`id`);

--
-- Indices de la tabla `users`
--
ALTER TABLE `users`
  ADD PRIMARY KEY (`id`),
  ADD UNIQUE KEY `users_email_unique` (`email`);

--
-- Indices de la tabla `variedades`
--
ALTER TABLE `variedades`
  ADD PRIMARY KEY (`id`),
  ADD UNIQUE KEY `variedades_variedad_unique` (`variedad`);

--
-- AUTO_INCREMENT de las tablas volcadas
--

--
-- AUTO_INCREMENT de la tabla `cultivos`
--
ALTER TABLE `cultivos`
  MODIFY `id` int(10) UNSIGNED NOT NULL AUTO_INCREMENT, AUTO_INCREMENT=5;

--
-- AUTO_INCREMENT de la tabla `cultivo_finca`
--
ALTER TABLE `cultivo_finca`
  MODIFY `id` int(10) UNSIGNED NOT NULL AUTO_INCREMENT, AUTO_INCREMENT=2;

--
-- AUTO_INCREMENT de la tabla `departamentos`
--
ALTER TABLE `departamentos`
  MODIFY `id` int(10) UNSIGNED NOT NULL AUTO_INCREMENT, AUTO_INCREMENT=34;

--
-- AUTO_INCREMENT de la tabla `estados_fisicos`
--
ALTER TABLE `estados_fisicos`
  MODIFY `id` int(10) UNSIGNED NOT NULL AUTO_INCREMENT, AUTO_INCREMENT=111;

--
-- AUTO_INCREMENT de la tabla `fincas`
--
ALTER TABLE `fincas`
  MODIFY `id` int(10) UNSIGNED NOT NULL AUTO_INCREMENT, AUTO_INCREMENT=4;

--
-- AUTO_INCREMENT de la tabla `finca_user`
--
ALTER TABLE `finca_user`
  MODIFY `id` int(10) UNSIGNED NOT NULL AUTO_INCREMENT, AUTO_INCREMENT=7;

--
-- AUTO_INCREMENT de la tabla `grupos_labores`
--
ALTER TABLE `grupos_labores`
  MODIFY `id` int(10) UNSIGNED NOT NULL AUTO_INCREMENT, AUTO_INCREMENT=11;

--
-- AUTO_INCREMENT de la tabla `insumos`
--
ALTER TABLE `insumos`
  MODIFY `id` int(10) UNSIGNED NOT NULL AUTO_INCREMENT, AUTO_INCREMENT=9;

--
-- AUTO_INCREMENT de la tabla `labores`
--
ALTER TABLE `labores`
  MODIFY `id` int(10) UNSIGNED NOT NULL AUTO_INCREMENT, AUTO_INCREMENT=830;

--
-- AUTO_INCREMENT de la tabla `lotes`
--
ALTER TABLE `lotes`
  MODIFY `id` int(10) UNSIGNED NOT NULL AUTO_INCREMENT, AUTO_INCREMENT=11;

--
-- AUTO_INCREMENT de la tabla `lote_propiedad`
--
ALTER TABLE `lote_propiedad`
  MODIFY `id` int(10) UNSIGNED NOT NULL AUTO_INCREMENT, AUTO_INCREMENT=71;

--
-- AUTO_INCREMENT de la tabla `migrations`
--
ALTER TABLE `migrations`
  MODIFY `id` int(10) UNSIGNED NOT NULL AUTO_INCREMENT, AUTO_INCREMENT=21;

--
-- AUTO_INCREMENT de la tabla `municipios`
--
ALTER TABLE `municipios`
  MODIFY `id` int(10) UNSIGNED NOT NULL AUTO_INCREMENT, AUTO_INCREMENT=1121;

--
-- AUTO_INCREMENT de la tabla `producciones`
--
ALTER TABLE `producciones`
  MODIFY `id` int(10) UNSIGNED NOT NULL AUTO_INCREMENT, AUTO_INCREMENT=1221;

--
-- AUTO_INCREMENT de la tabla `propiedades`
--
ALTER TABLE `propiedades`
  MODIFY `id` int(10) UNSIGNED NOT NULL AUTO_INCREMENT, AUTO_INCREMENT=10;

--
-- AUTO_INCREMENT de la tabla `users`
--
ALTER TABLE `users`
  MODIFY `id` int(10) UNSIGNED NOT NULL AUTO_INCREMENT, AUTO_INCREMENT=7;

--
-- AUTO_INCREMENT de la tabla `variedades`
--
ALTER TABLE `variedades`
  MODIFY `id` int(10) UNSIGNED NOT NULL AUTO_INCREMENT, AUTO_INCREMENT=5;

--
-- Restricciones para tablas volcadas
--

--
-- Filtros para la tabla `cultivo_finca`
--
ALTER TABLE `cultivo_finca`
  ADD CONSTRAINT `cultivo_finca_cultivo_id_foreign` FOREIGN KEY (`cultivo_id`) REFERENCES `cultivos` (`id`) ON UPDATE CASCADE,
  ADD CONSTRAINT `cultivo_finca_finca_id_foreign` FOREIGN KEY (`finca_id`) REFERENCES `fincas` (`id`) ON UPDATE CASCADE;

--
-- Filtros para la tabla `estados_fisicos`
--
ALTER TABLE `estados_fisicos`
  ADD CONSTRAINT `estados_fisicos_lote_id_foreign` FOREIGN KEY (`lote_id`) REFERENCES `lotes` (`id`) ON DELETE CASCADE ON UPDATE CASCADE;

--
-- Filtros para la tabla `finca_user`
--
ALTER TABLE `finca_user`
  ADD CONSTRAINT `finca_user_finca_id_foreign` FOREIGN KEY (`finca_id`) REFERENCES `fincas` (`id`) ON DELETE CASCADE ON UPDATE CASCADE,
  ADD CONSTRAINT `finca_user_user_id_foreign` FOREIGN KEY (`user_id`) REFERENCES `users` (`id`) ON DELETE CASCADE ON UPDATE CASCADE;

--
-- Filtros para la tabla `insumos`
--
ALTER TABLE `insumos`
  ADD CONSTRAINT `insumos_grupo_labor_id_foreign` FOREIGN KEY (`grupo_labor_id`) REFERENCES `grupos_labores` (`id`),
  ADD CONSTRAINT `insumos_lote_id_foreign` FOREIGN KEY (`lote_id`) REFERENCES `lotes` (`id`) ON DELETE CASCADE ON UPDATE CASCADE;

--
-- Filtros para la tabla `labores`
--
ALTER TABLE `labores`
  ADD CONSTRAINT `grupo_lote_grupo_labor_id_foreign` FOREIGN KEY (`grupo_labor_id`) REFERENCES `grupos_labores` (`id`) ON DELETE CASCADE ON UPDATE CASCADE,
  ADD CONSTRAINT `grupo_lote_lote_id_foreign` FOREIGN KEY (`lote_id`) REFERENCES `lotes` (`id`) ON DELETE CASCADE ON UPDATE CASCADE;

--
-- Filtros para la tabla `lotes`
--
ALTER TABLE `lotes`
  ADD CONSTRAINT `lostes_finca_id_foreign` FOREIGN KEY (`finca_id`) REFERENCES `fincas` (`id`),
  ADD CONSTRAINT `lotes_cultivo_id_foreign` FOREIGN KEY (`cultivo_id`) REFERENCES `cultivos` (`id`) ON UPDATE SET NULL,
  ADD CONSTRAINT `lotes_variedad_id_foreign` FOREIGN KEY (`variedad_id`) REFERENCES `variedades` (`id`) ON DELETE SET NULL ON UPDATE SET NULL;

--
-- Filtros para la tabla `lote_propiedad`
--
ALTER TABLE `lote_propiedad`
  ADD CONSTRAINT `lote_propiedad_lote_id_foreign` FOREIGN KEY (`lote_id`) REFERENCES `lotes` (`id`) ON DELETE CASCADE ON UPDATE CASCADE,
  ADD CONSTRAINT `lote_propiedad_propiedad_id_foreign` FOREIGN KEY (`propiedad_id`) REFERENCES `propiedades` (`id`) ON DELETE CASCADE ON UPDATE CASCADE;

--
-- Filtros para la tabla `municipios`
--
ALTER TABLE `municipios`
  ADD CONSTRAINT `municipios_departamento_id_foreign` FOREIGN KEY (`departamento_id`) REFERENCES `departamentos` (`id`) ON DELETE CASCADE ON UPDATE CASCADE;

--
-- Filtros para la tabla `producciones`
--
ALTER TABLE `producciones`
  ADD CONSTRAINT `producciones_lote_id_foreign` FOREIGN KEY (`lote_id`) REFERENCES `lotes` (`id`) ON DELETE CASCADE ON UPDATE CASCADE;
--
-- Base de datos: `phpmyadmin`
--
CREATE DATABASE IF NOT EXISTS `phpmyadmin` DEFAULT CHARACTER SET utf8 COLLATE utf8_bin;
USE `phpmyadmin`;

-- --------------------------------------------------------

--
-- Estructura de tabla para la tabla `pma__bookmark`
--

CREATE TABLE `pma__bookmark` (
  `id` int(11) NOT NULL,
  `dbase` varchar(255) COLLATE utf8_bin NOT NULL DEFAULT '',
  `user` varchar(255) COLLATE utf8_bin NOT NULL DEFAULT '',
  `label` varchar(255) CHARACTER SET utf8 NOT NULL DEFAULT '',
  `query` text COLLATE utf8_bin NOT NULL
) ENGINE=InnoDB DEFAULT CHARSET=utf8 COLLATE=utf8_bin COMMENT='Bookmarks';

-- --------------------------------------------------------

--
-- Estructura de tabla para la tabla `pma__central_columns`
--

CREATE TABLE `pma__central_columns` (
  `db_name` varchar(64) COLLATE utf8_bin NOT NULL,
  `col_name` varchar(64) COLLATE utf8_bin NOT NULL,
  `col_type` varchar(64) COLLATE utf8_bin NOT NULL,
  `col_length` text COLLATE utf8_bin,
  `col_collation` varchar(64) COLLATE utf8_bin NOT NULL,
  `col_isNull` tinyint(1) NOT NULL,
  `col_extra` varchar(255) COLLATE utf8_bin DEFAULT '',
  `col_default` text COLLATE utf8_bin
) ENGINE=InnoDB DEFAULT CHARSET=utf8 COLLATE=utf8_bin COMMENT='Central list of columns';

-- --------------------------------------------------------

--
-- Estructura de tabla para la tabla `pma__column_info`
--

CREATE TABLE `pma__column_info` (
  `id` int(5) UNSIGNED NOT NULL,
  `db_name` varchar(64) COLLATE utf8_bin NOT NULL DEFAULT '',
  `table_name` varchar(64) COLLATE utf8_bin NOT NULL DEFAULT '',
  `column_name` varchar(64) COLLATE utf8_bin NOT NULL DEFAULT '',
  `comment` varchar(255) CHARACTER SET utf8 NOT NULL DEFAULT '',
  `mimetype` varchar(255) CHARACTER SET utf8 NOT NULL DEFAULT '',
  `transformation` varchar(255) COLLATE utf8_bin NOT NULL DEFAULT '',
  `transformation_options` varchar(255) COLLATE utf8_bin NOT NULL DEFAULT '',
  `input_transformation` varchar(255) COLLATE utf8_bin NOT NULL DEFAULT '',
  `input_transformation_options` varchar(255) COLLATE utf8_bin NOT NULL DEFAULT ''
) ENGINE=InnoDB DEFAULT CHARSET=utf8 COLLATE=utf8_bin COMMENT='Column information for phpMyAdmin';

-- --------------------------------------------------------

--
-- Estructura de tabla para la tabla `pma__designer_settings`
--

CREATE TABLE `pma__designer_settings` (
  `username` varchar(64) COLLATE utf8_bin NOT NULL,
  `settings_data` text COLLATE utf8_bin NOT NULL
) ENGINE=InnoDB DEFAULT CHARSET=utf8 COLLATE=utf8_bin COMMENT='Settings related to Designer';

-- --------------------------------------------------------

--
-- Estructura de tabla para la tabla `pma__export_templates`
--

CREATE TABLE `pma__export_templates` (
  `id` int(5) UNSIGNED NOT NULL,
  `username` varchar(64) COLLATE utf8_bin NOT NULL,
  `export_type` varchar(10) COLLATE utf8_bin NOT NULL,
  `template_name` varchar(64) COLLATE utf8_bin NOT NULL,
  `template_data` text COLLATE utf8_bin NOT NULL
) ENGINE=InnoDB DEFAULT CHARSET=utf8 COLLATE=utf8_bin COMMENT='Saved export templates';

-- --------------------------------------------------------

--
-- Estructura de tabla para la tabla `pma__favorite`
--

CREATE TABLE `pma__favorite` (
  `username` varchar(64) COLLATE utf8_bin NOT NULL,
  `tables` text COLLATE utf8_bin NOT NULL
) ENGINE=InnoDB DEFAULT CHARSET=utf8 COLLATE=utf8_bin COMMENT='Favorite tables';

-- --------------------------------------------------------

--
-- Estructura de tabla para la tabla `pma__history`
--

CREATE TABLE `pma__history` (
  `id` bigint(20) UNSIGNED NOT NULL,
  `username` varchar(64) COLLATE utf8_bin NOT NULL DEFAULT '',
  `db` varchar(64) COLLATE utf8_bin NOT NULL DEFAULT '',
  `table` varchar(64) COLLATE utf8_bin NOT NULL DEFAULT '',
  `timevalue` timestamp NOT NULL DEFAULT CURRENT_TIMESTAMP,
  `sqlquery` text COLLATE utf8_bin NOT NULL
) ENGINE=InnoDB DEFAULT CHARSET=utf8 COLLATE=utf8_bin COMMENT='SQL history for phpMyAdmin';

-- --------------------------------------------------------

--
-- Estructura de tabla para la tabla `pma__navigationhiding`
--

CREATE TABLE `pma__navigationhiding` (
  `username` varchar(64) COLLATE utf8_bin NOT NULL,
  `item_name` varchar(64) COLLATE utf8_bin NOT NULL,
  `item_type` varchar(64) COLLATE utf8_bin NOT NULL,
  `db_name` varchar(64) COLLATE utf8_bin NOT NULL,
  `table_name` varchar(64) COLLATE utf8_bin NOT NULL
) ENGINE=InnoDB DEFAULT CHARSET=utf8 COLLATE=utf8_bin COMMENT='Hidden items of navigation tree';

-- --------------------------------------------------------

--
-- Estructura de tabla para la tabla `pma__pdf_pages`
--

CREATE TABLE `pma__pdf_pages` (
  `db_name` varchar(64) COLLATE utf8_bin NOT NULL DEFAULT '',
  `page_nr` int(10) UNSIGNED NOT NULL,
  `page_descr` varchar(50) CHARACTER SET utf8 NOT NULL DEFAULT ''
) ENGINE=InnoDB DEFAULT CHARSET=utf8 COLLATE=utf8_bin COMMENT='PDF relation pages for phpMyAdmin';

-- --------------------------------------------------------

--
-- Estructura de tabla para la tabla `pma__recent`
--

CREATE TABLE `pma__recent` (
  `username` varchar(64) COLLATE utf8_bin NOT NULL,
  `tables` text COLLATE utf8_bin NOT NULL
) ENGINE=InnoDB DEFAULT CHARSET=utf8 COLLATE=utf8_bin COMMENT='Recently accessed tables';

-- --------------------------------------------------------

--
-- Estructura de tabla para la tabla `pma__relation`
--

CREATE TABLE `pma__relation` (
  `master_db` varchar(64) COLLATE utf8_bin NOT NULL DEFAULT '',
  `master_table` varchar(64) COLLATE utf8_bin NOT NULL DEFAULT '',
  `master_field` varchar(64) COLLATE utf8_bin NOT NULL DEFAULT '',
  `foreign_db` varchar(64) COLLATE utf8_bin NOT NULL DEFAULT '',
  `foreign_table` varchar(64) COLLATE utf8_bin NOT NULL DEFAULT '',
  `foreign_field` varchar(64) COLLATE utf8_bin NOT NULL DEFAULT ''
) ENGINE=InnoDB DEFAULT CHARSET=utf8 COLLATE=utf8_bin COMMENT='Relation table';

-- --------------------------------------------------------

--
-- Estructura de tabla para la tabla `pma__savedsearches`
--

CREATE TABLE `pma__savedsearches` (
  `id` int(5) UNSIGNED NOT NULL,
  `username` varchar(64) COLLATE utf8_bin NOT NULL DEFAULT '',
  `db_name` varchar(64) COLLATE utf8_bin NOT NULL DEFAULT '',
  `search_name` varchar(64) COLLATE utf8_bin NOT NULL DEFAULT '',
  `search_data` text COLLATE utf8_bin NOT NULL
) ENGINE=InnoDB DEFAULT CHARSET=utf8 COLLATE=utf8_bin COMMENT='Saved searches';

-- --------------------------------------------------------

--
-- Estructura de tabla para la tabla `pma__table_coords`
--

CREATE TABLE `pma__table_coords` (
  `db_name` varchar(64) COLLATE utf8_bin NOT NULL DEFAULT '',
  `table_name` varchar(64) COLLATE utf8_bin NOT NULL DEFAULT '',
  `pdf_page_number` int(11) NOT NULL DEFAULT '0',
  `x` float UNSIGNED NOT NULL DEFAULT '0',
  `y` float UNSIGNED NOT NULL DEFAULT '0'
) ENGINE=InnoDB DEFAULT CHARSET=utf8 COLLATE=utf8_bin COMMENT='Table coordinates for phpMyAdmin PDF output';

-- --------------------------------------------------------

--
-- Estructura de tabla para la tabla `pma__table_info`
--

CREATE TABLE `pma__table_info` (
  `db_name` varchar(64) COLLATE utf8_bin NOT NULL DEFAULT '',
  `table_name` varchar(64) COLLATE utf8_bin NOT NULL DEFAULT '',
  `display_field` varchar(64) COLLATE utf8_bin NOT NULL DEFAULT ''
) ENGINE=InnoDB DEFAULT CHARSET=utf8 COLLATE=utf8_bin COMMENT='Table information for phpMyAdmin';

--
-- Volcado de datos para la tabla `pma__table_info`
--

INSERT INTO `pma__table_info` (`db_name`, `table_name`, `display_field`) VALUES
('historialdb', 'insumos', 'descripcion');

-- --------------------------------------------------------

--
-- Estructura de tabla para la tabla `pma__table_uiprefs`
--

CREATE TABLE `pma__table_uiprefs` (
  `username` varchar(64) COLLATE utf8_bin NOT NULL,
  `db_name` varchar(64) COLLATE utf8_bin NOT NULL,
  `table_name` varchar(64) COLLATE utf8_bin NOT NULL,
  `prefs` text COLLATE utf8_bin NOT NULL,
  `last_update` timestamp NOT NULL DEFAULT CURRENT_TIMESTAMP ON UPDATE CURRENT_TIMESTAMP
) ENGINE=InnoDB DEFAULT CHARSET=utf8 COLLATE=utf8_bin COMMENT='Tables'' UI preferences';

--
-- Volcado de datos para la tabla `pma__table_uiprefs`
--

INSERT INTO `pma__table_uiprefs` (`username`, `db_name`, `table_name`, `prefs`, `last_update`) VALUES
('root', 'historialdb', 'grupo_lote', '{\"sorted_col\":\"`grupo_lote`.`id` ASC\"}', '2018-10-27 07:14:38'),
('root', 'historialdb', 'labores', '[]', '2018-10-29 06:58:24'),
('root', 'historialdb', 'lote_propiedad', '{\"sorted_col\":\"`lote_propiedad`.`propiedad_id`  DESC\"}', '2018-11-27 08:15:44'),
('root', 'historialdb', 'municipios', '{\"sorted_col\":\"`municipios`.`municipio` ASC\"}', '2018-11-14 05:03:35'),
('root', 'historialdb', 'producciones', '{\"sorted_col\":\"`id`  ASC\"}', '2018-11-27 07:20:25');

-- --------------------------------------------------------

--
-- Estructura de tabla para la tabla `pma__tracking`
--

CREATE TABLE `pma__tracking` (
  `db_name` varchar(64) COLLATE utf8_bin NOT NULL,
  `table_name` varchar(64) COLLATE utf8_bin NOT NULL,
  `version` int(10) UNSIGNED NOT NULL,
  `date_created` datetime NOT NULL,
  `date_updated` datetime NOT NULL,
  `schema_snapshot` text COLLATE utf8_bin NOT NULL,
  `schema_sql` text COLLATE utf8_bin,
  `data_sql` longtext COLLATE utf8_bin,
  `tracking` set('UPDATE','REPLACE','INSERT','DELETE','TRUNCATE','CREATE DATABASE','ALTER DATABASE','DROP DATABASE','CREATE TABLE','ALTER TABLE','RENAME TABLE','DROP TABLE','CREATE INDEX','DROP INDEX','CREATE VIEW','ALTER VIEW','DROP VIEW') COLLATE utf8_bin DEFAULT NULL,
  `tracking_active` int(1) UNSIGNED NOT NULL DEFAULT '1'
) ENGINE=InnoDB DEFAULT CHARSET=utf8 COLLATE=utf8_bin COMMENT='Database changes tracking for phpMyAdmin';

-- --------------------------------------------------------

--
-- Estructura de tabla para la tabla `pma__userconfig`
--

CREATE TABLE `pma__userconfig` (
  `username` varchar(64) COLLATE utf8_bin NOT NULL,
  `timevalue` timestamp NOT NULL DEFAULT CURRENT_TIMESTAMP ON UPDATE CURRENT_TIMESTAMP,
  `config_data` text COLLATE utf8_bin NOT NULL
) ENGINE=InnoDB DEFAULT CHARSET=utf8 COLLATE=utf8_bin COMMENT='User preferences storage for phpMyAdmin';

--
-- Volcado de datos para la tabla `pma__userconfig`
--

INSERT INTO `pma__userconfig` (`username`, `timevalue`, `config_data`) VALUES
('root', '2020-03-14 00:05:33', '{\"lang\":\"es\",\"Console\\/Mode\":\"collapse\"}');

-- --------------------------------------------------------

--
-- Estructura de tabla para la tabla `pma__usergroups`
--

CREATE TABLE `pma__usergroups` (
  `usergroup` varchar(64) COLLATE utf8_bin NOT NULL,
  `tab` varchar(64) COLLATE utf8_bin NOT NULL,
  `allowed` enum('Y','N') COLLATE utf8_bin NOT NULL DEFAULT 'N'
) ENGINE=InnoDB DEFAULT CHARSET=utf8 COLLATE=utf8_bin COMMENT='User groups with configured menu items';

-- --------------------------------------------------------

--
-- Estructura de tabla para la tabla `pma__users`
--

CREATE TABLE `pma__users` (
  `username` varchar(64) COLLATE utf8_bin NOT NULL,
  `usergroup` varchar(64) COLLATE utf8_bin NOT NULL
) ENGINE=InnoDB DEFAULT CHARSET=utf8 COLLATE=utf8_bin COMMENT='Users and their assignments to user groups';

--
-- Índices para tablas volcadas
--

--
-- Indices de la tabla `pma__bookmark`
--
ALTER TABLE `pma__bookmark`
  ADD PRIMARY KEY (`id`);

--
-- Indices de la tabla `pma__central_columns`
--
ALTER TABLE `pma__central_columns`
  ADD PRIMARY KEY (`db_name`,`col_name`);

--
-- Indices de la tabla `pma__column_info`
--
ALTER TABLE `pma__column_info`
  ADD PRIMARY KEY (`id`),
  ADD UNIQUE KEY `db_name` (`db_name`,`table_name`,`column_name`);

--
-- Indices de la tabla `pma__designer_settings`
--
ALTER TABLE `pma__designer_settings`
  ADD PRIMARY KEY (`username`);

--
-- Indices de la tabla `pma__export_templates`
--
ALTER TABLE `pma__export_templates`
  ADD PRIMARY KEY (`id`),
  ADD UNIQUE KEY `u_user_type_template` (`username`,`export_type`,`template_name`);

--
-- Indices de la tabla `pma__favorite`
--
ALTER TABLE `pma__favorite`
  ADD PRIMARY KEY (`username`);

--
-- Indices de la tabla `pma__history`
--
ALTER TABLE `pma__history`
  ADD PRIMARY KEY (`id`),
  ADD KEY `username` (`username`,`db`,`table`,`timevalue`);

--
-- Indices de la tabla `pma__navigationhiding`
--
ALTER TABLE `pma__navigationhiding`
  ADD PRIMARY KEY (`username`,`item_name`,`item_type`,`db_name`,`table_name`);

--
-- Indices de la tabla `pma__pdf_pages`
--
ALTER TABLE `pma__pdf_pages`
  ADD PRIMARY KEY (`page_nr`),
  ADD KEY `db_name` (`db_name`);

--
-- Indices de la tabla `pma__recent`
--
ALTER TABLE `pma__recent`
  ADD PRIMARY KEY (`username`);

--
-- Indices de la tabla `pma__relation`
--
ALTER TABLE `pma__relation`
  ADD PRIMARY KEY (`master_db`,`master_table`,`master_field`),
  ADD KEY `foreign_field` (`foreign_db`,`foreign_table`);

--
-- Indices de la tabla `pma__savedsearches`
--
ALTER TABLE `pma__savedsearches`
  ADD PRIMARY KEY (`id`),
  ADD UNIQUE KEY `u_savedsearches_username_dbname` (`username`,`db_name`,`search_name`);

--
-- Indices de la tabla `pma__table_coords`
--
ALTER TABLE `pma__table_coords`
  ADD PRIMARY KEY (`db_name`,`table_name`,`pdf_page_number`);

--
-- Indices de la tabla `pma__table_info`
--
ALTER TABLE `pma__table_info`
  ADD PRIMARY KEY (`db_name`,`table_name`);

--
-- Indices de la tabla `pma__table_uiprefs`
--
ALTER TABLE `pma__table_uiprefs`
  ADD PRIMARY KEY (`username`,`db_name`,`table_name`);

--
-- Indices de la tabla `pma__tracking`
--
ALTER TABLE `pma__tracking`
  ADD PRIMARY KEY (`db_name`,`table_name`,`version`);

--
-- Indices de la tabla `pma__userconfig`
--
ALTER TABLE `pma__userconfig`
  ADD PRIMARY KEY (`username`);

--
-- Indices de la tabla `pma__usergroups`
--
ALTER TABLE `pma__usergroups`
  ADD PRIMARY KEY (`usergroup`,`tab`,`allowed`);

--
-- Indices de la tabla `pma__users`
--
ALTER TABLE `pma__users`
  ADD PRIMARY KEY (`username`,`usergroup`);

--
-- AUTO_INCREMENT de las tablas volcadas
--

--
-- AUTO_INCREMENT de la tabla `pma__bookmark`
--
ALTER TABLE `pma__bookmark`
  MODIFY `id` int(11) NOT NULL AUTO_INCREMENT;

--
-- AUTO_INCREMENT de la tabla `pma__column_info`
--
ALTER TABLE `pma__column_info`
  MODIFY `id` int(5) UNSIGNED NOT NULL AUTO_INCREMENT;

--
-- AUTO_INCREMENT de la tabla `pma__export_templates`
--
ALTER TABLE `pma__export_templates`
  MODIFY `id` int(5) UNSIGNED NOT NULL AUTO_INCREMENT;

--
-- AUTO_INCREMENT de la tabla `pma__history`
--
ALTER TABLE `pma__history`
  MODIFY `id` bigint(20) UNSIGNED NOT NULL AUTO_INCREMENT;

--
-- AUTO_INCREMENT de la tabla `pma__pdf_pages`
--
ALTER TABLE `pma__pdf_pages`
  MODIFY `page_nr` int(10) UNSIGNED NOT NULL AUTO_INCREMENT;

--
-- AUTO_INCREMENT de la tabla `pma__savedsearches`
--
ALTER TABLE `pma__savedsearches`
  MODIFY `id` int(5) UNSIGNED NOT NULL AUTO_INCREMENT;
--
-- Base de datos: `prueba2`
--
CREATE DATABASE IF NOT EXISTS `prueba2` DEFAULT CHARACTER SET utf8mb4 COLLATE utf8mb4_unicode_ci;
USE `prueba2`;

-- --------------------------------------------------------

--
-- Estructura de tabla para la tabla `migrations`
--

CREATE TABLE `migrations` (
  `id` int(10) UNSIGNED NOT NULL,
  `migration` varchar(255) COLLATE utf8mb4_unicode_ci NOT NULL,
  `batch` int(11) NOT NULL
) ENGINE=InnoDB DEFAULT CHARSET=utf8mb4 COLLATE=utf8mb4_unicode_ci;

--
-- Volcado de datos para la tabla `migrations`
--

INSERT INTO `migrations` (`id`, `migration`, `batch`) VALUES
(1, '2014_10_12_000000_create_users_table', 1),
(2, '2014_10_12_100000_create_password_resets_table', 1);

-- --------------------------------------------------------

--
-- Estructura de tabla para la tabla `password_resets`
--

CREATE TABLE `password_resets` (
  `email` varchar(50) COLLATE utf8mb4_unicode_ci NOT NULL,
  `token` varchar(255) COLLATE utf8mb4_unicode_ci NOT NULL,
  `created_at` timestamp NULL DEFAULT NULL
) ENGINE=InnoDB DEFAULT CHARSET=utf8mb4 COLLATE=utf8mb4_unicode_ci;

-- --------------------------------------------------------

--
-- Estructura de tabla para la tabla `users`
--

CREATE TABLE `users` (
  `id` bigint(20) UNSIGNED NOT NULL,
  `name` varchar(255) COLLATE utf8mb4_unicode_ci NOT NULL,
  `email` varchar(50) COLLATE utf8mb4_unicode_ci NOT NULL,
  `email_verified_at` timestamp NULL DEFAULT NULL,
  `password` varchar(255) COLLATE utf8mb4_unicode_ci NOT NULL,
  `remember_token` varchar(100) COLLATE utf8mb4_unicode_ci DEFAULT NULL,
  `created_at` timestamp NULL DEFAULT NULL,
  `updated_at` timestamp NULL DEFAULT NULL
) ENGINE=InnoDB DEFAULT CHARSET=utf8mb4 COLLATE=utf8mb4_unicode_ci;

--
-- Índices para tablas volcadas
--

--
-- Indices de la tabla `migrations`
--
ALTER TABLE `migrations`
  ADD PRIMARY KEY (`id`);

--
-- Indices de la tabla `password_resets`
--
ALTER TABLE `password_resets`
  ADD KEY `password_resets_email_index` (`email`);

--
-- Indices de la tabla `users`
--
ALTER TABLE `users`
  ADD PRIMARY KEY (`id`),
  ADD UNIQUE KEY `users_email_unique` (`email`);

--
-- AUTO_INCREMENT de las tablas volcadas
--

--
-- AUTO_INCREMENT de la tabla `migrations`
--
ALTER TABLE `migrations`
  MODIFY `id` int(10) UNSIGNED NOT NULL AUTO_INCREMENT, AUTO_INCREMENT=3;

--
-- AUTO_INCREMENT de la tabla `users`
--
ALTER TABLE `users`
  MODIFY `id` bigint(20) UNSIGNED NOT NULL AUTO_INCREMENT;
--
-- Base de datos: `test`
--
CREATE DATABASE IF NOT EXISTS `test` DEFAULT CHARACTER SET latin1 COLLATE latin1_swedish_ci;
USE `test`;
COMMIT;

/*!40101 SET CHARACTER_SET_CLIENT=@OLD_CHARACTER_SET_CLIENT */;
/*!40101 SET CHARACTER_SET_RESULTS=@OLD_CHARACTER_SET_RESULTS */;
/*!40101 SET COLLATION_CONNECTION=@OLD_COLLATION_CONNECTION */;
